Date,Open,High,Low,Close,Volume
2016-01-04,168.6060448318298,169.06016289116468,167.0081944650401,169.0517578125,222353500
2016-01-05,169.3713254091288,169.79181034096098,168.23602379249098,169.3376922607422,110845800
2016-01-06,166.7979853204654,168.24445473490096,166.17567573828563,167.20166015625,152112600
2016-01-07,164.26659510116357,166.04104148766191,162.8033033633864,163.19015502929688,213436100
2016-01-08,164.14890067657436,164.70394383566386,161.11299912311821,161.39892578125,209817200
2016-01-11,162.31556821009647,162.65196381226903,159.63288546378357,161.55870056152344,187941300
2016-01-12,162.99680192411364,163.61070639481204,160.74299578460875,162.86224365234375,172330500
2016-01-13,163.52658520860956,163.87138592776626,158.42190487802935,158.8003387451172,221168900
2016-01-14,159.40586404289417,162.52585551726517,157.81643127635823,161.40736389160156,240795600
2016-01-15,157.06794763263426,158.7414694764647,156.01673528563242,157.9425506591797,324846400
2016-01-19,159.7506058262848,159.87674614522953,156.58855162149578,158.1527557373047,195244400
2016-01-20,155.60471646924438,157.68191390837228,152.2324305567113,156.12611389160156,286547800
2016-01-21,156.59697899195075,158.83394872018695,155.27665035705797,157.00064086914062,195772900
2016-01-22,159.5992505927897,160.4233974191434,158.84238289155195,160.22157287597656,168319600
2016-01-25,159.71698596011285,159.91040542483697,157.60615634093995,157.79957580566406,130371700
2016-01-26,158.45557374176562,160.2300210433145,158.11919085790737,159.95249938964844,141036800
2016-01-27,159.43108907549262,161.09620602958827,157.3118411497996,158.21168518066406,185681700
2016-01-28,159.75061124442632,159.952435761583,157.39589349755695,159.03578186035156,143798800
2016-01-29,159.80113309627245,163.04727801479393,159.6833978021161,162.9127197265625,210529300
2016-02-01,161.91190825024958,163.63589883942228,161.33163705774058,162.85379028320312,136061600
2016-02-02,161.43258688019307,161.44099195956736,159.3974284395795,159.91883850097656,182564900
2016-02-03,160.97000961954572,161.2811642950244,157.3454323498448,160.87750244140625,205054900
2016-02-04,160.38135915486075,162.09693193226437,159.75063179325662,161.12982177734375,139531800
2016-02-05,160.61681210334902,161.1886653558561,157.42952966541228,158.0602569580078,180788300
2016-02-08,156.22699232255783,156.5213241078544,153.7293105266084,155.93264770507812,191526700
2016-02-09,154.2002692220299,157.21094354754484,154.06571093400825,155.94107055664062,184513100
2016-02-10,156.76516244952273,158.38822778615378,155.68030436716083,155.80645751953125,148214100
2016-02-11,153.34241627195277,154.82253119760546,152.29120411779243,153.77972412109375,219058900
2016-02-12,155.54582267609098,156.9670512503249,154.70485264457105,156.9502410888672,127632400
2016-02-16,158.74985313176506,159.62445596958304,157.79114819146227,159.59922790527344,120250700
2016-02-17,160.75981426882714,162.57631239023576,160.63366108051162,162.20628356933594,136009500
2016-02-18,162.47537771176306,162.53425176261555,161.23074588649382,161.54190063476562,102343000
2016-02-19,160.76819530757712,161.61757018695062,160.1626960243193,161.46620178222656,114793000
2016-02-22,163.03885239167502,163.94710154600978,162.9715732507409,163.80413818359375,103640300
2016-02-23,163.14812878315922,163.41724525812413,161.6175577042008,161.7353057861328,111455300
2016-02-24,160.31410153035105,162.75290918942966,159.21243297748072,162.4753875732422,150812200
2016-02-25,162.92111417848423,164.4516857348463,162.16424631288385,164.44326782226562,110728300
2016-02-26,165.30947943673962,165.40197381805424,163.90504824121246,164.06483459472656,129833700
2016-02-29,164.08162778086034,165.02350990560976,162.5847024759486,162.7781219482422,125918100
2016-03-01,163.99755632872777,166.68867061495902,163.52661517829247,166.6045684814453,141799700
2016-03-02,166.2933794558025,167.4034529630207,165.8812996179015,167.35299682617188,102415000
2016-03-03,167.17640731481302,168.0257951596379,166.6045539198895,168.00897216796875,95172200
2016-03-04,168.20235150334435,169.32926069685254,167.3782047588692,168.55555725097656,129293600
2016-03-07,167.6389426177296,169.0938298345103,167.56325840382064,168.69015502929688,100219000
2016-03-08,167.62209211288447,168.12666624967974,166.6886152028066,166.848388671875,123974900
2016-03-09,167.6557844283904,168.017395379112,166.873675633659,167.672607421875,94801200
2016-03-10,168.16034755805737,169.09382466427428,165.9906436670618,167.80712890625,156838700
2016-03-11,169.25357522291893,170.5570809631396,167.79029600171765,170.51502990722656,137964500
2016-03-14,170.01047529591776,170.7505200699857,169.6824975535446,170.29640197753906,73612000
2016-03-15,169.33763079773817,170.32156364123412,169.07693228777478,170.01881408691406,93169100
2016-03-16,169.53945263772738,171.40640591361088,169.49740159720864,171.0027313232422,129303200
2016-03-17,170.91869902861794,172.59222064220828,170.5234422139494,172.087646484375,134278500
2016-03-18,172.58641104437726,173.1020490765055,172.27365143252433,172.76393127441406,138372400
2016-03-21,172.50185659245642,173.2372697720266,172.2736200235548,173.009033203125,72926700
2016-03-22,172.23979777406544,173.4824004429276,172.07920023384244,172.91604614257812,97471900
2016-03-23,172.53568908181504,172.72165773645887,171.605845808596,171.77491760253906,81052500
2016-03-24,170.75205158300176,171.7326110144323,170.53227635803864,171.69879150390625,84360900
2016-03-28,172.1130373151868,172.32436416160795,171.35226582741745,171.80027770996094,62408200
2016-03-29,171.39447884002064,173.49929835753773,171.09016773987798,173.389404296875,92922900
2016-03-30,174.386938362037,174.86875692583024,173.78676436680576,174.15025329589844,86365300
2016-03-31,174.0572389294983,174.47989260303018,173.56695912039737,173.72756958007812,94584100
2016-04-01,172.7385170911329,175.0969183074102,172.42574468229753,174.91094970703125,114423500
2016-04-04,174.83494540729757,175.03782384332382,174.04035432248855,174.34466552734375,63497000
2016-04-05,173.0090764892545,174.35311225659098,172.3497377015661,172.60333251953125,99662200
2016-04-06,172.60332559316583,174.54753525505535,172.42580535820343,174.4883575439453,91839800
2016-04-07,173.40636958830012,173.7613971691095,171.67348673801288,172.40045166015625,113859000
2016-04-08,173.5754268590138,174.00654190892814,172.33282388873346,172.86537170410156,95040600
2016-04-11,173.49934977007484,174.19250805294283,172.36664091103316,172.45962524414062,83757500
2016-04-12,172.62869942795527,174.34467262850205,172.18913591451224,174.0657196044922,115350600
2016-04-13,174.9785911119901,175.90843419511936,174.84333886383234,175.8238983154297,96336400
2016-04-14,175.88309621601945,176.33110805344006,175.4858007528931,175.83236694335938,65212900
2016-04-15,175.83235650917135,175.96760876484055,175.3167185705019,175.637939453125,75761600
2016-04-18,175.6379162149449,176.90587692276193,174.97857767874913,176.8720703125,82531000
2016-04-19,177.29473806676094,177.68357215851785,176.61848972214727,177.4299774169922,88316100
2016-04-20,177.47224098298489,178.29218998463625,176.99887102293133,177.5990447998047,81100300
2016-04-21,177.6159733995986,177.72586748080948,176.37337058320233,176.6438751220703,85695000
2016-04-22,176.28884758858086,176.91436676257194,175.74785140921125,176.6438751220703,99251700
2016-04-25,176.0436911229163,176.38182177707313,175.43506884379957,176.3395538330078,66166500
2016-04-26,176.7030715649979,177.1088284459457,176.12826866454157,176.6016387939453,75864200
2016-04-27,176.2212589252952,177.3539679013381,175.8662313163132,176.9651336669922,77329400
2016-04-28,176.21282347459982,177.31171300786156,174.94486210695626,175.3590545654297,97216200
2016-04-29,174.7419313037964,175.08851040274934,173.313359860416,174.41226196289062,142424100
2016-05-02,174.91099343793363,175.97607604409657,174.47989133746998,175.79856872558594,62188000
2016-05-03,174.57285054359738,174.80953553313523,173.52466494824083,174.26853942871094,106422100
2016-05-04,173.27955089445425,174.00651570023666,172.79771953438598,173.29644775390625,92243800
2016-05-05,173.76137777983067,174.11640532102402,172.839995858755,173.2626495361328,67619200
2016-05-06,172.49343873828653,173.9389201744794,172.34128958624953,173.8966522216797,89315000
2016-05-09,173.76988304110208,174.47147697236468,173.59236277644115,174.04037475585938,74374900
2016-05-10,174.74195220828219,176.22124020440603,174.67432606636953,176.20433044433594,77472200
2016-05-11,175.747840344403,176.28037516192643,174.5559539794922,174.5559539794922,81727000
2016-05-12,175.2237755385305,175.39284734713166,173.60078678323023,174.60670471191406,89586300
2016-05-13,174.31080402981107,174.86024855249067,172.76389030030523,173.08509826660156,96474600
2016-05-16,173.25419568506157,175.26601835554294,173.1950179808643,174.7926483154297,77486800
2016-05-17,174.52209288836207,174.80949417933115,172.637048948412,173.16114807128906,114924900
2016-05-18,172.814572946326,174.3868445532486,172.1298763091497,173.2118682861328,120062100
2016-05-19,172.49344335668513,172.8991873380156,171.41145080755814,172.61178588867188,115430500
2016-05-20,173.22036288247395,174.2178321605185,173.1696465104042,173.7021942138672,104990400
2016-05-23,173.71911228682396,173.99806526563853,173.27956174296477,173.4655303955078,58682600
2016-05-24,174.27701511625924,176.02680752513348,174.2516569275828,175.7140350341797,93537800
2016-05-25,176.39029154154224,177.32013482998423,175.7140430497996,176.9059295654297,76621400
2016-05-26,177.0412009465396,177.26943757803292,176.64390539846062,176.9566650390625,55280700
2016-05-27,177.11718776058558,177.7258098774093,177.0664714005773,177.7173614501953,64211200
2016-05-31,177.98789472041207,178.09778879176213,176.82136657335826,177.3792724609375,109879400
2016-06-01,176.7706258615914,177.92024409359868,176.5762088299738,177.74273681640625,69936200
2016-06-02,177.34547607093702,178.30066455955787,176.87210604146725,178.2837677001953,63044700
2016-06-03,177.72584725899813,178.09778450843905,176.5508707110088,177.75120544433594,101757100
2016-06-06,178.10622799488203,179.01071290804657,177.9456175599564,178.6556854248047,64887000
2016-06-07,178.80784042031084,179.4925372247059,178.78248223484178,178.93463134765625,60974800
2016-06-08,179.0698867439369,179.64470238750525,178.94309581436713,179.5178985595703,66170900
2016-06-09,178.79093478154198,179.39110861431743,178.5204431641872,179.27276611328125,73786900
2016-06-10,177.9033692622777,178.24148700246033,177.03269092949563,177.57369995117188,113829200
2016-06-13,176.9735632979286,177.82731915513628,176.11980744072093,176.20433044433594,117751200
2016-06-14,175.82395094538265,176.44948310658165,174.91101734459284,175.85775756835938,125059300
2016-06-15,175.85769749026315,176.9735091428242,175.4265954781539,175.61256408691406,109124500
2016-06-16,175.61258658998682,176.3057447475261,173.78671977820883,176.1366729736328,149533100
2016-06-17,176.033014798285,176.05850485768823,174.82643777990978,175.480712890625,117055700
2016-06-20,177.43506842949736,178.10632840396036,176.52587957721445,176.61085510253906,82789600
2016-06-21,176.99316366305985,177.51997545201309,176.55131440740573,177.11212158203125,72461700
2016-06-22,177.29058387712084,178.0128368500405,176.67879647935067,176.82325744628906,95560500
2016-06-23,178.27622758011506,179.17691090402317,177.81739355365994,179.1259307861328,102731400
2016-06-24,173.02509410890087,179.1599532196565,172.2518609629972,172.69371032714844,333444400
2016-06-27,171.2916855752167,171.30019090612234,168.7935557923299,169.6007843017578,230775800
2016-06-28,171.19822298297166,172.68520380773475,170.89232926611692,172.6597137451172,159382400
2016-06-29,174.05324970086158,175.82912678041743,173.9512894369087,175.59971618652344,137328600
2016-06-30,176.06697201519577,178.0467686819724,175.51465726183937,177.99578857421875,165021900
2016-07-01,177.99584892144873,178.85405757773114,177.8344032151998,178.36972045898438,106055300
2016-07-05,177.54551930273485,177.65598489147834,176.49189540559277,177.08668518066406,109803700
2016-07-06,176.59382993181467,178.2677463898298,175.93955479184584,178.14878845214844,96021500
2016-07-07,178.32721080270562,178.989978277703,177.27358710678274,178.03831481933594,85593800
2016-07-08,179.32987466035493,180.93581329457842,179.10045115105365,180.68939208984375,133971000
2016-07-11,181.14824498624836,181.89598802426735,180.94431153075868,181.32667541503906,73633900
2016-07-12,182.28684870248486,182.9411238766471,181.35216988225307,182.6437225341797,101275600
2016-07-13,183.06007442805392,183.06856679318818,182.13390097614436,182.61822509765625,87324100
2016-07-14,183.87579431169166,184.10521783972584,183.24702214918557,183.63787841796875,91230900
2016-07-15,184.19864912093422,184.39407721649118,182.9495844443756,183.3914337158203,107155400
2016-07-18,183.5103906239175,184.0457077581789,183.25547708543868,183.88426208496094,58725900
2016-07-19,183.46796413752753,183.731370127918,183.22155584616257,183.6973876953125,54345700
2016-07-20,183.69733894796877,184.6999825118304,183.69733894796877,184.46206665039062,58159500
2016-07-21,184.35161712305623,184.57253529366417,183.3234705175606,183.76531982421875,67777300
2016-07-22,183.88428332133688,184.64051869471388,183.6208773884837,184.58953857421875,62787500
2016-07-25,184.38559711133118,184.43657722961012,183.5104038396971,184.08819580078125,55873100
2016-07-26,183.9862819822911,184.53009165686822,183.33200671327876,184.1732177734375,70080500
2016-07-27,184.547006393401,184.61498419284467,183.212966389518,183.9777069091797,84083900
2016-07-28,183.78228818312374,184.479050987922,183.32345418798036,184.19015502929688,65035700
2016-07-29,183.92676979991873,184.84443789334478,183.64636617369976,184.48756408691406,79519400
2016-08-01,184.54706633314595,184.93792260009536,183.88429878010672,184.3346405029297,73311400
2016-08-02,184.08824571984553,184.24119908160068,182.32087396818895,183.15357971191406,92295500
2016-08-03,183.0940835089538,183.74835875194424,182.7966951006453,183.68887329101562,53993600
2016-08-04,183.7992865836543,184.1986481020015,182.04890016644285,183.88426208496094,46585500
2016-08-05,183.88427924586267,185.4307323835247,183.88427924586267,185.38824462890625,71892200
2016-08-08,185.57517459706514,185.67714779806195,185.01438033607144,185.2777862548828,39906500
2016-08-09,185.34576983973014,185.88107405850735,185.06536621777903,185.38824462890625,51251700
2016-08-10,185.49872776314322,185.5751979494322,184.58104663134466,184.92942810058594,57941100
2016-08-11,185.4562139301453,186.0340188424602,185.1928080152213,185.78759765625,72504300
2016-08-12,185.4816834729981,185.83857018358276,185.22678291606667,185.6261444091797,61313500
2016-08-15,185.9915304612029,186.50984992494227,185.98303809687468,186.16146850585938,49813500
2016-08-16,185.7451034123525,185.81306825097215,185.2012939453125,185.2012939453125,53213600
2016-08-17,185.23526611798286,185.68560770020883,184.40256075383064,185.54965209960938,75134300
2016-08-18,185.5241846624526,186.0000163571197,185.41373206825997,185.96603393554688,52989300
2016-08-19,185.498709461304,185.87258095575433,185.014385363815,185.6941375732422,75443000
2016-08-22,185.45623017437353,185.91507719867337,185.0908639933967,185.68565368652344,61368800
2016-08-23,186.2974404125371,186.5948417407639,186.00003908431032,186.0595245361328,53399200
2016-08-24,185.9150799012492,186.00854778048802,184.6915051059202,185.1078643798828,71728900
2016-08-25,184.7254331780933,185.39670583113934,184.57249285640034,184.9803466796875,69224800
2016-08-26,185.1673209524872,186.18696220581037,183.74831815541748,184.6320037841797,122506300
2016-08-29,184.7594733108918,185.80460465858852,184.72547792087752,185.54119873046875,70502200
2016-08-30,185.45619340636233,185.73659698441068,184.6829734413154,185.2352752685547,58114500
2016-08-31,184.90393948528794,185.02289743114943,183.93527822171734,184.70851135253906,85269500
2016-09-01,184.69999754335961,185.00589124231146,183.56139826160006,184.7169952392578,97844200
2016-09-02,185.56664979104423,185.97450362740292,184.9803526082188,185.54965209960938,79293900
2016-09-06,185.83008528271236,186.18695906708723,185.11633771396262,186.11048889160156,56702100
2016-09-07,185.94905786137406,186.27194924834248,185.49022380686773,186.093505859375,76554900
2016-09-08,185.76212327308824,186.0340345407559,185.3627617021031,185.6686553955078,74102900
2016-09-09,184.36012339300706,184.41110351580465,181.19922612512465,181.22471618652344,221589100
2016-09-12,180.4684733287879,184.22416015000306,180.40049551271633,183.82479858398438,168110900
2016-09-13,182.55025858479638,182.81366454014253,180.56195592304442,181.18223571777344,182828800
2016-09-14,181.23315468366116,182.431239075069,180.56189499060704,181.11419677734375,134185500
2016-09-15,180.95282830152544,183.30649720923515,180.77438489601016,182.92413330078125,134427900
2016-09-16,182.3108894549983,182.49023417845197,181.53376373585223,182.21694946289062,155236400
2016-09-19,182.8660067719222,183.50650320843982,181.9266067859897,182.25112915039062,80250500
2016-09-20,183.10516476355983,183.25887768736118,182.22555050597774,182.25970458984375,69665300
2016-09-21,182.95999648976823,184.4886426667215,182.27679749897058,184.30931091308594,110284400
2016-09-22,185.3170359558854,185.76965255883255,185.06938297785203,185.4707489013672,76678700
2016-09-23,185.07791137612742,185.21455378766734,184.36055826194914,184.45449829101562,73630900
2016-09-26,183.62609155492524,183.80542328866972,182.7635478752264,182.95997619628906,89827300
2016-09-27,182.79770286955798,184.18970639548482,182.43047810181935,184.0957794189453,78494800
2016-09-28,184.31781785377962,185.1632779409555,183.36134723219996,185.00955200195312,87411000
2016-09-29,184.80458160763706,185.20596044958225,182.78915213586723,183.33570861816406,128070600
2016-09-30,184.16410293469733,185.41947721610654,183.9164500021247,184.71920776367188,117202900
2016-10-03,184.30934412466502,184.49721117582357,183.64321554117518,184.27517700195312,83512100
2016-10-04,184.3861322416042,184.60816633315358,182.74646279471364,183.33570861816406,119948100
2016-10-05,183.9591536594831,184.57403139469778,183.89083246324418,184.14703369140625,72816000
2016-10-06,183.92503566432185,184.49721117582357,183.38702727553206,184.27517700195312,62927400
2016-10-07,184.5484039938564,184.71920046104418,182.91726971570253,183.64315795898438,89788300
2016-10-10,184.5996856689453,185.06083754345804,184.45450798565543,184.5996856689453,51855000
2016-10-11,184.1726534010862,184.24097459765528,181.54234597238792,182.2682342529297,130367400
2016-10-12,182.40488168196612,183.0283077312698,181.90956276636723,182.5073699951172,73866100
2016-10-13,181.18368806096598,182.40489536878093,180.37239494370476,181.90957641601562,101357000
2016-10-14,182.8830931438124,183.34425791539365,181.92662255228754,182.00347900390625,93346200
2016-10-17,181.9778809646954,182.234082196945,181.19220674181636,181.37155151367188,58275700
2016-10-18,182.95998653281447,183.01975943712776,182.13160991908106,182.5073699951172,76869700
2016-10-19,182.77207602266222,183.30154893374586,182.41339956377323,182.99411010742188,66519200
2016-10-20,182.64397856230016,183.2076186121692,181.9949467972882,182.65252685546875,73639800
2016-10-21,182.65256908054616,182.82336558125093,181.69608522091153,182.7379608154297,89089100
2016-10-24,183.60901570123647,183.88230049108293,183.16493443320397,183.51507568359375,60146600
2016-10-25,183.33569463099104,183.59189581303832,182.73790056016966,182.90016174316406,66542300
2016-10-26,182.08032729969594,183.11365422260218,181.84119664870533,182.53294372558594,75705500
2016-10-27,183.25034029279843,183.2844943762672,181.96934715227448,182.04620361328125,77220200
2016-10-28,182.0206117730508,182.69526252678202,180.79940438625314,181.50820922851562,140623200
2016-10-31,181.84124830762158,182.06329546856531,181.35447766812322,181.51673889160156,61272500
2016-11-01,181.84122284602958,181.89247351279658,178.9974298098665,180.20155334472656,122781800
2016-11-02,179.89411499958456,180.2784233312652,178.68144316808676,179.1169891357422,103330800
2016-11-03,179.3305511630603,179.54405007547507,178.02393886155699,178.29721069335938,88939300
2016-11-04,178.4081315270405,179.2450431329467,177.9555151359226,178.10069274902344,109122100
2016-11-07,178.10072783000038,182.06326562110294,178.10072783000038,182.0290985107422,109794900
2016-11-08,181.6362965160798,183.41260863701984,181.37156000836592,182.84896850585938,106772100
2016-11-09,181.3630215587675,185.40242968708276,181.33740273604562,184.7875518798828,258429000
2016-11-10,185.57316432198863,186.4356948049575,183.79685269675403,185.24864196777344,172113300
2016-11-11,184.53134571272258,185.06081874280605,183.88231383613845,184.8217010498047,100552700
2016-11-14,185.34263325551296,185.5475968566235,184.2239012901916,184.9668731689453,94580000
2016-11-15,185.35115151146815,186.4101104736328,185.1462009601001,186.4101104736328,91652600
2016-11-16,185.7952153242598,186.29053416181517,185.67565650353498,186.05995178222656,65617700
2016-11-17,186.21373682943002,187.07626766484796,186.10271323531964,187.01649475097656,69797200
2016-11-18,187.0847602699003,187.25555672704027,186.418631934466,186.5979766845703,86265800
2016-11-21,187.17019862550617,188.03272941911158,187.02502094921246,188.00711059570312,72402600
2016-11-22,188.31449691170067,188.55361455068618,187.64838162725047,188.37428283691406,67429000
2016-11-23,187.8619744573593,188.52809007513818,187.66555909081953,188.4768524169922,56620200
2016-11-25,188.8184017170154,189.2112323319122,188.74153222198203,189.1770782470703,37872300
2016-11-28,188.8695876666051,189.1428593633565,188.18638887832705,188.2888641357422,76572500
2016-11-29,188.32305501132936,189.10872915618629,188.0241514315651,188.65611267089844,69886700
2016-11-30,189.27097000663528,189.43323118786662,188.14369003024922,188.20347595214844,113291800
2016-12-01,188.50235854620826,188.50235854620826,187.1530445543357,187.51173400878906,79040500
2016-12-02,187.59716236922688,188.09248125019275,187.2470211382266,187.60569763183594,74840300
2016-12-05,188.43412854685974,189.07462526256074,188.2377132027077,188.7330322265625,67837800
2016-12-06,188.92086588064257,189.36494714306397,188.4426305353899,189.33078002929688,59877400
2016-12-07,189.17708068706594,191.86716121264251,189.05752184217224,191.80738830566406,110738100
2016-12-08,191.78176320127528,192.74676919239806,191.51701366752818,192.27706909179688,99714400
2016-12-09,192.4991502614021,193.45562115822483,192.46498314026493,193.43853759765625,88005800
2016-12-12,193.34457054945193,193.82281896198756,192.79801396606234,193.2164764404297,102016100
2016-12-13,193.87400279072287,195.0012697300262,193.85691923728294,194.50595092773438,110477500
2016-12-14,194.2070633530282,194.90733268346847,192.46490574191,192.90045166015625,142501800
2016-12-15,193.1395646839671,194.54865160357252,192.90898232280023,193.6946563720703,124972600
2016-12-16,194.14911601109662,194.2092543255151,192.99802043664093,193.31585693359375,156420200
2016-12-19,193.4962588463833,194.15771476654723,193.3502255069753,193.73678588867188,90341100
2016-12-20,194.26944985164582,194.63025365327496,194.0375214034141,194.4842071533203,89838800
2016-12-21,194.35527756606604,194.5270807147422,193.9429473876953,193.9429473876953,67909000
2016-12-22,193.79688226232213,193.9171457574394,193.21273592336811,193.60789489746094,56219100
2016-12-23,193.6508630664592,193.89998876776525,193.46188878277357,193.8914031982422,36697800
2016-12-27,194.15772506438944,194.76762827263357,194.14054081538862,194.3724822998047,42672500
2016-12-28,194.63023325805088,194.64740440280875,192.65446366813657,192.76612854003906,64095000
2016-12-29,192.83480937821537,193.1870143832582,192.28503139062656,192.72314453125,48696100
2016-12-30,193.04956989879446,193.13547803583884,191.33151201983782,192.01873779296875,108998300
2017-01-03,193.31591561609378,193.99455599008246,192.3194517564153,193.48773193359375,91366500
2017-01-04,193.8140595547748,194.7847662225985,193.80547398618583,194.63873291015625,78744400
2017-01-05,194.3725422697165,194.63883922655359,193.69390185608765,194.4842071533203,78379000
2017-01-06,194.59581569011266,195.64383199684897,194.0546232885752,195.17996215820312,71559900
2017-01-09,194.92228126898283,195.0597290602939,194.50135232349612,194.5357208251953,46939700
2017-01-10,194.55289196830208,195.38615117997924,194.149147273665,194.5357208251953,63771900
2017-01-11,194.44979359470986,195.08547973632812,193.78833763321774,195.08547973632812,74650000
2017-01-12,194.57004011890174,194.78479733757604,193.24714141927393,194.59580993652344,72113200
2017-01-13,194.76761545137668,195.34316323147314,194.73326006337803,195.04251098632812,62717900
2017-01-17,194.40684054333778,194.81058520046346,193.96874049544766,194.3553009033203,61240800
2017-01-18,194.6044339487009,194.8277898891978,194.054655884601,194.7848358154297,54793300
2017-01-19,194.86213837189382,194.99958615997934,193.63373317370377,194.06324768066406,66608800
2017-01-20,194.74187661598043,195.26588484357595,194.11478910024897,194.7762451171875,129168600
2017-01-23,194.77629216321012,194.83641739323113,193.51351814756524,194.2694549560547,75061600
2017-01-24,194.48413895808795,195.92731433532342,194.37247411363907,195.51498413085938,95555300
2017-01-25,196.45988091528477,197.20724487304688,196.29666334855813,197.20724487304688,84437700
2017-01-26,197.0612085761651,197.32751852426006,196.72618785640532,197.00108337402344,59970700
2017-01-27,197.07840913926478,197.22444247968724,196.5114469180428,196.6918487548828,59711100
2017-01-30,196.00463966850268,196.0304094891354,194.49275339116883,195.4720458984375,79737300
2017-01-31,194.98236549341132,195.51497229583404,194.41541641199498,195.454833984375,75880800
2017-02-01,195.45485606765317,196.3654246579865,194.9480321326928,195.53216552734375,79117700
2017-02-02,195.5321485461528,195.94449184417536,194.84493593159607,195.6610107421875,69657600
2017-02-03,196.56298850611725,197.19007589886635,196.25373759461604,197.00967407226562,80563200
2017-02-06,196.6059615783239,197.00112068280168,196.32248043749593,196.65750122070312,57790100
2017-02-07,197.04411262238983,197.28463973821272,196.47715023177383,196.6661376953125,57931200
2017-02-08,196.6661167832373,197.05267724200968,196.12492427630997,196.923828125,51566200
2017-02-09,196.92379169339242,198.3927237865184,196.92379169339242,198.09207153320312,65955200
2017-02-10,198.4357249447494,199.09718103140023,198.10928968759166,198.8738250732422,66015900
2017-02-13,199.36345988559958,200.21390334848192,199.33769006318585,199.95619201660156,55182100
2017-02-14,199.7757734250125,200.7636645965486,199.4321670831036,200.75506591796875,71109000
2017-02-15,200.54028135808088,201.99204220419728,200.4887417245899,201.8030548095703,86785800
2017-02-16,201.82882907216322,202.00923090109555,200.88390518595364,201.63125610351562,84722400
2017-02-17,200.9697283547493,201.9490203857422,200.95254411343768,201.9490203857422,77204100
2017-02-21,202.31848957816084,203.32355181515192,202.30989090023309,203.15174865722656,88946100
2017-02-22,202.74803168672034,203.19471733671713,202.58481407671505,202.97137451171875,62115200
2017-02-23,203.48678526635115,203.50395640806377,202.3528607417118,203.1088104248047,74615900
2017-02-24,202.26697529423788,203.40947233612843,202.2240212224374,203.3665313720703,82381600
2017-02-27,203.28062725924806,203.85617513110842,203.0315146102534,203.6843719482422,56515400
2017-02-28,203.30637042107935,203.54689746709954,202.74800687304838,203.1345672607422,96961900
2017-03-01,204.78393172954287,206.44186458797842,204.76674747862452,205.9779815673828,149158200
2017-03-02,205.78889678201892,205.79749545728194,204.629215994603,204.68075561523438,70246000
2017-03-03,204.5949198902585,204.9728947189234,204.21694506159358,204.80967712402344,81974300
2017-03-06,204.0193814731179,204.55197524290716,203.59845255676524,204.1997833251953,55391500
2017-03-07,203.89907938791222,204.25128434677137,203.38365685749693,203.58982849121094,65103700
2017-03-08,203.8819097590685,204.13962104275308,203.07442052046898,203.2118682861328,78168800
2017-03-09,203.33214146120667,203.79602441541863,202.50748104353806,203.46958923339844,90683900
2017-03-10,204.42309844281942,204.46605250727922,203.2376344239782,204.1825714111328,81991700
2017-03-13,204.12241170926148,204.32858333241956,203.79598969060137,204.28562927246094,57256800
2017-03-14,203.74447908258304,203.79603182983627,202.8940488151561,203.5039520263672,59880800
2017-03-15,204.07090396321794,205.68588249425696,203.83896248939536,205.26495361328125,96081800
2017-03-16,205.402413749063,205.47972320907772,204.53479922416713,204.86122131347656,78344000
2017-03-17,205.12264223608113,205.3124518330771,204.50144958496094,204.50144958496094,89002100
2017-03-20,204.50144457028145,204.78615895879375,203.8888880207148,204.27713012695312,52537000
2017-03-21,204.88107751431994,205.00186424803397,201.52491773672975,201.65432739257812,131809300
2017-03-22,201.68880878252267,202.41352905319255,201.06761621773012,202.12881469726562,97569200
2017-03-23,202.12880794496004,203.04333775569717,201.54213341156785,201.91311645507812,100410300
2017-03-24,202.21509096226112,202.7845064935825,200.9899648725032,201.76644897460938,112504900
2017-03-27,200.10135601674352,201.81826547320847,199.82527768177548,201.55943298339844,87454500
2017-03-28,201.25743479982341,203.44885471585678,201.14527100359123,203.02610778808594,93483900
2017-03-29,202.74137061799505,203.44883183487616,202.5170430507598,203.21588134765625,61950400
2017-03-30,203.15554519863713,204.06145228376155,202.9829946026055,203.86300659179688,56737900
2017-03-31,203.526536611908,204.05282450833957,203.33672699911187,203.3885040283203,73733100
2017-04-03,203.44027595415443,203.638708497298,201.8096483358042,203.03477478027344,85546500
2017-04-04,202.75007570103892,203.25048172296692,202.37045643166124,203.16419982910156,56466200
2017-04-05,203.83707053334888,204.81200023095462,202.35311210494993,202.5601806640625,108800600
2017-04-06,202.69827087803006,203.64730569496527,202.25825173889314,203.12965393066406,69135800
2017-04-07,202.87946647896086,203.61282301419865,202.43946045667866,202.922607421875,74412300
2017-04-10,203.06060922611044,203.83709337144512,202.51706242551742,203.04335021972656,67615300
2017-04-11,202.6637730974857,202.90534657790053,201.317859945241,202.80181884765625,88045300
2017-04-12,202.52568607883885,202.71549564311601,201.6888020449159,201.91311645507812,81864400
2017-04-13,201.57666019979496,202.31001661112745,200.6017303466797,200.6017303466797,92880400
2017-04-17,201.11938415921915,202.3790283203125,200.9209516639989,202.3790283203125,68405400
2017-04-18,201.64570630976806,202.31003993363836,201.09353649850053,201.77511596679688,83225800
2017-04-19,202.33590270620948,202.70688579774216,201.17978616556684,201.40411376953125,68699900
2017-04-20,202.01665655850178,203.48336931154554,201.69743734660534,203.04335021972656,92572200
2017-04-21,202.9657606726642,203.01752454139316,201.99946668367534,202.39633178710938,110389800
2017-04-24,204.63087634045624,204.8293220405731,202.3704331606191,204.62225341796875,119209900
2017-04-25,205.2606507520096,206.1579215493844,205.17436889092426,205.8128204345703,76698300
2017-04-26,205.77831543181875,206.65834044441524,205.64028287602605,205.68341064453125,84702500
2017-04-27,206.00265619951773,206.15794777150717,205.32106363863426,205.85598754882812,57410300
2017-04-28,206.11485590237825,206.1407378372045,205.27797157027993,205.4073944091797,63532800
2017-05-01,205.92498779296875,206.34774788302525,205.5108637885809,205.92498779296875,66882500
2017-05-02,206.06307233410743,206.18385907333953,205.5971843870029,206.002685546875,57375700
2017-05-03,206.00263565261935,206.09754043651324,205.07946973976397,205.75242614746094,73137700
2017-05-04,206.0543879710992,206.13203374500333,205.14848111459466,205.99398803710938,61462700
2017-05-05,206.36500201310355,206.822266940735,205.92498292687233,206.8050079345703,62001300
2017-05-08,206.84819938842602,206.99486806473746,206.3477934055453,206.7705535888672,48385700
2017-05-09,207.02934576448226,207.22777826851956,206.23558941880293,206.58070373535156,51363200
2017-05-10,206.5375514227584,206.95167541503906,206.33048284423592,206.95167541503906,54293800
2017-05-11,206.50307925082552,206.69288885331403,205.45050351512236,206.52896118164062,62358300
2017-05-12,206.27871215612964,206.57204942574407,205.91635202929467,206.18380737304688,53912700
2017-05-15,206.60662585289788,207.44351013176822,206.58936684252194,207.32272338867188,61918900
2017-05-16,207.61603570807566,207.64191763813506,206.74464667828815,207.1328887939453,51241800
2017-05-17,207.13286751699474,207.13286751699474,203.3970890732269,203.45748901367188,172174100
2017-05-18,203.37984602410845,205.1226372061691,203.12101356502765,204.27713012695312,107047700
2017-05-19,204.76029728052126,206.27013808225857,204.7085334165387,205.60580444335938,115011400
2017-05-22,206.1148257964566,206.81367742899408,206.0458160901787,206.64974975585938,61010600
2017-05-23,207.02068225243036,207.27089174437592,206.64106313690144,207.10696411132812,48341700
2017-05-24,207.33999827399535,207.69372244279543,207.00350678735535,207.59019470214844,46927700
2017-05-25,208.09921994258178,208.85845846652853,207.89216446497335,208.58236694335938,64071700
2017-05-26,208.39250275904723,208.70309905891992,208.31485697527032,208.5391845703125,46629900
2017-05-30,208.22001697573864,208.60825918019626,208.06472535986322,208.35806274414062,35201900
2017-05-31,208.65131449350534,208.68583250382346,207.61599798494444,208.30621337890625,91796000
2017-06-01,208.76350897391356,209.98001230359506,208.47879458836476,209.96275329589844,68962000
2017-06-02,210.01450080915959,210.81688004503397,209.7211635249752,210.6615753173828,88666100
2017-06-05,210.48901235696735,210.7737267035966,210.3078257128346,210.5062713623047,44698800
2017-06-06,209.94552467778522,210.49769452111272,209.75571505994446,209.8333740234375,50375400
2017-06-07,210.16979376579113,210.44587202815976,209.50546028842197,210.2215576171875,54144300
2017-06-08,210.31648083869817,210.79962771377498,209.7988159498216,210.32510375976562,65950700
2017-06-09,210.5925491930658,211.38629233108014,208.74623048480618,210.00587463378906,132256400
2017-06-12,209.76432078406708,210.01451715422266,209.11724622548317,209.96275329589844,86108100
2017-06-13,210.4976883950623,211.04123529985745,210.15258718981383,210.98947143554688,60067000
2017-06-14,211.25691089926207,211.26553382107394,209.90236178312665,210.7220001220703,78602300
2017-06-15,209.37604235880931,210.43725399614152,209.09996409002758,210.31646728515625,66464900
2017-06-16,210.47510699996138,210.52712328015465,209.48675798940218,210.36239624023438,84553100
2017-06-19,211.18607102170412,212.17442027941766,211.09070340784731,212.11373901367188,65123800
2017-06-20,211.75824877873487,211.76691375013706,210.66586707867998,210.68319702148438,56906400
2017-06-21,211.07335999027543,211.18605754202875,210.1630352304678,210.63119506835938,55977600
2017-06-22,210.63984291287238,211.1340108244871,210.36240510153831,210.53579711914062,44148100
2017-06-23,210.59652674301162,211.1167028826192,210.21505630325362,210.78726196289062,66986800
2017-06-26,211.45484928203297,211.87100612216315,210.71792968194868,210.92599487304688,56700500
2017-06-27,210.7092323557802,211.0040133980266,209.2093719138842,209.22671508789062,82247700
2017-06-28,210.24107197299102,211.29878069236827,210.00698542585917,211.09938049316406,70042600
2017-06-29,211.2467402358337,211.29875652280958,208.03894132566631,209.24403381347656,106949700
2017-06-30,210.05032934873213,210.4231348165138,209.44345057102782,209.63418579101562,86820700
2017-07-03,210.57050989003255,211.0039966029294,209.98963928222656,209.98963928222656,39153800
2017-07-05,210.3538134314714,210.68325441102513,209.5475210866607,210.47518920898438,54427600
2017-07-06,209.712202034356,209.8335777851548,208.36839057474916,208.5504608154297,65400800
2017-07-07,209.12265284091893,210.05030746972056,208.5591122118483,209.90292358398438,57972300
2017-07-10,209.9029181076465,210.50113183523914,209.5994721438358,210.12832641601562,36663300
2017-07-11,210.12835417142,210.28441627395364,208.81056403140255,209.97230529785156,50354600
2017-07-12,210.9346576321268,211.71492849955277,210.9346576321268,211.55020141601562,59610400
2017-07-13,211.5588860430641,212.01838095900973,211.3334644570759,211.90567016601562,39471600
2017-07-14,211.90569355737549,213.2495053328414,211.81032592869164,212.89404296875,60262700
2017-07-17,212.81593415878388,213.19740452230835,212.69455842756813,212.86795043945312,33531900
2017-07-18,212.46050827823697,213.0327139214029,212.12238916708705,212.98069763183594,42742500
2017-07-19,213.29280851214529,214.142438775647,213.2841303112444,214.13377380371094,51034300
2017-07-20,214.3852359135732,214.5066116913381,213.68298939729297,214.22918701171875,47135200
2017-07-21,213.6569816379163,214.06446029879416,213.43156002953504,214.0384521484375,82340800
2017-07-24,213.96038304344285,214.12511012415288,213.518231323352,213.9864044189453,46622300
2017-07-25,214.73192378085392,214.8359695644019,214.28110722500543,214.5065155029297,54915600
2017-07-26,214.792650838959,214.8273239527601,214.2551315867777,214.5152130126953,47575400
2017-07-27,214.97478059774477,215.0094537211477,212.9980686106262,214.3158721923828,70766600
2017-07-28,213.8390010387317,214.19446333630827,213.38818435928198,214.06442260742188,50088400
2017-07-31,214.46324565748534,214.55861327840122,213.73499104083677,213.9430694580078,65838700
2017-08-01,214.54123658283703,214.57590969699348,213.89967152475035,214.41986083984375,55050400
2017-08-02,214.54990340675474,214.66261417942312,213.59622739716988,214.52389526367188,47211200
2017-08-03,214.41120560264687,214.4372137482906,213.83033496832851,214.10777282714844,40856000
2017-08-04,214.59326189125417,214.8273351868205,214.11642387053024,214.49789428710938,60191800
2017-08-07,214.56728756399264,214.896728515625,214.46324174282293,214.896728515625,31995000
2017-08-08,214.58460225771398,215.79837307266672,213.99506663851034,214.36785888671875,61719400
2017-08-09,213.68293843106287,214.41119292395376,213.32747615633122,214.3591766357422,62632600
2017-08-10,213.52690757642304,213.6569615449433,211.2814492803503,211.33346557617188,120479500
2017-08-11,211.55889468664876,212.23513301430953,211.324808118161,211.6455841064453,74869900
2017-08-14,212.91995412036778,213.96031935907553,212.8852810116276,213.7435760498047,73291900
2017-08-15,214.1250994302894,214.1424426034363,213.41418807884588,213.71762084960938,55242700
2017-08-16,214.2378227507355,214.63663638266544,213.66561706408348,214.09043884277344,56715500
2017-08-17,213.48352220429825,213.79563313907357,210.75254821777344,210.75254821777344,128490400
2017-08-18,210.58782478871694,211.70622783630915,209.98094607981142,210.42311096191406,136748000
2017-08-21,210.36242127252945,210.8479242507227,209.66017494843106,210.58782958984375,65469700
2017-08-22,211.16874181507407,212.94602690749204,211.1513986409579,212.78997802734375,63140100
2017-08-23,211.82765361632846,212.45187564407556,211.68026969713355,212.0270538330078,50203800
2017-08-24,212.4085058976072,212.56455477652642,211.32478903078268,211.53286743164062,50741700
2017-08-25,212.3218216713976,212.93737872588625,211.8796699138129,212.0270538330078,64445900
2017-08-28,212.55588170528304,212.58188985077862,211.61954878054664,212.03570556640625,40565600
2017-08-29,210.7265525878525,212.53852381976515,210.61384181253018,212.2784423828125,51135700
2017-08-30,212.2610964032894,213.552891515247,212.07902617086643,213.28411865234375,62030800
2017-08-31,213.89970270272624,214.81002752234653,213.31883204595056,214.56727600097656,103803900
2017-09-01,214.94008701250172,215.29554935301522,214.7233436188667,214.8707275390625,62007000
2017-09-05,214.36786495407853,214.59328653283174,212.36515826603326,213.32749938964844,91398800
2017-09-06,214.00375457603712,214.3852250665595,213.47490016489778,214.05577087402344,57916900
2017-09-07,214.35922410103743,214.37656727726971,213.6222912442902,214.02976989746094,58034700
2017-09-08,213.74366447802606,214.23784577751377,213.5355992815826,213.77835083007812,63832800
2017-09-11,215.044085856404,216.13648085540885,215.02675591248934,216.05845642089844,71364800
2017-09-12,216.4225853869284,216.82138576355234,216.24051514266796,216.78671264648438,56896000
2017-09-13,216.5006421250822,216.92546393909893,216.3879313271056,216.89077758789062,59228000
2017-09-14,216.57000986609467,217.0208398462446,216.3966177903347,216.82142639160156,95446300
2017-09-15,216.67767368089642,217.20043140814286,216.57312479437098,217.11331176757812,95432400
2017-09-18,217.4792170853588,217.92356308829662,217.1916943912399,217.57505798339844,46235200
2017-09-19,217.81898389418555,217.87997959109146,217.47047883780115,217.7928466796875,47108100
2017-09-20,217.8799981241204,217.98454699100557,216.87802273620898,217.87127685546875,59574100
2017-09-21,217.7144819664055,217.80160160197312,217.113299314129,217.2875518798828,48211400
2017-09-22,216.99131857041976,217.49666031124144,216.965181350603,217.33111572265625,51214000
2017-09-25,217.078415797405,217.42693418335082,216.14615736606112,216.88673400878906,57064400
2017-09-26,217.31368674271752,217.5576429910503,216.78220778143142,217.0174560546875,54082000
2017-09-27,217.71441826705015,218.2458970786002,216.83442113134413,217.86253356933594,81001400
2017-09-28,217.58376221603876,218.20237405540473,217.49664258862123,218.12396240234375,44778800
2017-09-29,218.11522044563844,218.96908045781802,217.93225993918287,218.89065551757812,85578000
2017-10-02,219.11718667853842,219.84034729003906,218.9429208582323,219.84034729003906,59023000
2017-10-03,219.84041453441176,220.33703504926606,219.76198957343934,220.31089782714844,66810200
2017-10-04,220.16274955476476,220.81620659924897,220.04947941277652,220.57225036621094,55953600
2017-10-05,220.90328184235207,221.89653581860907,220.6070512324157,221.87911987304688,63522800
2017-10-06,221.4347983118458,221.91400278857896,221.1734261378252,221.62648010253906,80646000
2017-10-09,221.8529725343211,221.9139549302353,220.999112634608,221.260498046875,35803100
2017-10-10,221.8268528526845,222.21892435476173,221.28665274607897,221.84426879882812,43057400
2017-10-11,221.74843556013366,222.1927947998047,221.58290429837132,222.1927947998047,47674300
2017-10-12,221.8791388363933,222.22764390203182,221.62646136338174,221.86170959472656,47065100
2017-10-13,222.2973957914904,222.41066594496903,221.86175771764218,222.13185119628906,54800400
2017-10-16,222.35841018753055,222.61978241810684,222.01861299316127,222.4281005859375,38221700
2017-10-17,222.3757888583203,222.62846636500922,222.1579698396109,222.58489990234375,31561000
2017-10-18,222.95957296746096,223.0031394361319,222.61106780733255,222.80274963378906,40888300
2017-10-19,222.02730608387463,222.89858224636933,221.60909724837057,222.8637237548828,61903800
2017-10-20,223.65656366015176,224.03992723384582,222.8462700530953,224.01376342773438,89176400
2017-10-23,224.33620306437822,224.36234028651927,223.0641206822097,223.1425323486328,63915300
2017-10-24,223.56940437990878,223.76978082259956,223.17731958374134,223.5345458984375,66935900
2017-10-25,223.20353589076072,223.31680605375715,221.30416011059918,222.4281005859375,103715300
2017-10-26,223.03795734568504,223.30803749521493,222.59359805856283,222.715576171875,69798000
2017-10-27,223.4561406288865,224.69336415870453,222.72427203250467,224.53651428222656,85562500
2017-10-30,223.45619327985767,224.4407395749374,223.40391883845854,223.7001495361328,54285700
2017-10-31,224.07472119682785,224.30126143090556,223.7523533801661,224.048583984375,60304800
2017-11-01,224.82405109475886,225.16383488509774,223.9789123690431,224.34483337402344,54202700
2017-11-02,224.2751835197542,224.57141420229036,223.21222561689552,224.4320068359375,56449500
2017-11-03,224.58883223063762,225.22487336002712,224.17933139732267,225.1813201904297,59589700
2017-11-06,225.0506131089256,225.66051703390133,224.9809227179865,225.5298309326172,49652600
2017-11-07,225.6342969112226,225.96538597231876,224.8675699464163,225.3729248046875,57502200
2017-11-08,225.198729532487,225.85218659269393,224.9199148053821,225.75633239746094,50469600
2017-11-09,224.55399905935963,225.12904447666784,223.3603284661559,224.93736267089844,95085500
2017-11-10,224.55396815576478,225.04188057798726,224.240294976203,224.86761474609375,59984700
2017-11-13,224.18798363286027,225.30321564135517,224.1531251543743,225.07667541503906,50228600
2017-11-14,224.27514039902618,224.65850393547925,223.49969205826346,224.553955078125,61315200
2017-11-15,223.58684649448855,224.1096174208197,222.72429174904417,223.43002319335938,80811500
2017-11-16,224.37093699438498,225.69529324254486,224.3273838395808,225.329345703125,67777000
2017-11-17,224.9809401022599,225.30330804008258,224.58885517887376,224.66726684570312,75756800
2017-11-20,224.9112021225821,225.24226467162944,224.66721931396768,225.0505828857422,48075500
2017-11-21,225.81732454351769,226.7060431484956,225.01576545227593,226.52305603027344,69176800
2017-11-22,226.5317906308125,226.66247673063674,226.15714828157076,226.32269287109375,45033400
2017-11-24,226.81059656768687,226.9500039318348,226.67118920353894,226.84542846679688,27856500
2017-11-27,226.88898577377117,227.18521642230988,226.53175942397152,226.73216247558594,52274900
2017-11-28,227.19395365237457,229.0584705922239,227.0980994594827,229.03233337402344,98971700
2017-11-29,229.16299197832421,229.6944841369649,228.44856590345722,228.8928985595703,77512100
2017-11-30,229.80777082314165,231.80297375843676,229.7293591722956,230.89686584472656,127894400
2017-12-01,230.67901652221659,231.15820763304018,227.19391291119283,230.41761779785156,164390900
2017-12-04,232.02947823873978,232.45639491279027,230.08652344782726,230.13882446289062,94040600
2017-12-05,229.31117248535156,231.01886629763948,229.18048638044854,229.31117248535156,77994500
2017-12-06,229.40698024798462,229.7816491686028,228.8929305536896,229.35470581054688,75898600
2017-12-07,230.077880859375,230.39152748538592,229.0933346345588,230.077880859375,77218600
2017-12-08,231.0275523480179,231.34119895197028,230.04300619244404,231.33250427246094,76563900
2017-12-11,232.02951049804688,232.0905061997429,231.3063631139898,232.02951049804688,83077500
2017-12-12,232.81363763596883,232.90949181624418,232.06435308668742,232.43899536132812,85195800
2017-12-13,232.68295046999603,233.11858844010973,232.32572414379501,232.41285705566406,102905400
2017-12-14,232.70914483746373,232.82241499178923,231.41095187624578,231.46322631835938,100666700
2017-12-15,232.46239967150672,233.8548063287974,232.4098580410537,233.3906707763672,144610300
2017-12-18,234.78311871361691,235.22098352780677,234.67803543423494,234.87069702148438,83653600
2017-12-19,235.11583126827747,235.1596070467942,233.89855461389328,233.9686279296875,82382900
2017-12-20,234.93196546614422,234.9845071030803,233.5483244849178,233.8460693359375,76751500
2017-12-21,234.4678329547584,235.0370785709979,234.0825097953715,234.3277130126953,67032300
2017-12-22,234.34521564491334,234.3802523073704,233.73219431505825,234.2664031982422,78720900
2017-12-26,233.86356057469422,234.20510791986987,233.72346736785457,233.98617553710938,45244400
2017-12-27,234.15254773320353,234.45905838981105,233.82853210841412,234.10000610351562,57751000
2017-12-28,234.59924251355173,234.62551333558523,234.21391930696083,234.5817108154297,45116100
2017-12-29,235.15968488330128,235.17718985547413,233.50456972049736,233.69720458984375,96007400
2018-01-02,234.555389977197,235.40484867534212,234.17006685277175,235.36981201171875,86655700
2018-01-03,235.53614545169597,237.00739098934096,235.53614545169597,236.85850524902344,90070400
2018-01-04,237.4978012806497,238.33849394129462,236.91981672485073,237.85682678222656,80636400
2018-01-05,238.64506898392446,239.56457432430008,238.15466257237145,239.44198608398438,83524000
2018-01-08,239.34564336744745,240.03747720133262,239.0566643723611,239.87985229492188,57319200
2018-01-09,240.30017556615664,241.0445510051159,240.0199357049953,240.42279052734375,57254000
2018-01-10,239.6696847496715,240.31774286526394,239.0041483872401,240.0550079345703,69574300
2018-01-11,240.6067274035964,241.8064727783203,240.4403366278896,241.8064727783203,62361500
2018-01-12,242.06918758354794,243.54914601914447,241.7714160016743,243.38278198242188,90816100
2018-01-16,244.635113908474,245.28314537911018,241.85903880898815,242.55087280273438,106555100
2018-01-17,243.47906062865408,245.24802451632235,242.5507895393176,244.86270141601562,113258800
2018-01-18,244.74885562066106,245.16918861704332,243.96067780216504,244.45111083984375,100728000
2018-01-19,245.0291759595195,245.56338500976562,244.45121783652073,245.56338500976562,140920100
2018-01-22,245.35316863403142,247.55999755859378,245.3006002720016,247.55999755859375,91322400
2018-01-23,247.60378189715462,248.37442823158972,247.2797662168005,248.08544921875,97084700
2018-01-24,248.72468428390306,249.32020065816042,246.81560037784456,247.98907470703125,134816100
2018-01-25,248.84733388077214,248.94365131161933,247.30604118603847,248.0941925048828,84587300
2018-01-26,248.92616012699008,251.0104010295829,248.67219103819002,250.9665985107422,107743100
2018-01-29,250.39733523984498,250.83519999984549,249.14504844027815,249.30267333984375,90118300
2018-01-30,247.48124580828764,249.35529367550905,246.27273441322825,246.74563598632812,131796400
2018-01-31,247.59500397492036,248.09414946433438,245.79974251690325,246.86813354492188,108364800
2018-02-01,246.14131723392478,247.88401053028454,245.7997698727501,246.58792114257812,90102500
2018-02-02,245.2743010896956,245.40568189185825,241.18465938266897,241.21969604492188,173174800
2018-02-05,239.46821716686404,241.5699623998002,230.58830814689736,231.13125610351562,294681800
2018-02-06,227.6371327146444,236.18426134989403,226.55123666595557,235.68508911132812,355026800
2018-02-07,235.133368376804,238.51367138461782,234.32768548587262,234.40652465820312,167376100
2018-02-08,234.7042891940019,234.84440913137536,225.5791753705031,225.6142120361328,246449500
2018-02-09,228.39022881983215,230.85102642500632,221.48948987210917,229.0032501220703,283565300
2018-02-12,231.04371344712894,233.8285537034904,229.14339530591576,232.36607360839844,143736000
2018-02-13,231.16631621198863,233.48699403220186,230.58833153740176,232.9440460205078,81223600
2018-02-14,231.46408524613523,236.4469887394335,231.4553193982092,236.0879364013672,120735700
2018-02-15,237.82184535995404,239.1091686782895,235.36978694519354,239.10040283203125,111200300
2018-02-16,238.478648913063,241.10583724846651,238.43484640572123,239.1704559326172,160420100
2018-02-20,238.22470277104793,239.66091202707622,236.88483766031146,237.67298889160156,86369700
2018-02-21,238.11081208876513,240.5803753441495,236.39438999412775,236.49070739746094,98883700
2018-02-22,237.41023192789297,239.11788812385572,236.13167456102045,236.79721069335938,110511300
2018-02-23,238.01453997396973,240.5716552734375,237.54163853771126,240.5716552734375,92766400
2018-02-26,241.640061258888,243.4615937865243,241.05333739504624,243.36524963378906,86491400
2018-02-27,243.54914022654583,244.25850577220086,240.26515430746772,240.3264617919922,99099200
2018-02-28,241.42111094164326,241.86774155496124,237.5766721936537,237.8919219970703,121907800
2018-03-01,237.6817492889229,239.2230417770956,232.94404943733431,234.43280029296875,176855100
2018-03-02,232.76887437600675,236.20174553860167,231.9106766292142,235.64126586914062,139083200
2018-03-05,234.45909118423782,238.9778590454444,234.35398118501777,238.36483764648438,97307400
2018-03-06,239.33683129424858,239.41567045737216,237.480289265819,238.9690399169922,79213200
2018-03-07,236.8147762535979,239.2317714301234,236.622114700202,238.88148498535156,87063500
2018-03-08,239.55580829717485,240.16006382616135,238.5662563523812,240.0374755859375,66901200
2018-03-09,241.43859824608003,244.2146453857422,241.12332177548492,244.2146453857422,113625300
2018-03-12,244.50367368709738,245.12543411497418,243.52283425174357,243.9081573486328,71924800
2018-03-13,245.06410425032487,245.56327640639196,241.72757748105877,242.3318328857422,91968900
2018-03-14,243.28636124898577,243.47025692390136,240.53658506997976,241.08827209472656,105895100
2018-03-15,241.59626882680436,242.23553428441284,240.32645030871032,240.82562255859375,83433000
2018-03-16,241.35056763026677,242.13310147580282,241.03405517511854,241.08680725097656,100343700
2018-03-19,240.33949194249394,241.2626802617668,236.18069036227368,237.82485961914062,109208400
2018-03-20,238.22047760805523,238.8623302848663,237.55224889423462,238.22927856445312,59757300
2018-03-21,238.18523026091694,240.26901706572676,237.56097968128907,237.77198791503906,78709600
2018-03-22,235.55633993415995,236.4003997693107,231.55579629929971,231.82838439941406,148785900
2018-03-23,232.26799078965104,232.59330410343725,226.6936060206735,226.8870391845703,183534800
2018-03-26,230.47432836231067,233.3757988388718,228.08280338306812,233.0944366455078,141956100
2018-03-27,234.02647538338294,234.5539960078321,227.58165448885407,229.12911987304688,129941400
2018-03-28,229.26105832095877,230.9228292070293,227.35310213682425,228.4521484375,146452300
2018-03-29,229.58630518351373,233.22635835567246,228.46088317113092,231.37115478515625,111601600
2018-04-02,230.84364808375824,231.35362053546535,223.91527011290827,226.37713623046875,186286300
2018-04-03,227.60808053535254,229.7534209867967,225.82323047794938,229.27862548828125,119956900
2018-04-04,225.74401362024673,232.43499175794102,225.6121334870007,231.7316131591797,123715300
2018-04-05,233.48137667319213,234.43976862395363,232.39993232626645,233.56053161621094,82652600
2018-04-06,231.60862591542957,233.09451178271908,226.84314949582898,228.35543823242188,179521200
2018-04-09,229.80617888738539,232.8571324633948,228.5488763706566,229.48086547851562,105442900
2018-04-10,232.35595159753322,233.91221825522223,231.22175519028298,233.1296844482422,103529000
2018-04-11,231.65254552602107,233.56050139208276,231.58221838066342,231.90753173828125,91140200
2018-04-12,233.22641695426427,234.75628075943132,233.05055882007272,233.81549072265625,68890500
2018-04-13,235.1167686482735,235.23107375106238,232.12736822413922,233.1296844482422,85079200
2018-04-16,234.75623511036522,235.81133004597996,233.93855129296216,235.04637145996094,63405300
2018-04-17,236.8048317911143,238.15886395470056,236.29488626134088,237.5609893798828,64682000
2018-04-18,238.00059195045975,238.53691347487367,237.2796113940758,237.73683166503906,57303900
2018-04-19,237.08618569692788,237.2884198102276,235.3892651989447,236.41798400878906,77655900
2018-04-20,236.347646548934,236.5674557531075,233.53407800264196,234.41331481933594,99953100
2018-04-23,234.98486470021984,235.53878824560172,233.30551898549322,234.37818908691406,65558000
2018-04-24,235.39811619816612,235.61792543371928,229.727027188022,231.22174072265625,112885500
2018-04-25,231.16016129125893,232.23283131151314,229.34893554377416,231.793212890625,103840900
2018-04-26,232.81315145098966,234.9760667601679,232.37353299119516,234.1495819091797,67731900
2018-04-27,234.75623586232194,235.0551731675286,233.43738060466845,234.36936950683594,57053600
2018-04-30,234.98482615000376,235.53874960451225,232.4965710816841,232.56692504882812,82182300
2018-05-01,232.00424241401504,233.08571348812194,230.45677684433647,232.98020935058594,74203400
2018-05-02,232.78679923873736,233.59568226151407,231.0283252196073,231.41519165039062,86368900
2018-05-03,230.58865425399074,231.5557932787328,227.7662847762269,230.90516662597656,136311500
2018-05-04,229.93802620459337,234.57162187598172,229.61271284222937,233.89459228515625,91222100
2018-05-07,234.65956756772937,235.6530828038007,233.97373697292065,234.68594360351562,55304900
2018-05-08,234.316652270325,235.04640714853366,233.1296769955772,234.68594360351562,67499200
2018-05-09,235.35411294187196,237.27964378482142,234.83536642161414,236.95433044433594,59666100
2018-05-10,237.69284120768543,239.4952925036921,237.5873370990751,239.16995239257812,72063900
2018-05-11,239.29315035999548,240.16358642268503,238.78317786284757,239.8998260498047,59871500
2018-05-14,240.33058096848328,240.9812076068129,239.46891925466448,240.01406860351562,54790600
2018-05-15,238.79199311600212,238.80956819785158,237.42038543053624,238.36117553710938,87036100
2018-05-16,238.39629475901697,239.82065417703188,238.36989189436235,239.36343383789062,53942600
2018-05-17,239.09961032650958,240.2338330875583,238.38743080570916,239.16116333007812,56536400
2018-05-18,238.81834072567383,239.1788311020696,238.2116650717618,238.5633544921875,64368000
2018-05-21,240.0404974530814,240.8933584003689,239.6536310337644,240.3570098876953,58025900
2018-05-22,240.87575703514577,241.13074327395273,239.3634683467948,239.68878173828125,52966400
2018-05-23,238.4227012850976,240.37460843443773,238.26441823782346,240.34820556640625,64694200
2018-05-24,239.95259551037003,240.22515685948989,238.07981623067235,239.85586547851562,76043800
2018-05-25,239.2842254638672,239.9084759111369,238.78305418279672,239.2842254638672,56374800
2018-05-29,237.6665413104607,238.42269905133912,235.4244977877922,236.53231811523438,115908600
2018-05-30,237.83360457831984,240.12840023103232,237.76327742564035,239.68878173828125,69678400
2018-05-31,239.28432817016724,239.58326551029967,237.62258430411012,238.220458984375,93519900
2018-06-01,239.51297088807289,240.8582025174482,239.44261689720378,240.55926513671875,71258400
2018-06-04,241.37683517187193,241.957134577657,241.13945093721244,241.7021484375,45385200
2018-06-05,241.83416535410126,242.25620884216292,241.0692333331424,241.87814331054688,51135000
2018-06-06,242.48475578039003,244.00581846747923,241.8692792083386,243.9003143310547,62732200
2018-06-07,244.3838737255894,244.67401005682166,242.9682885571053,243.8739013671875,72969400
2018-06-08,243.4167658398162,244.64769225832708,243.24970866528437,244.59494018554688,72139700
2018-06-11,244.81476867329624,245.63245269783636,244.70046356256117,244.92027282714844,58892500
2018-06-12,245.33342801607316,245.59718830684466,244.59487236973686,245.23672485351562,72329000
2018-06-13,245.47418757980134,245.72917383050293,244.25203523349435,244.4542694091797,79070600
2018-06-14,245.3159790431666,245.59731455388211,244.48069297272562,245.06979370117188,77097600
2018-06-15,244.28893215583443,245.092633594624,243.18495110573815,244.75701904296875,120041600
2018-06-18,243.3086932100389,244.37736675666017,242.8317925862327,244.2537078857422,52917600
2018-06-19,241.99265130072453,243.53822480355763,241.57755333899996,243.3174285888672,97531500
2018-06-20,243.99744281465695,244.39488673588423,243.3968836492707,243.7324981689453,53785500
2018-06-21,243.72379160698475,243.74147256151994,241.71013033522033,242.2047119140625,71061400
2018-06-22,243.45873637045227,243.5735547121451,242.4253982478793,242.6461944580078,54898500
2018-06-25,241.4981286426786,241.65709548726045,237.6651086581895,239.34315490722656,137854200
2018-06-26,239.90838182108166,240.72089691229266,239.15766919468012,239.873046875,68547400
2018-06-27,240.45598188744574,241.87789694896222,237.73575670929327,237.8859100341797,105110700
2018-06-28,237.83288561084004,240.0055130673899,237.12632147068877,239.24598693847656,76650500
2018-06-29,240.33231104908108,241.69242357031283,239.4756204740588,239.59043884277344,97592500
2018-07-02,238.02718281831372,240.2616396479265,237.7887056337919,240.10264587402344,63554800
2018-07-03,240.9947434922836,241.09190788059328,238.83095590341009,239.25486755371094,42187100
2018-07-05,240.37652627018724,241.26852498890335,239.3078527788111,241.20669555664062,56925900
2018-07-06,241.23318056910415,243.61776406289744,240.853390508735,243.24684143066406,66493700
2018-07-09,244.24482851406478,245.49012273882505,244.20068004015275,245.4371337890625,50550400
2018-07-10,245.8874842773662,246.41740054978425,245.59601819883872,246.3202362060547,51966800
2018-07-11,244.77471640082183,245.5607639850236,244.21830554057422,244.51858520507812,77054700
2018-07-12,245.772789688209,246.7884473326793,245.17223018832613,246.73545837402344,60124700
2018-07-13,246.55876489862447,247.2299671615263,246.10833193000164,246.9296875,48216000
2018-07-16,246.97384921670871,247.1151350885674,246.26728509408838,246.70887756347656,48201000
2018-07-17,245.94056940012754,248.09554331884976,245.88758044742715,247.70693969726562,52315500
2018-07-18,247.78643474875258,248.3340052541217,247.34484215375514,248.22802734375,44593500
2018-07-19,247.56557901019033,247.9453420820646,246.8148663884079,247.2917938232422,61412100
2018-07-20,247.08862341928582,247.7157040880866,246.85017320537366,247.00914001464844,82337700
2018-07-23,246.8059952103473,247.6714990368326,246.4615402121385,247.4683837890625,47047600
2018-07-24,248.8726778463494,249.5527205090907,247.84818013902662,248.71368408203125,68026900
2018-07-25,248.46635734108233,251.15124656546112,248.42220888402736,250.83331298828125,78882900
2018-07-26,250.11799104599223,250.92166563993814,250.02082668516405,250.2416229248047,57919500
2018-07-27,250.56840315355595,250.66556751675208,247.62740902904164,248.54592895507812,76768700
2018-07-30,248.62549330164234,248.78446018116486,246.7266234142024,247.2477264404297,63742500
2018-07-31,248.00718415505807,249.07583048615243,247.62742106380432,248.4664306640625,68570500
2018-08-01,248.66955556162895,249.1729774582386,247.4066075355376,248.0513153076172,53853300
2018-08-02,246.75310876921614,249.57044456441832,246.5499664844106,249.4026641845703,63426400
2018-08-03,249.52631410035255,250.52431769126986,249.34966627884256,250.47132873535156,53935400
2018-08-06,250.50661599135427,251.69889422516871,250.1180124201648,251.38980102539062,39400900
2018-08-07,252.05214459683614,252.59971490730823,251.91964530335906,252.2199249267578,43196600
2018-08-08,252.0521501780795,252.51139662062386,251.6547061941744,252.11395263671875,42114600
2018-08-09,252.1758346161004,252.56443820720855,251.63710465500523,251.7695770263672,35717000
2018-08-10,250.3388033202759,250.877533242226,249.37610793543428,250.08267211914062,77076000
2018-08-13,250.35648946503812,250.9658893599437,248.8550639654535,249.1465301513672,65732900
2018-08-14,249.87068683298415,250.97466797152953,249.48208331600298,250.73619079589844,43842000
2018-08-15,249.39376216803853,249.53507498964103,247.43309056638404,248.8638458251953,102925400
2018-08-16,250.29461239199935,251.74304866436498,250.25927744683614,250.8775177001953,69967900
2018-08-17,250.67443000561906,252.20235002259318,250.2681723821674,251.76075744628906,65618500
2018-08-20,252.21117561113726,252.56444426079298,251.7607425850408,252.29949951171875,39807500
2018-08-21,252.81164514357084,253.74781886107743,252.33471781210088,252.89112854003906,67272000
2018-08-22,252.48495764453983,253.26216483556036,252.2199859461447,252.7410888671875,44993300
2018-08-23,252.56448445286688,253.42117521476416,252.08755687596667,252.405517578125,49204900
2018-08-24,252.97959161301796,254.06591920116432,252.9266026528816,253.9246063232422,57487400
2018-08-27,255.11684015677477,256.03536022591345,254.95787330423272,255.92938232421875,57072400
2018-08-28,256.3885050228248,256.4945098259801,255.59364419143597,256.05291748046875,46943500
2018-08-29,256.2648842688511,257.6603042818709,256.02643409491515,257.4306945800781,61485500
2018-08-30,256.9537704580876,257.3246929554652,255.796800604692,256.3885192871094,61229500
2018-08-31,255.9823019313726,256.8389923415614,255.4965610292986,256.39739990234375,66140800
2018-09-04,255.9823965776519,256.30917079106746,254.957898505552,255.95590209960938,57594400
2018-09-05,255.6025060025253,255.80564820137695,254.2600748630529,255.2668914794922,72452400
2018-09-06,255.37291010566318,255.6731897392968,253.4740679488441,254.49856567382812,65909900
2018-09-07,253.45644267034794,254.97552195844804,253.21796546907208,254.00401306152344,73524800
2018-09-10,255.01085738370165,255.27582908554754,254.25133113428478,254.4456329345703,50210900
2018-09-11,253.8008929804244,255.72622999265644,253.4564648134547,255.28463745117188,50530500
2018-09-12,255.29337032649875,255.94691838758595,254.56033887576513,255.3463592529297,59810800
2018-09-13,256.40625295326265,257.04214717503464,256.1236273096607,256.8566589355469,51034200
2018-09-14,257.0598152146336,257.24527651158894,256.1236413026373,256.9008483886719,55079900
2018-09-17,256.8478337771574,256.8831417665093,255.26692529209149,255.54071044921875,68244000
2018-09-18,255.75265618865916,257.51902588302914,255.7261617213501,256.92730712890625,61930400
2018-09-19,256.980436577631,257.6163310934109,256.8567776941317,257.20123291015625,49080600
2018-09-20,258.45526183517813,259.60339151190027,257.2187813185035,259.2854309082031,100360600
2018-09-21,260.02442954150337,260.1397676489561,258.8888365272103,259.04852294921875,105479700
2018-09-24,258.4718627895413,258.61381530247604,257.61129429371255,258.1879577636719,53409600
2018-09-25,258.6404880631462,258.7469457031988,257.7089566380067,257.948486328125,44370000
2018-09-26,258.0904944842651,259.27043634866436,256.75971954750474,257.17669677734375,79739700
2018-09-27,257.64679250455623,258.9775668714285,257.3717679680432,257.89520263671875,59249500
2018-09-28,257.27422158236874,258.4186953759681,257.2387537517138,257.921875,70091400
2018-10-01,259.154977845118,259.88247430397746,258.15248393435553,258.81787109375,62078900
2018-10-02,258.6671142578125,259.3768499402842,258.2945125006531,258.6671142578125,47258200
2018-10-03,259.7139378922632,260.13091497744125,258.4541532176749,258.80902099609375,64694600
2018-10-04,258.3299446701572,258.38317348526033,255.20707019384005,256.7862548828125,111545900
2018-10-05,257.0081035707035,257.522657914237,253.92957678135974,255.3490753173828,105951700
2018-10-08,254.66592692506302,255.70394318271795,253.29080379388347,255.3490753173828,87742200
2018-10-09,254.96754123389658,256.2716742822216,254.41746501850835,254.9763946533203,74339000
2018-10-10,254.4707478597282,254.5417376782525,246.53047438601243,246.903076171875,214731000
2018-10-11,245.82061307572138,247.4352923666238,239.85874321865035,241.46456909179688,274840500
2018-10-12,245.54563049794265,245.82953555740838,241.64203069165737,244.8181610107422,183186500
2018-10-15,244.46326345220731,245.78518452559038,243.35428470841273,243.44300842285156,102263700
2018-10-16,245.394903896644,249.13881847056706,244.92469783503523,248.7661895751953,118255800
2018-10-17,248.80154431287454,249.43143651418163,246.24645354039433,248.8104248046875,110626000
2018-10-18,247.8789411434179,248.47336570550362,243.94872669197238,245.21739196777344,134557500
2018-10-19,245.86501487749734,247.7901867141416,244.39228793386016,245.08428955078125,139901600
2018-10-22,245.74963119462092,246.06900400105394,243.4518310327724,243.98414611816406,82415800
2018-10-23,240.38224352192685,243.8599857033554,238.30621148621196,242.74212646484375,146352700
2018-10-24,242.49372297586885,242.875232251274,234.8373562549833,235.3874053955078,177806700
2018-10-25,237.2150192376304,241.14523383340236,236.1947640977696,239.6103973388672,138061500
2018-10-26,235.91974787880403,240.42662622883205,232.6992688117605,235.3962860107422,201574600
2018-10-29,238.47477285454744,239.7611989981916,230.5345014729558,234.0920867919922,160749100
2018-10-30,233.92357565427733,237.8715241329853,233.43560871330504,237.56100463867188,157116000
2018-10-31,240.11607680886604,242.40502414189297,239.64587089544221,240.0983428955078,128296300
2018-11-01,240.95888921985446,242.84859319283507,239.8765249621915,242.65341186523438,99495000
2018-11-02,243.75357845494347,244.17943612779212,239.17571000187786,241.21624755859375,122634100
2018-11-05,241.70411669077308,243.0970003719423,240.73709055773415,242.5469512939453,65622500
2018-11-06,242.48489882784148,244.2415040919282,242.42278951101324,244.08181762695312,60085900
2018-11-07,246.2465046558192,249.38713997180966,245.82064708045033,249.3072967529297,102752100
2018-11-08,248.50882875761963,249.49361601251272,247.71924992952057,248.85484313964844,65584900
2018-11-09,247.55069347645488,247.7369943421544,245.02221628610278,246.42398071289062,98812600
2018-11-12,245.91830088689426,246.15783059184582,241.30493765127557,241.81951904296875,99673600
2018-11-13,242.28077116684062,244.26805216822555,240.64835790503545,241.36697387695312,98176600
2018-11-14,243.2300950162858,243.62931112227972,238.1642876570456,239.71685791015625,125335900
2018-11-15,238.45708683551868,242.68008730867362,236.88678240123062,242.21873474121094,135101400
2018-11-16,241.12743487882662,243.75348853932485,240.61285366295095,242.84857177734375,126668000
2018-11-19,242.24524622430246,242.53803170227891,237.82709332638234,238.7408905029297,103061700
2018-11-20,235.4228520885428,236.8778451067653,233.46218537100248,234.32275390625,136021300
2018-11-21,235.8664768641583,237.01095059988435,235.11239291801454,235.12124633789062,75563700
2018-11-23,233.48880927282028,234.94380235022106,233.3912321412432,233.55091857910156,42807900
2018-11-26,235.7954858771656,237.5432373902508,235.40512320903764,237.32144165039062,79981400
2018-11-27,236.29236938022643,238.11996459960938,235.6890913043429,238.11996459960938,75502400
2018-11-28,239.18453772119085,243.60269165039062,238.05779800456682,243.60269165039062,127629600
2018-11-29,242.83089305016975,244.46330680154117,241.69529969814263,243.07044982910156,82346400
2018-11-30,242.91960354945388,245.11094689940396,242.60023062784805,244.55201721191406,98204200
2018-12-03,248.65961007956355,248.7660676904571,246.20212331252992,247.7901611328125,103176300
2018-12-04,246.9651842740236,247.39104195901646,239.45074144985517,239.76126098632812,177986000
2018-12-06,235.9197036518377,239.5127837949778,232.83229721703475,239.39744567871094,204185400
2018-12-07,239.06033286080262,240.62178366519305,233.00088464890422,233.8348388671875,161018900
2018-12-10,233.65738817873518,235.24545336906925,229.44326882411715,234.27842712402344,151445900
2018-12-11,237.46337375728586,237.6496745818424,232.8677729204053,234.3316192626953,121504400
2018-12-12,237.2948278377277,238.65221668607788,235.43173820331026,235.51158142089844,97976700
2018-12-13,236.45204844224932,237.31261719912018,234.3228142517004,235.43179321289062,96662700
2018-12-14,233.2936874970852,234.24298002228866,230.53456073140043,231.08460998535156,116961100
2018-12-17,230.1352693427575,231.2442481147202,224.92750936156915,226.55105590820312,165492300
2018-12-18,228.18354154303177,228.8489289770709,224.70577130825953,226.30270385742188,134515100
2018-12-19,226.38247815956686,230.13525835424576,221.21908028326692,222.91358947753906,214992800
2018-12-20,221.6715124901372,223.23294946825146,217.0492837799574,219.2849884033203,252053400
2018-12-21,220.18186223190455,222.8321839675242,214.14947386453696,214.79197692871094,255345600
2018-12-24,213.31065410867478,214.91691180258488,209.05408824030314,209.11654663085938,147311600
2018-12-26,210.57110150476595,219.68212890625,208.5989713794765,219.68212890625,218485400
2018-12-27,216.46072697864727,221.56503617697558,213.23929261778002,221.3687286376953,186267300
2018-12-28,222.7161572592034,224.3402522831674,219.9230542277577,221.0831298828125,153100200
2018-12-31,222.69827977769467,223.26047325832633,220.83324293788365,223.01953125,144299400
2019-01-02,219.5036763783565,224.1707495507205,219.4769065496838,223.25160217285156,126925200
2019-01-03,221.5114719055297,221.81488595919683,217.4422949789893,217.92417907714844,144140700
2019-01-04,220.94034498117475,225.866196858448,220.56555382761132,225.22369384765625,142628800
2019-01-07,225.49141469210105,228.40051582840488,224.59905087670086,226.99951171875,103139100
2019-01-08,229.17686719364798,229.61411672120437,226.6603948566166,229.13223266601562,102512600
2019-01-09,229.83726775389098,231.04196459045048,228.61473344128325,230.20314025878906,95006600
2019-01-10,228.67717821153101,231.26502803517397,227.99897294347033,231.01516723632812,96823900
2019-01-11,229.94432646748032,231.1311857216218,229.36429537083583,231.1044158935547,73858100
2019-01-14,229.2125586590983,230.4975647437102,228.81101127814628,229.69444274902344,70908200
2019-01-15,230.0692251323306,232.63923705127664,230.06029278047396,232.326904296875,85208300
2019-01-16,232.7552380236273,233.77254582759014,232.55001177856187,232.8891143798828,77636700
2019-01-17,232.02350340495772,235.5126488760363,231.97886887854872,234.6559600830078,96118400
2019-01-18,236.45855492637688,238.24328241616914,234.69166490768163,237.77923583984375,127900300
2019-01-22,236.315794647781,236.5299532512682,232.96049795163958,234.56674194335938,115531200
2019-01-23,235.59301047584734,236.28905325371463,232.60358585615072,235.05758666992188,86030300
2019-01-24,234.8790794198042,235.76253814239962,233.87070392027388,235.18247985839844,59204100
2019-01-25,237.0206800061466,237.99338028383457,235.28058734576726,237.17239379882812,96883400
2019-01-28,235.03968757694557,235.43230255005764,233.61190021304918,235.36985778808594,85613700
2019-01-29,235.51270098987644,236.07486739167285,234.22769474876972,235.05758666992188,66136300
2019-01-30,236.56565691157263,239.61752596151732,235.80714220909275,238.77870178222656,92473700
2019-01-31,238.7162577136501,241.35764703451966,238.50207187540778,240.87576293945312,104012100
2019-02-01,241.07202393455245,242.00902206526078,240.2064301430401,240.99171447753906,85782500
2019-02-04,241.03643797260395,242.7497889132525,240.3671649420488,242.68731689453125,60744800
2019-02-05,243.11558072808432,244.00794447257655,242.6158592097911,243.7045440673828,79552800
2019-02-06,243.42798109690716,243.91877039958163,242.65162878081327,243.3833465576172,58347800
2019-02-07,241.77706684167765,242.32139572551998,239.41230805498316,241.0631866455078,95482000
2019-02-08,239.8227686891252,241.45578244326347,239.00178201946778,241.35763549804688,75788900
2019-02-11,242.0090871381183,242.26785304714784,240.96500945065426,241.4915008544922,68021400
2019-02-12,243.09780467087796,244.97174722150217,243.02640030292272,244.5969696044922,72270200
2019-02-13,245.42676967549392,246.22989150119363,245.00735767733852,245.3910675048828,65277200
2019-02-14,244.31130186488124,245.9711122984601,243.49924773242807,244.8467254638672,83234400
2019-02-15,246.61365742159327,247.55065579201292,246.4084311676484,247.51495361328125,97088700
2019-02-19,246.72077942009167,248.59472181280694,246.71184706665318,247.9433135986328,59120800
2019-02-20,247.90756947125925,248.89810738786227,247.4078479533843,248.4429931640625,76610800
2019-02-21,247.8094463542468,248.16638643950316,246.60474973782155,247.55958557128906,64214700
2019-02-22,248.175306220895,249.2907610737079,247.54173548967697,249.09446716308594,78114600
2019-02-25,250.51331257734034,251.03087162618647,249.35322323654609,249.43353271484375,69030700
2019-02-26,249.08548411864552,250.12953439804548,248.88023066369644,249.25503540039062,56844100
2019-02-27,248.5411973303144,249.49603329183844,247.61315843074175,249.1480255126953,56921600
2019-02-28,248.93375966196626,249.37103637487337,248.36266107901955,248.68389892578125,69268300
2019-03-01,250.2545623297113,250.64720466832037,248.80893700700886,250.23672485351562,78880500
2019-03-04,251.2896116987926,251.53054008280552,247.04195196952872,249.32640075683594,106494600
2019-03-05,249.4513359437783,249.64765703105064,248.4429606879148,248.98728942871094,59114600
2019-03-06,249.10329531143796,249.11222766199143,247.15794918510673,247.47918701171875,75039800
2019-03-07,247.0330474088362,247.17582887820254,244.57014195241382,245.40896606445312,94885100
2019-03-08,243.56172321063352,245.08765734175708,243.09770394234135,244.91810607910156,85795800
2019-03-11,245.63201680925292,248.63034547696088,245.6052469901761,248.4697265625,65098900
2019-03-12,249.02304363607198,249.9243398022675,248.83565486040146,249.40675354003906,79667500
2019-03-13,250.2902734857053,251.98575969985632,250.12962726303425,251.0576934814453,80639200
2019-03-14,251.0843766719062,251.50378871150951,250.4597384047559,250.89698791503906,67518400
2019-03-15,251.44647499765688,252.94327154458463,251.25823345246562,252.13661193847656,81309000
2019-03-18,252.3517335915356,253.34663482057678,252.12765994162206,253.05084228515625,62199800
2019-03-19,254.1085182803817,254.87034689058007,252.2262939462735,253.11361694335938,90268100
2019-03-20,252.89845368516478,254.09948500568512,251.24927512477552,252.35169982910156,84609200
2019-03-21,251.53607866734464,255.60523563223617,251.4912475347911,255.20191955566406,79550400
2019-03-22,253.84848123456993,254.36831991076338,250.2274444826354,250.29019165039062,122659300
2019-03-25,249.94962291682367,251.1327381271828,248.8471982754422,250.1020050048828,85575200
2019-03-26,251.8497249239341,252.91631732203692,250.5680306481403,251.96624755859375,68125900
2019-03-27,251.95740163344257,252.54001509756645,249.10719092036103,250.64881896972656,72224700
2019-03-28,251.27610207747526,252.04690201426772,250.12884651505917,251.5987548828125,56238500
2019-03-29,253.1046547584541,253.50797093200384,251.9842864662468,253.18531799316406,82186800
2019-04-01,255.1750459210547,256.48362818526266,254.90614116907568,256.1878356933594,77617900
2019-04-02,256.37613220062264,256.54643037423904,255.52464133254082,256.3133850097656,40070400
2019-04-03,257.52330374578105,257.9176754549509,256.11611502682194,256.7166442871094,68243200
2019-04-04,257.03934532302384,257.6488190413837,256.3492083789462,257.3978576660156,48997500
2019-04-05,258.0610604303663,258.69742170866954,257.77423969689164,258.6436462402344,58621700
2019-04-08,258.22246643485846,258.94846283525817,257.56816156356155,258.8409118652344,53566300
2019-04-09,257.88185781115266,258.20451070581373,256.9676472568753,257.5143737792969,66142300
2019-04-10,257.9265791751795,258.48230457074334,257.51429149061323,258.3926696777344,52601500
2019-04-11,258.8767125839089,258.88568428123676,257.756344527357,258.3210144042969,55093100
2019-04-12,259.92534573388645,260.3466051469437,258.3658024123571,260.0687561035156,69727800
2019-04-15,260.14051873172986,260.2391253546279,259.10081378222185,259.8985290527344,49596700
2019-04-16,260.7768362558313,260.8306117253508,259.4771985860694,260.0687561035156,52153200
2019-04-17,261.1801610882623,261.20704882392914,259.02008848058534,259.4324035644531,58268300
2019-04-18,260.0149561591169,260.21214197970477,258.72429030667405,259.9432373046875,68708500
2019-04-22,259.18151727193475,260.3198015483036,259.09188234285483,260.16741943359375,40160100
2019-04-23,260.5348552038877,262.73975916905067,260.30183725475945,262.5067138671875,52246600
2019-04-24,262.4260254214715,262.7576499482489,261.7806924075933,261.9241027832031,50392900
2019-04-25,261.8255035173805,262.4170610760673,260.57966858301586,261.76275634765625,57770900
2019-04-26,261.807637361224,263.0534725329662,261.0368098429491,262.9817810058594,50916400
2019-04-29,263.0714205795363,263.9139396398111,262.98178565451457,263.3940734863281,57197700
2019-04-30,263.0533770314901,263.8152325750082,261.6462159200732,263.5284118652344,81111700
2019-05-01,264.15588846112246,264.3620460215108,261.53869676009515,261.54766845703125,71671900
2019-05-02,261.4312406273111,262.345478758876,259.4952407256227,260.98309326171875,65030200
2019-05-03,262.4529060957811,263.8152635983207,261.09052124050993,263.53741455078125,56543700
2019-05-06,259.2532245016897,262.89217855020974,258.93951590728454,262.4530029296875,107198100
2019-05-07,260.05990474568057,260.6514625368594,256.16998898496854,258.07012939453125,144729900
2019-05-08,257.7115478515625,259.41450187392644,257.11999021906496,257.7115478515625,91568300
2019-05-09,255.65009859984357,257.53229523036543,253.92022936912662,256.9317932128906,103471100
2019-05-10,255.9995922364823,258.97529609388704,253.02388837907756,258.222412109375,112429300
2019-05-13,253.1314136370308,254.0904276188536,250.8996225352691,251.73316955566406,127290500
2019-05-14,252.74609382656956,255.5335841272381,252.62062681179003,254.00987243652344,77003200
2019-05-15,252.38749276835136,256.1339961418753,252.18133524534448,255.4976348876953,73956400
2019-05-16,256.19670927137565,259.21721609458257,256.1250177766132,257.86383056640625,76749600
2019-05-17,255.56932681582998,258.6704969130999,255.55138342710202,256.19671630859375,100353000
2019-05-20,254.60132581377306,256.30427930684,253.75880708566228,254.50274658203125,62877600
2019-05-21,256.1878621920293,257.1737916791253,255.93690080919936,256.79736328125,46847100
2019-05-22,255.8473100078011,256.95870658280177,255.53360142051318,256.0086364746094,49482500
2019-05-23,253.79468821165935,253.83949198396766,251.47328933984457,252.88047790527344,98733800
2019-05-24,254.31458236521192,254.72689751246438,252.83570197072484,253.4541473388672,55268100
2019-05-28,253.73201669108084,254.6820867101874,251.07899252561756,251.09690856933594,70029400
2019-05-29,249.9855221480754,250.38883829349157,248.0136631502421,249.41188049316406,104972900
2019-05-30,250.16470909269745,250.99828364691183,248.9995373499436,250.093017578125,62523800
2019-05-31,247.55649011464865,248.38106553151368,246.69602791522783,246.72291564941406,86862800
2019-06-03,246.75892201410744,247.8703188259042,244.76914644130386,246.09567260742188,96428000
2019-06-04,248.38104197192473,251.57184710544496,247.93289487617494,251.43740844726562,77231900
2019-06-05,253.05073249245584,253.64228995389374,251.24919972865675,253.6154022216797,71169700
2019-06-06,253.91126241776183,255.93686927504896,253.2659293196054,255.2646484375,69430400
2019-06-07,256.2775552616853,258.89474800732216,256.107257068335,257.8191833496094,74272200
2019-06-10,259.36067899996857,260.6603166850076,258.91253184688355,259.0021667480469,60799100
2019-06-11,260.81267444687654,261.18015839902773,258.29408960533016,258.9394226074219,58641300
2019-06-12,258.7064649888135,259.2621632182266,257.97149691319186,258.4823913574219,47096300
2019-06-13,259.3876542480068,259.907520438509,258.68854554743615,259.5489807128906,48945200
2019-06-14,259.26220703125,259.8627091473257,258.50035108522394,259.26220703125,52324700
2019-06-17,259.49506486872434,260.1224816964581,259.1903281489675,259.3606262207031,39205700
2019-06-18,261.1711774824396,263.12509225444643,260.8126379238055,262.076416015625,85434800
2019-06-19,262.2109718257297,263.1969013470161,261.2429857020286,262.6680908203125,78674400
2019-06-20,265.33896606301266,265.5809556714044,262.7307464283125,265.1776123046875,116570000
2019-06-21,264.90926466616133,266.1611589574299,264.57602721062443,264.79217529296875,83309500
2019-06-24,264.9992777515645,265.3144844743363,264.31477232569165,264.4678955078125,47582700
2019-06-25,264.5219777826687,264.5489962916945,261.7659799189752,261.8740539550781,82028700
2019-06-26,262.7657201720802,263.27008405135524,261.5048104738926,261.6128845214844,51584900
2019-06-27,262.36946195434285,263.04495231895413,261.99120274219365,262.54058837890625,40355200
2019-06-28,263.51325387039157,264.3868890801006,262.99990213807325,263.89154052734375,59350900
2019-07-01,267.20598003847806,267.42215565476,265.0894379746776,266.2873229980469,78705600
2019-07-02,266.24220085033335,267.0347804260212,265.404599588386,266.9807434082031,61504500
2019-07-03,267.6562409177344,269.1333260737654,267.5121330376996,269.11529541015625,40898900
2019-07-05,267.8904556118029,268.97125111423253,266.6025273362104,268.8091125488281,51677300
2019-07-08,267.5031881847624,268.6290054105684,266.79166400203684,267.3320617675781,45841800
2019-07-09,266.17921005141125,267.96248683915957,266.12517302667766,267.665283203125,41101300
2019-07-10,268.7280047678734,269.88985558425395,268.1966224529746,268.94415283203125,58448500
2019-07-11,269.5837223653779,269.8178736807302,268.5749944309455,269.57470703125,50826100
2019-07-12,270.0610735778993,270.8536533963706,269.75485455454003,270.7815856933594,40326000
2019-07-15,271.2138042557839,271.2138042557839,270.3671877313272,270.8715515136719,33900000
2019-07-16,270.78155022134894,270.9887104831493,269.6917668565987,269.99798583984375,36650100
2019-07-17,269.9709981269623,270.1331092273333,268.1606750488281,268.1606750488281,36036300
2019-07-18,267.66527620399694,269.5206206333886,267.22396468495583,269.142333984375,51392600
2019-07-19,270.23214960844706,270.2591681205926,267.4761514265193,267.64727783203125,58678600
2019-07-22,268.0435207619146,268.8451157071079,267.53016906834114,268.3047180175781,43638100
2019-07-23,269.42154655627746,270.2231140136719,268.59293310299523,270.2231140136719,44564500
2019-07-24,269.4665712532843,271.4930419921875,269.37650038995713,271.4930419921875,47213200
2019-07-25,271.0426920080247,271.09672902425126,269.394480555815,270.1960754394531,55394100
2019-07-26,270.8806220571784,272.20458412713305,270.7545173430064,272.0064392089844,45084100
2019-07-29,271.8893034379059,272.0063927994392,270.9616313625273,271.5110168457031,38126500
2019-07-30,270.11504669745034,271.24987912226163,269.7367600605903,270.8445739746094,45849000
2019-07-31,271.0877952542594,271.2769523537297,265.8730292190799,267.8814697265625,104245200
2019-08-01,268.03454960744455,270.9796773444244,264.75615690970017,265.5487365722656,142646600
2019-08-02,264.6570385621389,264.90020511418425,262.0000997218517,263.5492248535156,116749700
2019-08-05,259.46934746825957,259.57742152550486,253.73218721471815,255.62356567382812,178745400
2019-08-06,257.5059692772363,259.4243665522127,256.037898968751,259.20819091796875,120711700
2019-08-07,256.1458361185571,260.126736468064,254.02030716610733,259.3611755371094,140572300
2019-08-08,260.8473060496784,264.4499206542969,260.29792051564283,264.4499206542969,87713900
2019-08-09,263.5133016745195,264.10773653712675,260.8743923871046,262.648681640625,93730000
2019-08-12,261.1535149881845,262.6395879585057,258.50559115636844,259.4512939453125,65527600
2019-08-13,259.1540643328322,264.9272573466739,258.8118115588366,263.4862060546875,94299800
2019-08-14,259.4512943212401,260.0547168532412,255.56947942671005,255.695556640625,135622100
2019-08-15,256.57822347266244,257.2627290614845,254.33560461612663,256.3710632324219,99556600
2019-08-16,258.01926387137956,260.58610474870034,256.4250893426971,260.15380859375,83018300
2019-08-19,263.16203921415007,263.96360681327474,262.48654885595346,263.2881164550781,53571800
2019-08-20,262.78375220434907,263.3151346538664,261.14458315961394,261.2706604003906,51596400
2019-08-21,263.4231977101356,263.7654230198255,262.73869211921766,263.39617919921875,49524700
2019-08-22,264.09877760094275,264.7292188982226,261.5499114344017,263.315185546875,51666400
2019-08-23,262.0182141461367,263.6754138307136,255.30833237879608,256.5512390136719,149161500
2019-08-26,258.73078802640924,259.3882751464844,257.2086810185283,259.3882751464844,72423800
2019-08-27,260.7753021102791,261.1445734568892,257.6139985597237,258.37054443359375,66668900
2019-08-28,257.71305228068184,260.3519609162439,256.91145732757764,260.1898498535156,59696700
2019-08-29,262.7386652204971,264.0356085832633,261.7389254473887,263.5132141113281,57899400
2019-08-30,264.99032631484863,265.00832949353685,262.46850701004956,263.39617919921875,62901200
2019-09-03,261.7028918471687,262.61253318404823,260.53202581575215,261.8559875488281,69101400
2019-09-04,264.01763373547163,264.8462197315112,263.2700757868123,264.8282165527344,46887300
2019-09-05,267.3050851284011,269.142399338986,264.7922529907369,268.2327575683594,83258100
2019-09-06,268.5478903361211,269.07927265061045,267.87240015038213,268.4397888183594,49584300
2019-09-09,269.42153725651303,269.51158062995825,267.63823319286826,268.5749206542969,51260300
2019-09-10,267.81835045130987,268.5749236886284,266.5664561971447,268.5118713378906,57947100
2019-09-11,268.8181022138992,270.50232018051446,268.1696304715146,270.4212646484375,68821100
2019-09-12,271.321967859559,272.4117513041566,270.5654219362683,271.3580017089844,72908700
2019-09-13,271.79924860741954,272.150516712728,270.8085241273065,271.17779541015625,62104800
2019-09-16,270.05205515889173,271.2229216903592,269.700814439494,270.34027099609375,58191200
2019-09-17,270.1421295676581,271.11482367368455,269.9710031299481,271.0247802734375,41475500
2019-09-18,270.6374155757433,271.29490265718533,268.6109447952342,271.18682861328125,73375800
2019-09-19,271.57428124635965,272.5650064416578,270.8357381475204,271.1689758300781,76560500
2019-09-20,271.76951034203915,272.05002766312936,269.1003296310258,269.88751220703125,89565000
2019-09-23,269.2270389853923,270.53902859724644,268.97369250459167,269.82421875,43476800
2019-09-24,270.9100771613818,271.2991401437469,266.747931631159,267.70703125,94869400
2019-09-25,267.78841257718466,269.73375474914366,266.31356316285877,269.2904052734375,71854000
2019-09-26,269.29949827937514,269.507587597765,267.32701256150625,268.7294616699219,56179700
2019-09-27,269.48042710932464,269.5890278573318,265.7345158777197,267.28173828125,84746600
2019-09-30,267.7975229006122,269.22711538810705,267.75229329262123,268.5213623046875,51662400
2019-10-01,269.39902066453936,270.05048714568625,265.1102157710653,265.3273620605469,88242400
2019-10-02,263.75303184079075,263.7620888083091,259.3556532089676,260.6404724121094,122539500
2019-10-03,260.41421121100484,262.8029306373284,257.70882934443205,262.7757873535156,85278800
2019-10-04,263.42719336876263,266.5849809832063,263.3728792008926,266.3316345214844,65091200
2019-10-07,265.5354464421896,267.1550692865488,264.9020663585836,265.18255615234375,59610500
2019-10-08,263.33670155445475,264.06959764806624,261.029412552643,261.06561279296875,95708100
2019-10-09,263.0743680413565,264.47681708385716,262.45004489012706,263.54486083984375,62359400
2019-10-10,263.4634494419576,266.2050317974711,263.3005897248464,265.3273620605469,55296300
2019-10-11,268.06897647988654,270.30386601879087,267.9513739674856,268.0780334472656,98720400
2019-10-14,267.7613050131464,268.4308854111592,267.4355855865738,267.7794189453125,40394800
2019-10-15,268.81988478165454,271.1724035525062,268.7022547012077,270.4304504394531,46754500
2019-10-16,269.9690420180844,270.6838519974688,269.5618927483342,269.9961853027344,48928200
2019-10-17,271.154339092206,271.66103213680316,270.1047527533405,270.79241943359375,45736600
2019-10-18,270.25852194722205,270.90093126683837,268.75652947180714,269.6070556640625,64304000
2019-10-21,270.91912254267635,271.6339049366315,270.48480235900485,271.4348449707031,39048600
2019-10-22,271.96869222968974,272.2582390304072,270.4576699114692,270.54815673828125,48594700
2019-10-23,270.2947977198641,271.3896137194795,270.08668078906885,271.3353271484375,34352200
2019-10-24,272.2672627207654,272.4120361034301,270.95527292409713,271.7786560058594,35453100
2019-10-25,271.2086047238799,273.4344642972805,271.1543181599138,272.8915710449219,45205400
2019-10-28,274.10402913693105,274.92741221048794,274.0768858537456,274.42974853515625,42147000
2019-10-29,274.1583856411072,275.2713157610166,274.0316985454579,274.348388671875,44284900
2019-10-30,274.54735182453754,275.56073778143866,273.2444191334657,275.1897888183594,49643900
2019-10-31,275.180806729654,275.180806729654,273.00926085789666,274.4569396972656,69053800
2019-11-01,275.8954561925844,277.0445581959188,275.732568947176,276.99932861328125,71141500
2019-11-04,278.5467164658584,278.6824329073958,277.74141955822927,278.1123962402344,60606900
2019-11-05,278.31150277860974,278.61010661264385,277.5152627047973,277.8048095703125,42933200
2019-11-06,277.80469846330715,278.1394748121064,276.9270288619723,277.8680419921875,46487100
2019-11-07,279.19810510600064,280.1752908251547,278.374722106779,278.84521484375,54272300
2019-11-08,278.5014892098723,279.5872760844092,277.80479299321394,279.5329895019531,49032100
2019-11-11,278.1576150386581,279.171001145757,278.0218710031677,278.99908447265625,35797300
2019-11-12,279.36107697224537,280.4830365100918,278.8181835268428,279.5872802734375,46484600
2019-11-13,278.6009741782715,280.07582378648766,278.37477092824327,279.6777038574219,53917700
2019-11-14,279.3972302414338,280.16632685867756,278.7638500595382,280.0848693847656,51219900
2019-11-15,281.4149096673068,282.1568629025422,280.7272706119639,282.11163330078125,62023600
2019-11-18,281.8763222079318,282.5549317880183,281.4239158212075,282.3196716308594,49228000
2019-11-19,282.91692151590615,282.92597848194833,281.59590227071726,282.2383117675781,67804700
2019-11-20,281.65021472804375,282.165964811224,279.64152858386626,281.1887512207031,79406200
2019-11-21,281.29733539676613,281.4059085420427,279.94011585540426,280.736328125,54664700
2019-11-22,281.47816473081514,281.61388110614143,280.35620587786343,281.36053466796875,44850200
2019-11-25,282.2835536082596,283.5412292480469,282.2835536082596,283.5412292480469,48647200
2019-11-26,283.5774759909728,284.3646589671821,283.2607858845415,284.1836853027344,37569000
2019-11-27,284.6631984481001,285.4504089355469,284.4460521689153,285.4504089355469,44444600
2019-11-29,284.8893290824325,285.1336461969463,284.1654899278364,284.3916931152344,36592700
2019-12-02,284.64513407824325,284.7084776187902,281.55068891044095,281.9759521484375,75767800
2019-12-03,279.27054315997344,280.16632685867756,277.89523726060673,280.0848693847656,73941700
2019-12-04,281.1254102128774,282.4102292100744,280.78157685476225,281.81304931640625,49080000
2019-12-05,282.50970219442365,282.5277885093226,281.01673902807784,282.3196716308594,40709000
2019-12-06,284.21988870502037,285.29661851118567,284.2108317378864,284.89849853515625,48927000
2019-12-09,284.5094091482941,285.1789619492192,283.9303155595032,284.0027160644531,34838500
2019-12-10,283.94846921875524,284.60896514579474,283.03459910164406,283.6860656738281,52649800
2019-12-11,284.1384121824113,284.7446490140432,283.6045758505534,284.4913024902344,53429100
2019-12-12,284.50035315953534,287.7214853233215,284.26512054939514,286.943359375,96389600
2019-12-13,286.7081184759016,288.3367986002163,285.93902182936716,287.11529541015625,81503900
2019-12-16,288.834361024335,289.67583035344785,287.0518785933374,289.08770751953125,82749700
2019-12-17,289.4677214948956,289.7662975676277,289.0696016561228,289.1510314941406,61097700
2019-12-18,289.540104991012,289.76630819803626,289.11484185729864,289.16912841796875,48133000
2019-12-19,289.35919234435806,290.42689269211144,289.10584580362206,290.3544921875,85310500
2019-12-20,291.38189255833026,292.7548861145354,290.40900397558755,291.6274108886719,147142100
2019-12-23,292.409389830018,292.4639432977859,291.92748236576335,292.0729675292969,52990000
2019-12-24,292.3002756332288,292.3457276057537,291.7819899538515,292.0820617675781,20270000
2019-12-26,292.46394678754814,293.6460033496912,292.4548730417836,293.63690185546875,30911200
2019-12-27,294.3643636924412,294.4189171726763,293.0368494259481,293.564208984375,42528800
2019-12-30,293.64608246478554,293.78246617257753,291.4638321462517,291.94573974609375,49729100
2019-12-31,291.44551040796875,292.90033397291086,291.09998668959423,292.6548156738281,57077300
2020-01-02,294.18244866671154,295.40995713786896,293.26408574966416,295.3917541503906,59151200
2020-01-03,292.01848272129286,294.2734616635699,291.9639292406983,293.1550598144531,77709700
2020-01-06,291.40915060001015,294.3551761359796,291.29094218905,294.2733459472656,55653900
2020-01-07,293.70958866181826,294.1824223186019,293.0003659250968,293.4459228515625,40496400
2020-01-08,293.6368940302927,296.21919321098,293.3914034289501,295.0098876953125,68296000
2020-01-09,296.5646332496349,297.0829187878938,295.98269276840745,297.0101623535156,48473300
2020-01-10,297.59213543819175,297.7466943183919,295.691782671494,296.1554870605469,53029300
2020-01-13,296.77387604888196,298.20139552344506,296.34652203143133,298.19232177734375,47086800
2020-01-14,297.7558766573116,298.80152187526085,297.183037449198,297.7377014160156,62832800
2020-01-15,297.64680703898097,299.1652584571871,297.56497682019716,298.41058349609375,72056600
2020-01-16,299.78349174098173,300.8927917480469,299.5561763932098,300.8927917480469,54050300
2020-01-17,301.60209133261856,302.03851915247486,300.82921340367295,301.82940673828125,95846000
2020-01-21,300.8746127318583,302.0384662952364,300.80188402409743,301.2383117675781,77742400
2020-01-22,302.09295728378254,302.7385527682541,301.1200688078495,301.2746276855469,48914900
2020-01-23,300.6291779260028,302.02944860930927,299.51987762466234,301.6202697753906,51963000
2020-01-24,302.27492953861935,302.3567597530786,297.6558650559744,298.93792724609375,87578400
2020-01-27,293.7186726961124,295.61902545785193,293.3822504593696,294.1460266113281,84062500
2020-01-28,295.5645514816852,298.10139892647504,294.23703741404154,297.228515625,63834000
2020-01-29,298.5832802273967,298.8105955905337,296.78293256190744,296.98297119140625,53888900
2020-01-30,294.9280227504924,298.1559174611264,294.18244947017035,297.94677734375,75491800
2020-01-31,297.3285728012533,297.4831594979668,291.62751199111693,292.5367736816406,113845600
2020-02-03,294.00971748755245,296.5647401340601,293.89150905042175,294.7098388671875,69083000
2020-02-04,298.30146950480867,300.0654392862416,297.9832223847323,299.2016296386719,62573200
2020-02-05,302.1203687719825,302.8659700100723,300.66557228107905,302.6568298339844,65951100
2020-02-06,303.61142439918666,303.8660164368016,302.6021299921927,303.6750793457031,50359700
2020-02-07,302.6205005372842,303.68432123946525,301.51120009878736,302.0567626953125,64139400
2020-02-10,301.1747098442984,304.3753004752346,301.1383316131343,304.3116455078125,42070000
2020-02-11,305.6573495767884,306.4393011485693,304.31163256555146,304.8390197753906,54864500
2020-02-12,306.2665812903475,307.0121824833329,305.9028821896233,306.8030700683594,43992700
2020-02-13,305.3845525961196,307.43949245570366,305.11178524682026,306.4756774902344,54501900
2020-02-14,306.88484460300674,307.084883234379,305.6937143088903,306.9666748046875,64582200
2020-02-18,305.9755900262363,307.030336674616,304.7935334511837,306.1756286621094,57226200
2020-02-19,307.13950458761127,308.3124321527396,306.8576356922582,307.63958740234375,48814700
2020-02-20,307.0939985769431,307.91235620151554,303.4023987648629,306.3757019042969,74163400
2020-02-21,305.0299107358874,305.3390562696756,302.40213207600556,303.2204895019531,113788200
2020-02-24,293.81882355212537,303.29331442700584,292.0912042145217,293.1641540527344,161088400
2020-02-25,294.5461162383918,295.155305787831,283.4076649920906,284.2805480957031,218913200
2020-02-26,285.671768973568,289.2451599784566,282.5075567395727,283.2349548339844,194773800
2020-02-27,277.7429227487086,283.2894217055926,270.5143127441406,270.5143127441406,284353500
2020-02-28,262.50382297406543,270.8599389145115,259.6305531200936,269.3778381347656,384975800
2020-03-02,271.1508997939303,281.1073256272958,267.74116872064934,281.0436706542969,238703600
2020-03-03,281.4163813351624,285.36257217334344,270.5689003394488,272.9966125488281,300139100
2020-03-04,278.3431734580503,284.68982980097513,275.8063256703997,284.4715881347656,176613400
2020-03-05,277.3065542615763,280.47986769668034,272.7875239528955,275.01519775390625,186366800
2020-03-06,266.5500180417733,271.66916501204014,263.89498985282967,270.46893310546875,228667200
2020-03-09,250.31967519710847,258.4030231010972,248.63756365214644,249.34678649902344,309417300
2020-03-10,258.8121992811534,262.3401104916032,248.6830131414344,262.24920654296875,276444100
2020-03-11,255.22970801029587,256.35718336366966,246.30075363543554,249.4649658203125,255316300
2020-03-12,232.77096668988705,242.46369855452352,225.20590361283493,225.59689331054688,392220700
2020-03-13,239.21757012675997,246.84628632830442,225.9696392013214,244.8822784423828,329566100
2020-03-16,219.29568561096787,233.5892777421095,215.8223138369543,218.0863800048828,297240000
2020-03-17,222.8054346579501,232.92553359423098,215.55863317608555,229.86131286621094,262070500
2020-03-18,214.81301736831665,225.83326169260155,207.32979952636524,218.22274780273438,327597100
2020-03-19,217.5408131695705,224.93311358035257,211.14870595523684,218.6864776611328,289322000
2020-03-20,221.8199425120468,223.59428478802053,208.98798960588374,209.2623748779297,347158800
2020-03-23,208.70444775234532,210.0672050409845,199.62238105359475,203.91189575195312,326025200
2020-03-24,214.4024524745698,223.25586710368103,213.83539985668068,222.38697814941406,235494500
2020-03-25,223.96010990179323,234.45982229383785,219.27732029095014,225.71615600585938,299430300
2020-03-26,228.21305908392085,240.35904181839467,227.78319208122267,238.89569091796875,257632800
2020-03-27,231.64281313729845,238.53895253940948,229.6123819008434,231.77999877929688,224341200
2020-03-30,233.8653046759227,240.02061371023277,231.8806066353149,239.30722045898438,171369500
2020-03-31,238.31034256656636,240.84379757477546,234.3409457915001,235.74029541015625,194881100
2020-04-01,226.80454835925843,235.6579634150699,223.0729450503608,225.1308135986328,189554600
2020-04-02,224.25280722102684,231.1032143313986,223.70403666870678,230.3258056640625,177660400
2020-04-03,229.34713296100213,231.68854153043867,224.2802099883143,226.99659729003906,135561200
2020-04-06,235.822623231847,244.20043940890423,226.97836180136105,242.2431640625,188061200
2020-04-07,250.79469636061012,251.5446817524612,242.27056950109602,242.4900665283203,201427200
2020-04-08,245.07844752732382,252.4319065328866,242.59986669510207,250.630126953125,153774500
2020-04-09,253.87691974147597,257.1878247130065,251.94710992928742,254.44400024414062,189999200
2020-04-13,253.47447952429596,253.8128800251208,248.23376553259592,252.120849609375,114839100
2020-04-14,256.9866545266391,260.5719034927361,251.9837459245979,259.55670166015625,134143400
2020-04-15,253.8678939009894,259.69394571454524,251.9380554074136,254.0416717529297,121775000
2020-04-16,255.31282433909425,256.1176838661425,252.21231765151262,255.26710510253906,131798300
2020-04-17,261.01085394981624,262.7668858033959,258.28531186903615,262.16326904296875,146684800
2020-04-20,258.4774461101888,262.3005301330581,257.32505859712245,257.5445556640625,100109300
2020-04-21,253.09950011214448,254.29763444548425,248.7916760256004,249.72459411621094,126385700
2020-04-22,254.58114908448044,257.0048547659632,253.26411129687816,255.26710510253906,92951600
2020-04-23,256.5384258881297,259.69383510664437,254.94701667094412,255.2488250732422,104709700
2020-04-24,256.7579880798874,259.47437574126815,254.7184016023535,258.80670166015625,85063200
2020-04-27,260.77305162758813,263.6540615008413,260.3157475870202,262.5382385253906,77896600
2020-04-28,266.1692506121664,266.5168061709099,261.02915733590845,261.33099365234375,105270000
2020-04-29,266.63576694119143,269.69971044755005,265.61141007125656,268.17230224609375,118745600
2020-04-30,266.8003346785692,268.2728683089117,263.94676172651174,265.6753845214844,122901700
2020-05-01,260.94680035075305,265.83995862251214,257.4804282938248,258.6419982910156,125180000
2020-05-04,256.7671117660128,259.6572771920801,255.2946058776954,259.35546875,80873200
2020-05-05,262.1633243825663,264.5504385375619,259.4835009746892,261.7517395019531,79569900
2020-05-06,263.44375944285997,263.82787926465915,259.54751949484415,259.9773864746094,73632600
2020-05-07,263.1785312311904,265.03518491368027,262.6114785663358,263.114501953125,75250400
2020-05-08,266.2332909565574,267.9344766802259,265.1083128503956,267.468017578125,76452400
2020-05-11,265.5473917828157,268.8948617788462,265.12667974630995,267.52294921875,79514200
2020-05-12,268.7027718058145,269.1143287808688,262.05355181087856,262.1907653808594,95870800
2020-05-13,261.6327942663051,262.66630589864803,255.1390710892638,257.55364990234375,144721100
2020-05-14,255.1299635672098,260.7639254068416,249.67887870539946,260.6358947753906,121977900
2020-05-15,258.25795394887507,261.8797951803383,257.31590846985506,261.8340759277344,111146300
2020-05-18,268.0259812100901,271.4100434642727,267.7058905984954,269.8094787597656,119703800
2020-05-19,269.2149188705736,270.9160766593907,267.0198648575471,267.03814697265625,95189300
2020-05-20,270.5594137391396,272.4343494490496,270.33076168126627,271.5746154785156,85861700
2020-05-21,271.4465815641365,272.2514412639975,268.6112904984,269.6996765136719,78293900
2020-05-22,269.4161483468762,270.3856308209663,268.18142167542106,270.21185302734375,63958200
2020-05-26,276.147685456707,276.3854925534355,270.2301684648863,273.5410461425781,88951400
2020-05-27,276.32133092376387,277.64752352729266,271.51963950712303,277.6109313964844,104817400
2020-05-28,278.6354121938182,280.6384065978622,276.4312028479003,277.098876953125,90405200
2020-05-29,276.63225014251344,278.918769500096,273.89758192256096,278.33343505859375,119090800
2020-06-01,277.69336979462093,280.06220196111565,277.18119137546694,279.45855712890625,55758300
2020-06-02,280.37308124642124,281.818177568528,279.0469163460415,281.7724304199219,74267200
2020-06-03,283.7480576450486,286.473600307981,283.47368633170566,285.52239990234375,92567600
2020-06-04,284.54374784901324,286.27237076977303,282.6870942924348,284.77239990234375,75794400
2020-06-05,290.1411436356498,293.83614034000306,290.07711436853054,292.0709533691406,150524700
2020-06-08,292.87583692887944,295.7934392999696,292.3362214439441,295.60137939453125,73641200
2020-06-09,292.9490092600261,295.6745518741366,292.089275278113,293.3971862792969,77479200
2020-06-10,293.97334309587063,294.86051405519015,291.0465860578865,291.7599792480469,95000800
2020-06-11,284.8639052224834,285.49498720882065,274.3916564962647,274.9403991699219,209243600
2020-06-12,281.9188104439579,282.68707794933687,273.1020022913101,278.2329406738281,194678900
2020-06-15,272.571533180231,281.95542250093104,271.4008357686363,280.8304443359375,135782700
2020-06-16,288.54060937107715,288.68695003469736,281.39752145340583,286.23577880859375,137627500
2020-06-17,287.25102322318884,287.5437045654918,284.3151106090864,285.04681396484375,83398900
2020-06-18,283.53770864356693,285.63214141110257,283.0804045248097,285.15655517578125,80828700
2020-06-19,288.60695612206905,288.7998612118977,281.5885862007756,283.52691650390625,135549600
2020-06-22,282.92975500160884,285.740769602764,281.7906591077808,285.34576416015625,74649400
2020-06-23,287.9823496002109,288.9101782214897,286.2553144785873,286.6595153808594,68471200
2020-06-24,284.62918451943716,285.24468083304134,277.5189755901933,279.3470458984375,132813500
2020-06-25,278.777527255436,282.60823878319684,276.7657189618887,282.3418273925781,89468000
2020-06-26,281.24869621906464,281.45999191166675,275.05711847124337,275.6358337402344,127961000
2020-06-29,276.88519211835774,279.82480106993296,274.6069720524608,279.68701171875,79773300
2020-06-30,279.2552015830545,284.95993198050036,279.0990496919848,283.2696228027344,113394800
2020-07-01,284.3812217292925,286.5124569965103,283.9219052338294,285.25390625,72396500
2020-07-02,288.6712011809494,290.01242543532555,286.1633512394865,286.82476806640625,69344200
2020-07-06,290.6279302554761,291.83133729460695,289.8838397361495,291.2525939941406,61713800
2020-07-07,289.71850628424903,291.68436650450917,287.87204481586895,288.2486877441406,82910000
2020-07-08,289.0111086325023,290.5636006128082,287.25654430949635,290.453369140625,54638600
2020-07-09,291.05960293018705,291.2984564209568,285.4008217135947,288.7997741699219,83354200
2020-07-10,288.7355118423281,292.0150381063535,287.31164202517806,291.7486267089844,57550400
2020-07-13,294.082050619167,296.4521119385348,288.5702514225846,289.22247314453125,102997500
2020-07-14,287.807747773912,293.74213796529875,286.6135359213563,292.9704895019531,93657000
2020-07-15,296.176480597415,296.75522389579646,293.2919594068963,295.66204833984375,87196500
2020-07-16,293.769630017324,295.13838410027176,293.1265757580528,294.6882629394531,54622500
2020-07-17,295.6896177123011,296.3234767747621,293.723729481606,295.5426330566406,62774900
2020-07-20,295.27619796890855,298.6751512770174,294.53210748290684,297.9310607910156,56308800
2020-07-21,299.8877446097255,300.3286704937744,297.5819668813905,298.5649108886719,57292200
2020-07-22,298.20667510548435,300.57676422399317,298.09644361801094,300.264404296875,57792900
2020-07-23,299.9061124158589,300.6042824570707,295.32214278131715,296.68170166015625,75738000
2020-07-24,294.8353071395609,295.79066538679007,293.2736196426377,294.77099609375,73766600
2020-07-27,295.45993962173293,297.09510525887373,294.6699006548691,296.9205627441406,48293000
2020-07-28,296.19487323057496,297.30643950213306,294.7434452210572,295.03741455078125,57495000
2020-07-29,295.910055607234,299.2263352942239,295.8733024378187,298.66595458984375,48454200
2020-07-30,295.70796004076783,298.0137378647775,293.631868503502,297.600341796875,61861700
2020-07-31,299.3824174937552,300.0530295157773,295.1842589595045,299.95196533203125,84986800
2020-08-03,301.6055948819654,302.7998065744939,301.063604773236,302.037353515625,53077900
2020-08-04,301.182975853342,303.2039794921875,301.182975853342,303.2039794921875,41917900
2020-08-05,304.499247726503,305.344402327558,304.23283633651965,305.087158203125,42697700
2020-08-06,304.5085050498795,307.2460137006027,304.1869778632997,307.1265869140625,43679400
2020-08-07,306.16197109291363,307.6317893364543,305.26170076056275,307.3470153808594,57308300
2020-08-10,307.79720470001274,308.4494263523326,305.8680695802584,308.2657165527344,44282100
2020-08-11,309.4415500274836,310.0754090778702,304.99536940766205,305.7210693359375,69601100
2020-08-12,308.14631518865264,310.7552300476463,308.1187573147163,309.98358154296875,53774400
2020-08-13,309.2209343560774,310.72750541462113,308.50440198381614,309.42303466796875,41816100
2020-08-14,309.03727610244334,309.96510423896666,308.3115483114662,309.4322814941406,47260400
2020-08-17,310.4428715922836,310.8103192248424,309.4415648789166,310.4153137207031,35481000
2020-08-18,310.8103002489864,311.5084703323429,309.22105499298743,311.0859069824219,38733900
2020-08-19,311.46244829769483,311.97688043726134,309.2301772598134,309.7905578613281,68054200
2020-08-20,308.07270663056715,311.2328059543693,307.9441126063458,310.755126953125,42207800
2020-08-21,310.4245090715658,312.0780374355691,310.0845912760767,311.8575744628906,55106600
2020-08-24,314.2827159430647,315.0911174646383,311.8299815443107,315.01763916015625,48588700
2020-08-25,315.5779440608495,316.20260767497933,314.42045769067664,316.11993408203125,38463400
2020-08-26,316.70785911362395,319.5555984201468,316.1658691154648,319.2892150878906,50790200
2020-08-27,320.1528020072036,321.42968732403983,318.33389853954054,319.9874267578125,58034100
2020-08-28,321.0071247417891,322.18297388597506,319.82208029637775,322.0543518066406,48588900
2020-08-31,321.8431427119025,322.71582741898374,320.65809805087804,320.88775634765625,66099200
2020-09-01,321.71445732028485,324.0110398362748,320.8233821827026,323.9100036621094,54908700
2020-09-02,325.8115446408763,329.55955455684506,324.67242077563617,328.5950012207031,69540000
2020-09-03,326.9139385366805,327.38245036251664,314.7144927720197,317.28668212890625,148011100
2020-09-04,317.9664062807728,319.52806537103726,307.6225909820258,314.6960754394531,139156300
2020-09-08,309.3129638670282,314.7604798192922,305.7946111946916,306.0977478027344,114465300
2020-09-09,310.0845768752643,314.5950685448863,309.2210595597669,312.142333984375,91462300
2020-09-10,314.0071656953316,314.6593873315728,305.76702585786137,306.722412109375,90569500
2020-09-11,308.49540445893774,309.551827020083,304.06758575680686,306.87860107421875,84680200
2020-09-14,310.02939619225884,312.68425862482945,307.02547682042814,310.92047119140625,65605700
2020-09-15,313.3641397614204,314.19090400039585,310.9297674888142,312.491455078125,52920900
2020-09-16,313.72237632422525,315.1462463127431,310.9756444899073,311.2512512207031,82096000
2020-09-17,306.419220280496,310.2223743451593,305.89559274386187,308.5137023925781,91523300
2020-09-18,309.31512721590326,309.425799922104,302.4900382490499,304.9618225097656,105877900
2020-09-21,300.3965164700501,301.7154136216698,296.73494295950627,301.5678405761719,99450800
2020-09-22,303.04352022017224,305.1924909636533,300.5440388915025,304.63909912109375,63612100
2020-09-23,305.1925142443561,305.4692242600831,297.076193756614,297.5742492675781,93112200
2020-09-24,296.26447402550286,301.41095239116913,294.95478119915913,298.3673400878906,76681300
2020-09-25,297.5188098317548,303.97498118619103,296.65186414481286,303.1910400390625,71069400
2020-09-28,307.33219516977516,308.9370058544443,306.34531653525386,308.2268371582031,64584600
2020-09-29,308.02395029629054,308.7617872255907,305.85651561479375,306.5482482910156,51304000
2020-09-30,307.21229184325324,312.00831599678094,307.0186145881831,308.8724670410156,104081100
2020-10-01,311.454934234135,312.4233486871583,308.9831496490162,310.8554382324219,88698700
2020-10-02,305.93029309925635,310.82775782543484,305.4599059080019,307.9040222167969,89431100
2020-10-05,309.95160678519085,313.54861143748366,309.9055025274307,313.3641662597656,45713100
2020-10-06,313.50250890517106,315.5869392662672,308.4021338856836,308.9093933105469,90128900
2020-10-07,311.85152550936397,315.08884337216455,311.82385732877054,314.28643798828125,56999600
2020-10-08,316.2141269777659,317.13643737983216,315.301020539978,317.0718688964844,45242500
2020-10-09,318.7135321923036,320.3644754439447,318.09560007830606,319.9033203125,59528600
2020-10-12,322.4304166025766,326.51624399741416,321.9415933267458,325.0497741699219,80388500
2020-10-13,324.91142804821567,325.08666923359056,321.96925633166603,322.928466796875,73255500
2020-10-14,323.50033584861643,324.5886552411015,320.1708091953333,320.8994140625,57727900
2020-10-15,317.0073344892708,320.98249049774444,316.4724067831104,320.5028991699219,60357700
2020-10-16,321.8493854624627,323.500328734651,320.1339018625422,320.30914306640625,89501900
2020-10-19,321.5634563511587,322.1906205529244,314.54468900491094,315.4393310546875,68425600
2020-10-20,316.7766838154975,319.9309973867883,316.02041077038155,316.7029113769531,60051900
2020-10-21,316.6567266013599,318.8149570886233,315.7989849301,316.1033630371094,63575000
2020-10-22,316.3154741888246,318.4183401585938,314.1849400410323,317.8372802734375,55399300
2020-10-23,319.0546616584891,319.1099980015723,316.47220515905855,318.91632080078125,49143900
2020-10-26,315.55004001693953,316.33400943251553,309.5457907177374,313.0229187011719,91473000
2020-10-27,313.36409103210644,313.69610916029956,311.73158412847806,311.9437255859375,65994100
2020-10-28,306.29929226016867,311.97149564251475,300.793097996132,301.28192138671875,127094300
2020-10-29,301.51240377305834,307.49818742638644,299.8337926046557,304.3439025878906,90597700
2020-10-30,302.77601447703177,304.07647533605143,297.5372988957393,301.17120361328125,120287300
2020-11-02,304.5468444824219,306.5390097792582,301.81678597834804,304.5468444824219,86068300
2020-11-03,307.7656564080065,311.9713881697363,304.62980772905644,309.9238586425781,93294200
2020-11-04,314.37865106265446,320.90862324436983,313.20732720493976,316.8504638671875,126959700
2020-11-05,322.107657910906,324.8284847044749,321.75717547412864,323.02996826171875,82039700
2020-11-06,322.7440352568417,324.20130128726,320.64116890696374,322.9561767578125,74973000
2020-11-09,335.6933493645221,336.0715000421153,326.5532490529831,327.014404296875,172304200
2020-11-10,326.02747194823814,327.58617866916313,323.27900515845005,326.5347595214844,85552000
2020-11-11,328.71134641817173,329.7812296172515,327.4754541399261,328.96038818359375,58649000
2020-11-12,327.9550970682561,329.0065443622718,323.9707378060497,325.76922607421875,67546200
2020-11-13,327.66908262589186,331.01707262409263,327.1525912475838,330.27923583984375,62892200
2020-11-16,332.9355686346887,334.59571584824243,331.65354385962263,334.40203857421875,74541100
2020-11-17,332.0040195958482,333.8025358299785,330.5006493949441,332.603515625,66111000
2020-11-18,332.8709782269809,333.4151378683076,328.5637772011029,328.6006774902344,70591300
2020-11-19,327.9735317794911,330.3530798490243,326.63617065322336,329.9841613769531,59940900
2020-11-20,329.7258822189603,329.9287915800389,327.650684358841,327.7244567871094,70417300
2020-11-23,329.5229862809576,330.94335186636596,327.3002153270848,329.6889953613281,63230600
2020-11-24,332.2253025253493,335.54562440759986,331.37679302285005,335.00146484375,62415900
2020-11-25,334.918533340122,334.9462015223956,333.3967270217236,334.48504638671875,45330900
2020-11-27,335.573311382419,335.8868934462718,334.4111916218627,335.4165344238281,28514100
2020-11-30,334.6418093714301,334.90928722000234,331.2661786885653,333.931640625,83872700
2020-12-01,337.16896165443563,339.1150227531008,336.57866958962217,337.583984375,74231400
2020-12-02,336.47726746171054,338.45099696751333,335.90543955018524,338.2942199707031,45927000
2020-12-03,338.1927332221173,339.5854307786495,337.10441382598,338.20196533203125,62882000
2020-12-04,338.7829809388243,341.1164245605469,338.69074429179847,341.1164245605469,50749900
2020-12-07,340.3509283515672,340.9043201472094,339.15193624990565,340.4154968261719,48944300
2020-12-08,339.1519495672629,341.9742168745156,339.10584531026393,341.41162109375,42458900
2020-12-09,342.0664578235537,342.22323481665705,337.51947467671783,338.34954833984375,74098300
2020-12-10,336.984534864023,339.28107867484596,336.11756086582494,338.2388916015625,57735400
2020-12-11,336.5510866383938,338.2481345344906,335.0385120959371,337.8423156738281,57698600
2020-12-14,340.00048656717314,341.070341758888,336.15444018565523,336.3296813964844,69216200
2020-12-15,338.8567558775116,340.8766174316406,337.49175481944405,340.8766174316406,63865300
2020-12-16,341.08880685472656,342.32469929707383,340.21260079833104,341.41162109375,58420500
2020-12-17,343.04408843782375,343.52367965151916,342.2232187766809,343.3207702636719,64119500
2020-12-18,343.6079012926033,343.77461802271546,339.949235092986,341.9499206542969,136542300
2020-12-21,338.05041026334163,350.54540085962697,335.32725759827747,340.72723388671875,96386700
2020-12-22,341.05137898066283,341.16252343936156,339.0321792699085,340.1529235839844,47949000
2020-12-23,341.1162417592624,342.35740206193293,340.1344279636178,340.4586181640625,46201400
2020-12-24,340.9310482842166,341.8109892466204,340.3475397301883,341.783203125,26457900
2020-12-28,344.32114641440614,345.10845766342516,343.7005801859581,344.7194519042969,39000400
2020-12-29,346.23834930715714,346.414337461852,343.47813932999696,344.0616760253906,53680500
2020-12-30,344.8768636186617,345.5808164221914,344.16366761858706,344.55267333984375,49455300
2020-12-31,344.35813994007736,347.0257205730323,343.8487183090097,346.3032531738281,78520700
2021-01-04,347.62786295472756,347.7575503953375,337.9115939735837,341.5887756347656,110210800
2021-01-05,340.94957212585825,345.02502991311206,340.90324308131426,343.9413146972656,66426200
2021-01-06,342.4407940338875,349.1745889500728,341.89431484994884,345.99755859375,107997700
2021-01-07,348.3595799979264,351.87928786836846,348.1835917777384,351.1383056640625,68766800
2021-01-08,352.5183216455743,353.3519335138123,349.28574719059816,353.138916015625,71677200
2021-01-11,349.9804137736542,352.509035392322,349.8599978362601,350.7584533691406,51034700
2021-01-12,350.94381437587435,351.8422419016126,348.6003951840229,350.8326416015625,52547700
2021-01-13,350.758563512519,352.7684926986767,349.9805236727166,351.7774353027344,45303600
2021-01-14,352.51837079015854,353.0185492874925,350.2120377042884,350.54547119140625,49989100
2021-01-15,348.933739417708,349.7302936319594,346.13649993977657,347.9889831542969,107160000
2021-01-19,350.43424187842203,351.25861046647725,348.9615211334534,350.72137451171875,51233300
2021-01-20,352.999972027398,356.40856307524916,352.61096633026204,355.574951171875,61836100
2021-01-21,356.13069985378786,356.55679143284385,354.98216906964274,355.8991394042969,47840100
2021-01-22,354.0558675399395,355.79720634900036,353.6761050748442,354.639404296875,52860500
2021-01-25,355.3711602750166,356.39000351678175,350.545420736657,356.0380554199219,70402000
2021-01-26,356.98289873234944,357.3904474350038,355.2508308793983,355.4823913574219,42665300
2021-01-27,352.17565195238956,352.2682817840443,344.57121482669146,346.794189453125,123351100
2021-01-28,348.6003576792307,353.7595313987344,348.1650511599813,349.7767028808594,94198100
2021-01-29,347.9242558248188,348.8875553332174,341.1071006166545,342.77435302734375,126765100
2021-02-01,346.1551043861422,349.5080953515023,343.0614600074217,348.47998046875,75817600
2021-02-02,351.64767805001776,354.95436791269526,348.563305430762,353.40753173828125,64450700
2021-02-03,354.2319346206023,355.3990083944463,352.41650851313454,353.6854553222656,52427100
2021-02-04,354.7135208194631,357.75159252733863,353.79655056291546,357.7052917480469,47142600
2021-02-05,359.56703683096254,359.8171119122872,357.6589812031138,359.1131591796875,48669800
2021-02-08,360.55807565817906,361.7529352971616,359.7059491724851,361.7066345214844,38365200
2021-02-09,360.8729206590241,362.05853686050716,360.4654004230718,361.4657287597656,35551100
2021-02-10,363.1979212677015,363.346123344099,358.918688778351,361.3083801269531,59154400
2021-02-11,362.3828442947827,362.7996644246822,359.4744596490832,361.8919372558594,42913300
2021-02-12,361.0954036969238,363.9204301330663,361.0212885169638,363.67962646484375,50593300
2021-02-16,364.9021274134926,365.09665849859795,362.65136714284495,363.36456298828125,50972400
2021-02-17,361.6233007480512,363.69807313250533,360.6136724097959,363.447998046875,52290600
2021-02-18,360.8545263633819,362.6421661884554,359.14097344228867,361.90118408203125,59712800
2021-02-19,363.1515647766669,363.4386974223099,360.817417764793,361.26202392578125,83241000
2021-02-22,358.5110624838278,360.8822386592953,358.21465839523194,358.4832763671875,67414200
2021-02-23,356.2881475310484,360.2617324705037,352.157117326697,358.9186706542969,107284100
2021-02-24,357.8349308137793,363.2997792629968,356.8531169079845,362.8736877441406,72433900
2021-02-25,361.6141477308182,362.97572462075846,352.6944326218894,354.1300964355469,146670500
2021-02-26,356.00108332440647,357.14034278164434,350.33248736483716,352.30535888671875,152701600
2021-03-01,357.1495196515627,362.08640354754476,352.4997966765975,360.84521484375,105348800
2021-03-02,361.0675824477177,361.29914289591414,357.52933201527884,358.0295104980469,79595300
2021-03-03,357.33484267513,358.29811382408514,353.18526911043256,353.28717041015625,119940200
2021-03-04,353.10191667693744,355.6768678709619,344.45082125144995,348.9153137207031,183433000
2021-03-05,352.3979683617633,356.38082529964976,345.15477853579273,355.33416748046875,152039600
2021-03-08,356.2881862042194,359.08542635862597,353.28717171626954,353.5650329589844,123149200
2021-03-09,357.39039119381505,361.15093050380403,356.89021272533046,358.613037109375,113633600
2021-03-10,360.9471161253984,362.5309814553855,359.53923897281567,360.84521484375,109899400
2021-03-11,363.29983372649673,366.46756487354185,362.8459560202513,364.5039367675781,86245000
2021-03-12,363.15166075062507,365.1338036755719,362.345834837524,364.994873046875,64653600
2021-03-15,365.24491005005603,367.4308553577761,363.11456525466946,367.1715087890625,73427200
2021-03-16,367.78278723665204,368.48671168557286,365.9395470892931,366.7083435058594,73722500
2021-03-17,365.4301208451546,368.7553250112462,364.2908334278087,367.9587707519531,97959300
2021-03-18,365.38379682361085,367.4585689638705,361.92890547697283,362.6050720214844,115349100
2021-03-19,362.3059696989545,363.8764477066978,359.7690371420061,361.93426513671875,113624500
2021-03-22,362.4453063598302,366.1995871570597,362.3895521009953,364.8242492675781,73778600
2021-03-23,364.1922851409189,365.6326505079344,361.1721404249181,361.9527282714844,90686600
2021-03-24,363.3467123632342,364.97294445181643,360.0663710560635,360.1128234863281,97588600
2021-03-25,358.6817658979914,362.9285333586431,356.74885698652554,362.138671875,116128600
2021-03-26,363.28159933715943,368.3740383743186,362.68687787049055,367.9744567871094,114409100
2021-03-29,366.50620018848747,368.69000297943103,365.02865575356833,367.7886047363281,108107600
2021-03-30,366.52473213623387,367.4818844455236,365.2237241856257,366.81280517578125,76262200
2021-03-31,367.379739547907,369.85161555750506,367.35186241979716,368.2997131347656,112734200
2021-04-01,370.2232869937267,372.3327601495362,370.01884528609827,372.2769775390625,99682900
2021-04-05,374.92549847279105,378.1593875358287,374.85116890824196,377.6203918457031,91684800
2021-04-06,377.0627523386487,378.4380616237521,376.7281984860348,377.39727783203125,62021000
2021-04-07,377.23005259846207,378.17790328320166,376.7747167341118,377.8340759277344,55836300
2021-04-08,379.07932488554803,379.6833482520154,378.1500494419872,379.6275939941406,57863100
2021-04-09,379.50681154051,382.5548338572635,379.3860011955182,382.3875427246094,61104600
2021-04-12,381.7928724180384,382.7964775524493,381.1888489712664,382.5270080566406,56704900
2021-04-13,382.42472067416116,384.2832715540899,382.04371434066746,383.66064453125,56551000
2021-04-14,383.6327485367833,384.68283426978144,381.81137670460754,382.3503723144531,61659900
2021-04-15,384.47840249341357,386.7272614837685,384.43195006619254,386.457763671875,60229800
2021-04-16,387.74014885492164,388.3534740033724,386.32766049921406,387.74945068359375,82037300
2021-04-19,386.82017754821817,387.26621157931834,384.52486623240225,385.84442138671875,78498500
2021-04-20,384.6364310503438,385.73296934964173,381.55122954047414,383.0195007324219,81851800
2021-04-21,382.4061826077296,386.8481185088796,382.2667685907722,386.6436767578125,66793000
2021-04-22,386.4762741952608,387.30331437144343,382.052915195149,383.1122741699219,97582800
2021-04-23,383.6699137247093,388.66941970392514,383.5955841738986,387.2662048339844,73209200
2021-04-26,387.9167460859348,388.6415798025078,387.3312980150035,388.07470703125,52182400
2021-04-27,388.37200357511193,388.567171798845,386.8572803600537,387.9909973144531,51303100
2021-04-28,388.260553437065,389.375695263148,387.4149094181452,387.8795471191406,51238900
2021-04-29,390.5930305834243,390.96473505982385,386.9874376079578,390.3514099121094,78544300
2021-04-30,388.09326732154926,388.93891128959154,386.89449418451875,387.7865905761719,85527000
2021-05-03,389.76597643845156,390.1469827577325,388.1304710094045,388.62298583984375,68128300
2021-05-04,386.64367972036484,387.13619462090406,382.5548730269321,386.2254943847656,101591200
2021-05-05,387.86100653728766,388.0933254085799,385.78871199603554,386.3462829589844,60162200
2021-05-06,386.420555589309,389.56151080390845,384.42261926239445,389.4314270019531,74321400
2021-05-07,390.1934809738354,392.9162512267745,389.5150996883385,392.2657470703125,67733800
2021-05-10,392.6189335963382,392.8419506611757,388.26062884578397,388.3814392089844,81852400
2021-05-11,383.88373990772925,385.9002519938557,381.0587342617995,384.91522216796875,116888000
2021-05-12,382.1460004528248,383.40980160762746,375.4273279147275,376.73760986328125,134811000
2021-05-13,378.28018664555873,383.18676017783554,378.2337058547637,381.2631530761719,106394000
2021-05-14,383.9858394467586,387.96313660337415,383.9579623220789,387.11749267578125,82201600
2021-05-17,386.0116643268711,386.9409395879858,384.12520832194707,386.1324462890625,65129200
2021-05-18,386.39271466558824,386.6343353537289,382.6477357955868,382.80572509765625,59810200
2021-05-19,378.14074413936413,381.97862757643315,376.66317135235914,381.80206298828125,106467100
2021-05-20,382.67556601783144,387.1639817014691,382.55478404780166,385.9094543457031,78022200
2021-05-21,387.38700043150294,388.6229524956767,385.1381700248017,385.593505859375,76578700
2021-05-24,387.8237936745519,390.5930445875986,387.582172994574,389.5243835449219,51376700
2021-05-25,390.6022772028169,390.9554063568541,388.08394906214374,388.66009521484375,57451400
2021-05-26,389.2455605886077,389.93321527136624,388.21407856446984,389.4314270019531,43088600
2021-05-27,390.4536616740374,390.96475180607416,389.3570951367238,389.6358947753906,56707700
2021-05-28,391.19704397355315,391.4572399363522,390.10050587027376,390.33282470703125,58520200
2021-06-01,392.68393734755085,392.8233229944938,389.5522835895408,389.9890441894531,54216600
2021-06-02,390.63953491738175,391.43872658911135,389.6359298618181,390.60235595703125,49097100
2021-06-03,388.2978227908276,390.28645786724724,386.8388532638324,389.1527404785156,58138800
2021-06-04,390.99262682035794,393.0091669281305,389.21770739294345,392.7117919921875,55938800
2021-06-07,392.70245396777017,392.8790185472602,391.4014741919741,392.33074951171875,51555000
2021-06-08,393.18565368713985,393.2785868878319,390.5929960509878,392.41436767578125,47134300
2021-06-09,393.25073913778317,393.32509704758354,391.6059319636749,391.8289489746094,48436300
2021-06-10,393.0463367362392,394.5982392171646,391.7360549474813,393.6503601074219,51020100
2021-06-11,394.1985745843624,394.4122897431429,392.91617019475893,394.30078125,45570800
2021-06-14,394.41237080126155,395.2858919893771,393.1764469359521,395.1836853027344,42358500
2021-06-15,395.33238351653245,395.36953411673755,393.58534109284255,394.4588623046875,51508500
2021-06-16,394.59817004930846,394.82118704345663,390.2212913837638,392.2563781738281,80386100
2021-06-17,391.8476629839961,393.1021623830284,389.663859606148,392.1264343261719,90949700
2021-06-18,388.85953482830837,389.5494393113769,386.6313151981734,386.83642578125,118676300
2021-06-21,388.5891597876732,392.5608336456239,387.7780497072785,392.3743591308594,72822000
2021-06-22,392.36506231212155,395.30185103388027,391.64716102430225,394.4720764160156,57700300
2021-06-23,394.54664482628675,395.34842259301394,393.91267704068656,393.99658203125,49445400
2021-06-24,396.13152274866854,396.7468259040809,395.879779369445,396.3273010253906,45110300
2021-06-25,397.0731713740786,398.1826291109268,396.7468552540623,397.735107421875,58129500
2021-06-28,398.25727348362227,398.7047667692016,397.0639106353862,398.5369567871094,53159600
2021-06-29,398.91924432286936,399.5532121672935,398.2200075512794,398.7514343261719,35970500
2021-06-30,398.29453168040874,399.75827397212026,398.26656335103905,399.0870056152344,64827900
2021-07-01,399.8421598624358,401.45507598441856,399.7768909463528,401.29656982421875,53441000
2021-07-02,402.45271689824966,404.7182371428583,401.38053111850644,404.36395263671875,57697700
2021-07-06,404.4198848881772,404.6343277321894,400.90506510112056,403.6274108886719,68710400
2021-07-07,404.3079918986779,405.33354476274883,402.303519022366,405.0538330078125,63549500
2021-07-08,399.75834018924974,402.5086829915684,398.5836132571109,401.7535095214844,97595200
2021-07-09,403.25446917430344,406.34043156356205,401.5576479376436,406.0420837402344,76238600
2021-07-12,405.9581450244714,407.74820336371283,405.52928784657445,407.4964599609375,52889600
2021-07-13,406.71336030742225,408.2050710020873,405.8463136021785,406.10736083984375,52911300
2021-07-14,407.7948073005834,408.27962958567196,405.47335073456526,406.71331787109375,64130400
2021-07-15,405.3801248896569,406.0513932284904,403.4315887906017,405.3241882324219,55126400
2021-07-16,406.4988843365375,406.545488730054,401.75340192492536,402.14495849609375,75874700
2021-07-19,397.3435417608313,402.2102297665294,393.40916924701395,396.20611572265625,147987000
2021-07-20,396.8681095390226,403.1519362165868,396.07563556513816,401.88397216796875,99608200
2021-07-21,403.07728599269296,405.27756540123846,401.8373188776991,405.1376953125,64724400
2021-07-22,405.3149375806969,406.22861725285645,404.3360174299691,405.9862060546875,47878500
2021-07-23,407.9067473953741,410.49858385610935,407.2261751560549,410.1629638671875,63766600
2021-07-26,409.5755481567641,411.17913206497195,409.52894375936796,411.1697998046875,43719200
2021-07-27,410.1350074036814,410.162975736901,406.48031730156396,409.2959289550781,67397100
2021-07-28,409.9205257266722,410.4985568598125,407.71094225553276,409.1280517578125,52472400
2021-07-29,410.0510501972417,411.8970168587412,410.0417179366842,410.8248596191406,47435300
2021-07-30,408.2703168786377,410.27478967456426,408.1397790411661,408.8297119140625,68951200
2021-08-02,410.535883503272,411.08594634074757,407.6177308698033,407.9720153808594,58783300
2021-08-03,408.76444835011597,411.4122212036647,406.5828332901923,411.291015625,58053900
2021-08-04,410.0137549202648,411.2630544145641,409.03483491751217,409.2679138183594,46732200
2021-08-05,410.42399765718676,411.94367672299376,410.1070137495975,411.8597717285156,38969700
2021-08-06,412.1766644565728,412.95980601714183,411.8969527515063,412.5402526855469,46930000
2021-08-09,412.51236355148603,412.8293474498061,411.44020627292963,412.2047119140625,41222600
2021-08-10,412.6521688276481,413.4260066614601,411.97159669055037,412.7174377441406,43339300
2021-08-11,413.78031206478073,413.8362487240308,412.6615219757521,413.7430114746094,44034300
2021-08-12,413.593921338042,415.1229328726098,412.698906156745,414.9830627441406,38909400
2021-08-13,415.43047911757316,415.75679524781077,414.94568527825686,415.7381591796875,39470300
2021-08-16,414.44224972601063,416.8476114388509,412.89460242623954,416.71710205078125,73740000
2021-08-17,414.17179757732106,414.84306582509663,411.0112630642173,413.9853515625,92673900
2021-08-18,412.9785282041807,414.53550784290934,409.2119935015114,409.4543762207031,89351900
2021-08-19,406.741308348979,411.28170912890874,406.60146670220803,410.08831787109375,92812200
2021-08-20,410.4333770373761,413.6778176710646,409.94855463315577,413.35150146484375,72008700
2021-08-23,415.02961932645024,417.89183507049324,413.42603534317016,416.98748779296875,54973000
2021-08-24,417.6493835449219,418.18081021842085,417.1366213910618,417.6493835449219,38744700
2021-08-25,417.8359438685796,419.03861064787276,417.4629948233235,418.5258483886719,40529700
2021-08-26,418.2460947166087,418.4791736205417,415.9619385292738,416.05517578125,57829600
2021-08-27,416.8569028569734,420.1479754421771,416.8009662029935,419.7750549316406,77235100
2021-08-30,420.4463974226872,422.4042660135,420.203986244658,421.6211242675781,48357400
2021-08-31,421.5278867191652,421.8635067020357,420.3997927296068,420.9964599609375,59300200
2021-09-01,421.92875329964636,422.44151550812524,420.9871054219515,421.2201843261719,48721400
2021-09-02,422.63725781012374,423.317829897353,421.3226895765846,422.51605224609375,42501000
2021-09-03,421.3880192926544,422.92633435744506,420.98710195716393,422.4135437011719,47170500
2021-09-07,422.0685927572297,422.161830008836,420.23192986344264,420.9031982421875,51671500
2021-09-08,420.3718058247561,421.09901087419547,418.47917779201987,420.39044189453125,56181900
2021-09-09,420.19461777386266,421.938043250285,418.34862279482104,418.5910339355469,57970400
2021-09-10,420.51165319314345,420.93117815889764,415.16947434641764,415.2906799316406,89948200
2021-09-13,418.2740200886309,418.53506727838766,414.0506037564788,416.3534240722656,83738600
2021-09-14,417.7892579298286,417.9943684978522,413.2209172260456,414.10662841796875,78197100
2021-09-15,414.5261632376649,418.05964737696985,413.4260376429731,417.5655212402344,78792200
2021-09-16,417.04346715334754,418.013054999152,413.9668082618026,416.90362548828125,77786700
2021-09-17,416.13475093436307,416.5556198829702,412.48704878745247,412.84246826171875,118425000
2021-09-20,406.744360400567,408.3156617681073,401.11382101879656,405.9587097167969,166445500
2021-09-21,408.2875973593277,409.5783193704684,405.0514587158713,405.5752258300781,92526100
2021-09-22,407.83862947573203,411.5611435713708,405.68744521806696,409.5315246582031,102350100
2021-09-23,411.39284026132526,416.1067731963376,411.1590146193151,414.50738525390625,76396000
2021-09-24,412.8798959122565,415.9009329556939,412.6647660835853,415.1900939941406,62094800
2021-09-27,414.16118266227556,415.3209483062083,413.31005419859093,414.002197265625,61371100
2021-09-28,411.24311932770905,411.57048088015347,404.9298280542011,405.65936279296875,130436300
2021-09-29,407.0342471994263,408.7645623202573,405.78094542874345,406.3421325683594,82329200
2021-09-30,407.81049668716884,408.51197340892935,401.03891720025194,401.3756408691406,140506000
2021-10-01,403.0966548978282,407.819920791209,399.5892707562588,406.1457214355469,129240100
2021-10-04,404.9858321521869,405.8837142267684,398.7754121570364,400.9079284667969,128570000
2021-10-05,402.40442748359,407.3147642543258,401.6094434123792,405.07940673828125,90682500
2021-10-06,401.4972736297954,406.9687986871979,399.87921865411016,406.7630310058594,113032200
2021-10-07,410.0272942635366,413.10441906944726,409.8495844974605,410.2798156738281,72437500
2021-10-08,411.04673863158837,411.4302160683865,408.90488798924395,409.5315246582031,74557400
2021-10-11,408.8768180412666,411.7762613135145,406.5011418518959,406.5666198730469,65233300
2021-10-12,407.4831828203635,407.8853559760008,404.7801453584149,405.5657958984375,71181200
2021-10-13,406.58527857778154,407.8385803077712,403.6203860978582,407.0248718261719,72974000
2021-10-14,410.6725606418157,414.0209591805535,410.2049094470439,413.8713073730469,70236800
2021-10-15,415.9758116517781,417.3881276447134,415.3585085398296,417.0233459472656,66260200
2021-10-18,415.24619873026535,418.5945686911891,414.5914756470946,418.25787353515625,62213200
2021-10-19,419.87598933410356,421.5501601721971,419.26801990573733,421.4847106933594,46996800
2021-10-20,421.94295086059634,423.439440319079,421.83071914626356,423.14013671875,49571600
2021-10-21,422.54154774240834,424.46826836998736,422.1113166378559,424.2438049316406,41305400
2021-10-22,423.8135918943795,425.2539656192229,421.86814686856104,423.8042297363281,58845100
2021-10-25,424.8892329450859,426.4044184794836,423.12152600267797,426.0770568847656,45214500
2021-10-26,427.62030473700503,428.82682438361206,426.0863949710087,426.46051025390625,56075100
2021-10-27,426.9188771716566,427.5829340162119,424.4964183538011,424.5712585449219,72438000
2021-10-28,425.9928363723962,428.742627797446,425.98350275745725,428.6678161621094,51437900
2021-10-29,426.37633178072844,429.8276001732101,426.0863902989246,429.53765869140625,70162400
2021-11-01,430.5197400572505,430.89388390110435,428.5556275928569,430.2765808105469,48433600
2021-11-02,430.44493394260024,432.3249011723894,430.31397788693596,432.0162353515625,48908400
2021-11-03,431.4550612665384,435.0559818458261,431.0154679198227,434.65380859375,52509800
2021-11-04,435.2523818386185,436.78629172441015,434.90632446133264,436.7021179199219,52847100
2021-11-05,438.91873147438207,440.20009126070624,436.71143139873345,438.2172546386719,66390600
2021-11-08,439.3115707807346,439.8072799359265,437.9086171102104,438.59136962890625,50405200
2021-11-09,438.9561209854995,439.189946581114,435.73867850639124,437.1416320800781,51149100
2021-11-10,435.4580319265574,437.1415931911068,432.1470823382827,433.6248474121094,69429700
2021-11-11,435.1120661491066,435.1869063329562,433.7465324971055,433.7652282714844,34848500
2021-11-12,435.0277716716519,437.59049066583736,434.08310727898106,437.0386657714844,53466700
2021-11-15,438.3200602484624,438.47904564683216,436.0659784002292,437.1883239746094,46980500
2021-11-16,436.9264417709659,440.05034787073987,436.85163014971766,438.91864013671875,48857500
2021-11-17,438.65685496204304,438.83456471339144,437.23520549442225,437.8525085449219,47858300
2021-11-18,438.88131251708705,439.6015136712342,436.16894112064045,439.3396301269531,50625600
2021-11-19,439.2273759676528,440.4713442276694,438.1892039343977,438.5539855957031,57315600
2021-11-22,440.42457739014736,442.9031231346711,437.11359877761777,437.3193664550781,72762000
2021-11-23,436.99201694576334,438.7503901392518,434.4012394044777,437.8992614746094,73206500
2021-11-24,435.9069721116596,439.1898922014139,435.0932637065793,439.06829833984375,61858800
2021-11-26,432.4277521953583,433.88682180438246,428.1534129420354,429.2757873535156,112669600
2021-11-29,434.0458862206688,436.3747805704496,431.857281552832,434.5415954589844,86268800
2021-11-30,432.1097764638972,434.0084394914815,425.84323798535684,426.08642578125,148559600
2021-12-01,431.7731054531582,434.6070711860737,421.1574152471016,421.35382080078125,131939200
2021-12-02,421.56889106102784,429.369310207567,421.1760514660489,427.8073425292969,127637800
2021-12-03,429.46279691605116,430.5196646058951,419.875947732394,424.0848083496094,137331600
2021-12-06,426.61951391631123,430.9780267874127,424.2157797535011,429.107421875,98977500
2021-12-07,434.36378278494004,438.5445855755073,428.97643192913154,437.9833984375,95484700
2021-12-08,438.376262173592,439.592143920361,436.6272226459906,439.1431884765625,72238800
2021-12-09,437.86187787932255,439.2461359124412,435.98193918547975,436.1783447265625,61272600
2021-12-10,438.871953514165,440.43389253118346,436.32792985552976,440.28424072265625,77159800
2021-12-13,439.7698539667308,440.1159113005939,436.10345586445044,436.3840637207031,87724700
2021-12-14,433.1292229901505,435.60776885896564,430.4729673662913,433.3817443847656,97264100
2021-12-15,433.4378558520737,440.39647953000116,430.9312236978613,440.1533203125,116899300
2021-12-16,441.99592808013927,442.2765074248097,434.7286090783232,436.2718811035156,116568600
2021-12-17,433.2055450751616,436.1996449190995,429.9298801162718,431.62872314453125,135511600
2021-12-20,426.56967673583256,427.4331620445399,423.4347948406732,427.0389709472656,107134800
2021-12-21,430.4459816424699,434.7634937029002,428.28723993397614,434.6227111816406,69806300
2021-12-22,434.3693066437573,439.08100980710736,434.1721824687357,438.9683837890625,58890200
2021-12-23,439.96334315913737,443.1920897716103,439.86011217679714,441.6997375488281,56439700
2021-12-27,443.07004291771364,447.9976320744908,443.02312495455095,447.9507141113281,56808600
2021-12-28,448.3824922202725,449.4055502317552,446.8244318978882,447.5846862792969,47274600
2021-12-29,447.6879323342068,449.17088949249677,446.69303086170095,448.1572265625,54503000
2021-12-30,448.57959577986344,449.5838923511924,446.458405243392,446.9183044433594,55329000
2021-12-31,446.43010133910735,447.5751514355115,445.51966964723715,445.7918395996094,65237400
2022-01-03,447.04960339482227,448.5044324704969,444.750079206989,448.3730163574219,72668200
2022-01-04,449.7902944480765,450.503630734945,446.3738192251194,448.22283935546875,71178700
2022-01-05,447.8568948012044,448.62654425027876,439.5222242879312,439.6160888671875,104538900
2022-01-06,439.15608497296836,441.90614176454653,436.8471371761855,439.2030029296875,86858900
2022-01-07,439.21243352735695,440.385668974707,436.1150747602866,437.4666442871094,85111600
2022-01-10,434.2848104246131,437.1380981844354,428.5594161640464,436.9222412109375,119362000
2022-01-11,436.6594768734693,440.9957505518421,433.674744093411,440.9018859863281,74303100
2022-01-12,442.62887430153415,444.140016431985,440.1416209152974,442.0938720703125,67605400
2022-01-13,443.1920315438877,443.83965979140663,434.9793835505829,436.00244140625,91173100
2022-01-14,432.8675400643002,436.52802870303964,431.6567531379873,436.1807556152344,95890900
2022-01-18,431.5066502940451,431.71314090139424,427.3487102823898,428.45623779296875,109709100
2022-01-19,429.99552299874756,431.3846155465078,423.73512555326494,424.00732421875,109357600
2022-01-20,425.8844492805024,430.56799582128895,417.202507339247,419.3143310546875,122379700
2022-01-21,418.1974651021742,420.5439362137734,411.0548207873205,411.0829772949219,202271200
2022-01-24,405.4983019869836,413.33552001842463,394.9204221606559,412.82867431640625,251783900
2022-01-25,406.4651000702844,412.7161024030997,400.9180390545414,407.78851318359375,167997300
2022-01-26,413.6546151854852,416.77073505367554,402.52294363244783,406.765380859375,186391100
2022-01-27,411.3458376115937,414.47132495992946,403.07687456604026,404.7569274902344,149878300
2022-01-28,406.1084702684284,414.85612206975674,401.5469438515392,414.8092041015625,164457400
2022-01-31,414.142700120237,422.627546532085,412.8005257004034,422.2802734375,152251400
2022-02-01,423.0030224285111,425.77186972605006,419.49271090214194,425.1336364746094,123155400
2022-02-02,427.52700300171256,429.986099950846,425.22745003532464,429.2633972167969,117361000
2022-02-03,423.25641842670075,425.1523565396717,418.338196105121,419.1735534667969,118024400
2022-02-04,418.9389647113515,424.9740816327315,416.5737034611267,421.1446533203125,118454400
2022-02-07,421.9048228773997,423.2939151867245,418.4695863682104,419.7929992675781,84472900
2022-02-08,419.2955605639941,424.16683612077446,417.87828306849536,423.24700927734375,81012000
2022-02-09,427.2642707198518,429.76091964071566,427.067175149203,429.4418029785156,92589900
2022-02-10,423.6224701723359,429.6012734878491,419.7367292271085,421.7265319824219,140103700
2022-02-11,421.8111157013163,423.8759934819373,411.98409169136704,413.4107360839844,153214600
2022-02-14,412.9038345326054,414.4806562198295,408.6050834849175,412.05908203125,123006300
2022-02-15,416.4798347763938,418.8732237029998,415.96359397809533,418.70428466796875,88482700
2022-02-16,416.667510025212,420.54388440699483,414.79972841637374,419.1735534667969,84863600
2022-02-17,416.0011909472556,419.14546811188006,409.6188006839309,410.219482421875,102259100
2022-02-18,410.4728641481939,411.72120279634646,405.30126139332725,407.5632629394531,132642900
2022-02-22,405.36692386987266,408.7552139612039,399.70720879424357,403.18939208984375,124391800
2022-02-23,406.08972029022135,406.65287914171387,395.4742862168669,396.0374450683594,132578000
2022-02-24,385.7785700815535,402.4291467489523,385.42193057202616,401.99737548828125,213942900
2022-02-25,403.22694222886923,410.9515349471028,401.58441255553527,410.8670654296875,121804500
2022-02-28,405.49828418057956,411.2893863387321,404.24997439986817,409.8157958984375,145615000
2022-03-01,408.32350426508583,410.3227021337157,400.8804765076019,403.5742492675781,137785900
2022-03-02,405.81738773333024,412.7160169408087,405.06652860798056,410.9984130859375,117726500
2022-03-03,413.4200830615283,414.0207648146663,407.1596850828388,408.952392578125,105501700
2022-03-04,405.2355714996603,406.7560802365222,401.60323870750193,405.6297912597656,113978200
2022-03-07,405.04783717447077,405.75177851724425,393.6064415917838,393.6721496582031,137896600
2022-03-08,393.85053896059145,400.97442291076476,389.6268903119428,390.6875,164772700
2022-03-09,399.03143275089025,403.1330589273105,396.8539010797275,401.1620178222656,116990800
2022-03-10,396.57237407240876,400.24225827962516,394.6201227364952,399.3506164550781,93972700
2022-03-11,401.82845214023683,402.4385288577548,393.76598140373204,394.2728271484375,95636300
2022-03-14,395.04251079882187,398.4777193572372,390.2557039226716,391.3913879394531,95729200
2022-03-15,393.9912112622118,400.627037600933,392.7241399369661,399.9981994628906,106219100
2022-03-16,403.48976588827804,408.92417189713063,398.7123259052682,408.86785888671875,144954800
2022-03-17,406.96256340055044,413.98321533203125,406.5871337484996,413.98321533203125,102676900
2022-03-18,412.3788286596397,418.83753350872564,411.6444565524196,418.5174255371094,106345500
2022-03-21,418.3479881152232,420.34397249520026,414.9020791690174,418.39508056640625,88349800
2022-03-22,419.77907234818315,424.2229735705517,419.77907234818315,423.2908935546875,74650400
2022-03-23,420.76766221116077,422.25522626407883,417.754837158317,417.8395690917969,79426100
2022-03-24,419.8543815321978,424.1476383476217,418.7434134818091,424.1382141113281,64736900
2022-03-25,424.76900301684685,426.48254741421493,422.1986864207948,426.2095031738281,77101300
2022-03-28,425.61638352750333,429.2411804199219,423.73337514000565,429.2411804199219,68529800
2022-03-29,433.1106779472441,435.04077846785174,430.43680992270714,434.5511779785156,86581500
2022-03-30,433.41203287887015,434.221741418466,429.7684162817575,431.86798095703125,79666900
2022-03-31,431.1053791315065,431.9244832020018,424.7690454159792,425.2209777832031,121699900
2022-04-01,426.79325811561665,426.9344779963225,422.86720176985517,426.42608642578125,89048800
2022-04-04,426.6237670104872,430.18265143910884,425.8046630222813,430.0790710449219,59601000
2022-04-05,428.5916342514546,431.04894694465537,423.50751623634994,424.646728515625,74214500
2022-04-06,420.7488628977492,422.66951094806757,417.52890560703577,420.4004821777344,106898000
2022-04-07,419.5249437905006,424.32662199578544,417.5854470175024,422.5189208984375,78097200
2022-04-08,421.76563401623116,424.2700386147041,419.85438165587385,421.3890380859375,79272700
2022-04-11,418.13146105748064,418.96941367640034,413.68758834274337,414.18658447265625,89770500
2022-04-12,417.1617012912827,419.67553034639525,411.1078357022038,412.65191650390625,84363600
2022-04-13,412.4071540225824,418.13148789412384,412.22826589543115,417.3782958984375,74070400
2022-04-14,417.60422818757394,418.7152251179499,412.0776024456247,412.1811828613281,97869500
2022-04-18,411.2584680800119,414.02649286644555,410.1286514899628,412.3506164550781,66002500
2022-04-19,412.24699734346973,419.72254266588925,412.0775334906012,419.00701904296875,77821000
2022-04-20,420.77700318532357,421.3889750720909,417.53822695074984,418.6962585449219,65224400
2022-04-21,422.3022765002863,423.68628874029804,411.5314668018448,412.435302734375,85417300
2022-04-22,411.3525843005969,412.4541280731046,400.55353048054263,401.1184387207031,132471800
2022-04-25,398.8871230668873,403.6134641154083,394.33964139419555,403.4440002441406,119647700
2022-04-26,400.9207984996888,401.1185351073373,391.7317352658733,391.7599792480469,103996300
2022-04-27,392.83317570300943,398.1809410211438,390.7336398727966,392.8614196777344,122030000
2022-04-28,397.58781923542455,404.5078808966821,393.17216221026155,402.784912109375,105449100
2022-04-29,398.81174915439897,400.9583775193331,387.155922896604,387.89971923828125,145491100
2022-05-02,387.96565155346553,391.5904485536996,381.328029550651,390.23468017578125,158312500
2022-05-03,390.7336728773015,394.4243533044233,389.18016793893156,392.0235290527344,100028200
2022-05-04,392.6825019390418,404.5266391412948,389.50963784403865,403.96173095703125,144247900
2022-05-05,399.7155972479429,400.1392856315828,385.4894825550537,389.6038513183594,172929100
2022-05-06,387.0523380071947,390.53588590849546,381.99646562982656,387.2782897949219,151770800
2022-05-09,381.40334006214687,382.63670821024124,373.3063985587751,374.87872314453125,155586100
2022-05-10,380.8290513721074,382.32603970720356,371.72472120975783,375.74493408203125,132497200
2022-05-11,374.78456583577383,380.4053467898081,369.03196050848914,369.7757568359375,142361000
2022-05-12,366.59347147586817,372.64733635025226,362.6203227573482,369.3897399902344,125090800
2022-05-13,373.50415422453636,379.59568805484594,372.4684937718504,378.2210998535156,104174400
2022-05-16,376.5828496996567,380.33944215793855,374.3420651693036,376.6864013671875,78622400
2022-05-17,382.74972739807595,384.6704041422355,379.0307740612988,384.4350280761719,83029700
2022-05-18,379.89692735498426,380.17936710911766,367.70443702868755,368.93780517578125,117674500
2022-05-19,365.8873930171805,371.0845150929089,364.46571234321414,366.6782531738281,98510700
2022-05-20,370.2465895747261,373.80547490627424,358.2800772040546,366.8383483886719,131432200
2022-05-23,369.85112637485844,374.46452049127714,367.5444580490805,373.701904296875,76414900
2022-05-24,369.5969043569321,372.035396905163,364.32447483504643,370.84912109375,91448800
2022-05-25,369.3615399815034,376.0838942993882,368.96612427599865,374.12554931640625,91472900
2022-05-26,375.34950112064234,383.2298868677585,375.14236904234315,381.60107421875,82168300
2022-05-27,384.0489034165838,391.0819395068386,383.8511956199483,390.9689636230469,84768700
2022-05-31,389.359088170834,392.0988691063854,386.04500340916127,388.7753601074219,95937000
2022-06-01,390.8843163808003,391.89170405110434,383.1263021350257,385.6307067871094,86585800
2022-06-02,385.4706670691487,393.02152050473194,383.22988244769175,392.9744567871094,79609600
2022-06-03,388.276330523708,389.8204112199368,385.5553982972068,386.525146484375,71874300
2022-06-06,390.51702254093703,392.2399621947156,386.53445033263904,387.7019348144531,57508900
2022-06-07,384.22788209472355,391.8728918468309,383.76652548386954,391.42095947265625,59272400
2022-06-08,389.7169046387873,391.4963617246331,386.3745755525621,387.1654357910156,64350000
2022-06-09,385.3953983656172,387.65500312470635,377.95751953125,377.95751953125,86289800
2022-06-10,371.78117890548924,372.6285269294592,366.9512578167044,366.9983215332031,132893900
2022-06-13,357.63035727236417,359.4756973620504,351.4634878478497,353.0640563964844,170004900
2022-06-14,354.80584530354247,355.8320813809722,348.9120201197082,352.0001525878906,104011800
2022-06-15,355.2860394664343,361.4434854707774,350.352566259201,357.0184326171875,125666800
2022-06-16,348.8366741811118,349.24151402615854,342.7827813130142,345.20245361328125,134473300
2022-06-17,345.61569795995496,349.2750534571848,342.4574939856124,345.9466247558594,111113900
2022-06-21,351.6484557704295,356.0358907381536,351.57279392157506,354.6553649902344,76811900
2022-06-22,350.44759870939254,358.1067313139649,350.0315450667165,354.0124206542969,90059400
2022-06-23,356.13997099447135,358.2107454929241,352.5940787916053,357.482666015625,79292100
2022-06-24,360.64083785574906,368.85785361765244,360.6124718749588,368.848388671875,98050300
2022-06-27,369.76558055330014,370.058705296432,366.35208260935923,367.4394836425781,66009600
2022-06-28,368.99032196028793,371.76083911770786,359.8182682316561,359.9317321777344,86548900
2022-06-29,360.48012203098745,361.46349531064214,357.8230692449071,359.6385498046875,65676000
2022-06-30,355.7616996920369,359.9411371004125,352.2820045953657,356.71673583984375,112508300
2022-07-01,356.0642664574983,360.9245159721641,353.45448087489706,360.4895324707031,74839700
2022-07-05,355.421319245886,361.1893095314971,352.60350658660883,361.1703796386719,81438000
2022-07-06,361.31220220280136,364.8675591963436,358.93883808157653,362.3901672363281,70426200
2022-07-07,364.15836271170366,368.61199482225004,362.4090502838774,367.8177185058594,64525900
2022-07-08,366.191374892305,369.37797430776754,364.66901900062675,367.51519775390625,72397800
2022-07-11,364.84865422697527,365.81312646509326,362.62655612996804,363.31683349609375,58366900
2022-07-12,362.7683853874002,365.1417783353174,358.3620201292297,360.10186767578125,62219200
2022-07-13,354.68379199729,361.1325950360605,354.2677383266244,358.21075439453125,84224600
2022-07-14,353.27490712624945,358.4188177084197,350.8448106264778,357.34088134765625,89704800
2022-07-15,361.7282567851243,364.2813106084498,359.82767826526884,364.1678466796875,79060400
2022-07-18,367.24102796860734,367.91237558829357,359.94121554632426,361.1610107421875,63203600
2022-07-19,365.0660716138569,371.4865073575656,364.4136541135557,370.9191589355469,78506000
2022-07-20,371.1083701548272,374.6920934702504,369.7467451710396,373.2831726074219,71843800
2022-07-21,372.7064115969495,377.1316786465858,370.314117204785,377.08441162109375,64903900
2022-07-22,377.2073701915935,378.3987705792751,371.3731817307929,373.5858154296875,72197300
2022-07-25,374.20983824071493,374.8906507241828,371.8080790828495,374.0396423339844,53631500
2022-07-26,372.40379790822186,372.6118247488071,368.7255405509069,369.6143798828125,52946400
2022-07-27,372.89547598359957,380.9517617542331,372.602351195438,379.2119140625,82342100
2022-07-28,380.0156585921788,384.6583882201372,376.4792023544064,383.9681396484375,73966600
2022-07-29,385.3958846128279,390.54925902982006,384.62997427396704,389.56585693359375,87003700
2022-08-01,386.880471670519,390.90861443486426,386.17129323209457,388.41229248046875,69997500
2022-08-02,386.85212626915603,390.5209475361801,384.6773238182315,385.8498229980469,63435400
2022-08-03,387.96788490865407,393.05506301560587,387.6842250670768,391.89202880859375,67820600
2022-08-04,391.81641630196026,392.4972288640502,389.99147042599316,391.6273193359375,45656600
2022-08-05,387.362738241362,391.60834410065166,387.3060062724685,390.9653625488281,56814900
2022-08-08,392.64847494128367,394.8894742630945,389.41460845921597,390.511474609375,53886100
2022-08-09,389.7833662144508,390.28451780261275,387.8922237902104,388.9607238769531,44931800
2022-08-10,395.9863903656601,397.2723824771048,394.0385155870953,397.1305236816406,68665700
2022-08-11,399.9672378861389,401.8205786097931,396.39297914273305,397.1305236816406,59489700
2022-08-12,399.05946211792985,403.9575146188211,398.11389080007996,403.853515625,61694500
2022-08-15,401.65022630113936,406.0376900622045,401.5934943435859,405.5176086425781,54048300
2022-08-16,404.44920466821014,408.2314897011034,403.6454633274114,406.3119812011719,59289000
2022-08-17,402.7282954712,406.12289314083716,401.4328673441197,403.4280090332031,63563400
2022-08-18,403.6265587430193,405.28130854866936,402.34059560234215,404.60052490234375,49023200
2022-08-19,401.8488709739081,402.1136297635589,398.29351392155985,399.1634521484375,68016900
2022-08-22,394.3504330682569,394.52065780471906,389.9535330310516,390.8518371582031,77695600
2022-08-23,390.42639423875585,392.80925244544267,389.35789402468396,389.9063415527344,49105200
2022-08-24,389.67930144618055,392.5160148137086,388.99851794025284,391.1544189453125,49177800
2022-08-25,392.6389975097295,396.7238722445992,391.551596341063,396.6766052246094,50942300
2022-08-26,396.5631405668187,397.102094248587,383.1927492346699,383.2494812011719,103087000
2022-08-29,380.3088043159643,383.75066898657906,379.36323297639854,380.71539306640625,65370800
2022-08-30,381.8688620384239,382.1052547933249,374.4461237632242,376.53582763671875,85652400
2022-08-31,378.16239346601765,379.4010897910369,373.5385639538466,373.6709289550781,76029700
2022-09-01,371.5055182868605,375.1837756026024,368.8106343368199,374.8433837890625,78740100
2022-09-02,378.4933014446806,379.70363162679985,369.08485490441115,370.8908996582031,99632100
2022-09-06,371.7324851729869,372.6685916150045,367.2788520058578,369.4914855957031,76637400
2022-09-07,369.1793490313916,376.8952133261025,368.9618861280906,376.1293029785156,70964200
2022-09-08,373.8694381880067,379.04168533112323,372.6685442072661,378.58782958984375,80821700
2022-09-09,380.81940929271605,385.32980325470686,380.5546504599206,384.4693298339844,76706900
2022-09-12,386.5306369628963,389.3200838556924,386.22804721967884,388.6014404296875,69256300
2022-09-13,379.95895213306545,381.159846308233,370.5883647267278,371.7041320800781,122947100
2022-09-14,372.99947713125925,374.63532571628434,369.8318077999259,373.1224060058594,85023700
2022-09-15,371.57161846360935,374.4083318177175,367.6191381157885,368.8861999511719,87633800
2022-09-16,364.7238110432356,366.72714802798475,362.7963887663263,366.072021484375,103084800
2022-09-19,362.9389250642447,368.9109802246094,362.8629523864004,368.9109802246094,73278500
2022-09-20,365.5973034872937,366.60372391938756,361.9324194562877,364.67633056640625,77274900
2022-09-21,366.5942260628629,369.6324950611645,358.3054986149796,358.31500244140625,106746600
2022-09-22,357.54599929864446,359.17906419104327,354.5647235965844,355.3052978515625,89472600
2022-09-23,351.8492165492308,351.8872028833452,344.92770661744225,349.3521728515625,122346900
2022-09-26,347.890072516215,351.4979926484276,344.6809075588326,345.8962097167969,92581200
2022-09-27,349.41858073488055,351.6782893189801,342.62998013123286,345.01312255859375,108294100
2022-09-28,345.9626120741058,353.48228367645163,344.2725823827886,351.8017578125,110802200
2022-09-29,348.2697731293536,348.5545981921768,341.5191583646997,344.4529724121094,112952300
2022-09-30,343.5130058772176,347.41528324882285,338.9936171691522,339.12652587890625,153711200
2022-10-03,342.82934672559077,349.92177979795235,341.0538697447387,348.079833984375,89756500
2022-10-04,353.57718804598346,358.8941441243227,348.0418757679158,358.86566162109375,103602800
2022-10-05,354.5171533769076,360.28032543329,352.20047996352105,358.0301208496094,88065700
2022-10-06,356.6344579970455,359.57777574073987,353.8430566051313,354.3367919921875,82333500
2022-10-07,350.32060050692866,354.4222552620788,342.69647392447916,344.4529724121094,107789500
2022-10-10,345.5637937626023,345.80115762255645,339.5917399082143,341.82293701171875,76042800
2022-10-11,340.1329308775536,344.68083086003986,337.7308096086358,339.658203125,92482800
2022-10-12,340.066449523059,341.63304512033494,338.29094360606194,338.5378112792969,76991800
2022-10-13,331.5593165001294,348.9343679346623,330.5149097513193,347.4721984863281,147254500
2022-10-14,349.9218097110879,351.54539946318886,338.91762404448093,339.55377197265625,123737000
2022-10-17,345.61129877486803,349.38063819195844,339.22145295922246,348.2792663574219,93168200
2022-10-18,356.1692206517508,356.4730533438476,348.94384975105197,352.37139892578125,97162900
2022-10-19,350.33955250549025,353.05501012296355,347.0734234834684,349.87432861328125,79746900
2022-10-20,349.42812063236454,353.8336082385052,346.18096994205536,346.9405517578125,88283100
2022-10-21,346.6652142635387,355.8559372584329,345.1650872068647,355.3717346191406,131038400
2022-10-24,356.89088616369844,360.85009986477286,354.2513717295342,359.7202453613281,85436900
2022-10-25,359.64424976923016,365.77772406360737,359.53031974752065,365.46441650390625,78846300
2022-10-26,362.3312221104294,367.9899690715865,362.0748795431326,362.71099853515625,104087300
2022-10-27,363.70792288491305,365.54036503352893,360.15693963581714,360.77410888671875,81971800
2022-10-28,360.66966547964233,369.83190549665636,360.4892666119688,369.357177734375,100302000
2022-10-31,366.90756364967945,368.76848820462624,365.78721318114583,366.6891784667969,96631300
2022-11-01,370.420527665591,370.65789150533925,363.9167526614729,365.0845642089844,85407600
2022-11-02,364.49600742245565,368.98694294470477,355.8179981060472,355.92242431640625,126990400
2022-11-03,352.69418764648026,355.28621123903116,350.1496542075025,352.2574462890625,87100100
2022-11-04,357.9446853802761,359.72016234018145,351.2984975880694,357.3275451660156,103505200
2022-11-07,358.61880558333354,361.33426320464076,356.5489996813044,360.74560546875,68286900
2022-11-08,361.8469568156974,365.65428248614427,358.62831787010947,362.6919860839844,84641100
2022-11-09,360.7266178571878,361.87547986372505,354.7260521981255,355.21978759765625,78495500
2022-11-10,368.43620204058976,375.07291581213747,366.14803974108565,374.7406005859375,141455800
2022-11-11,375.5950094832549,379.1649705961512,373.7150776041089,378.367431640625,93839900
2022-11-14,376.61106501327595,379.9531383229995,374.8735450242789,375.1488952636719,71903500
2022-11-15,380.8740351133509,381.9754068751759,374.5506585528321,378.3484802246094,93194500
2022-11-16,376.72498240572435,377.6744379820254,374.83557508091235,375.46221923828125,68508500
2022-11-17,370.72435314810673,374.9874276635937,370.42054943643274,374.31329345703125,74496300
2022-11-18,377.6364392872866,377.7029081294727,373.1740156097614,376.01287841796875,92922500
2022-11-21,374.69308951984544,375.8134399275281,372.8131574140973,374.6455993652344,51243200
2022-11-22,376.58251647845884,379.84864551592176,375.1773119937102,379.6872253417969,60429000
2022-11-23,379.35490309581445,382.5640670651727,379.12704306606406,382.0798645019531,68261600
2022-11-25,381.51965705763075,382.5450851329431,381.24433584905154,381.994384765625,30545400
2022-11-28,378.9181872794732,380.5512518780544,375.13934400569946,375.89892578125,67881600
2022-11-29,376.0318273628986,377.2186467005862,373.4208248199859,375.2532958984375,52310000
2022-11-30,375.5001700531818,387.07403564453125,373.59178408114326,387.07403564453125,144566700
2022-12-01,388.10897388602916,389.27681476134444,384.29217262110774,386.78924560546875,76398200
2022-12-02,381.918429921581,387.24486074159796,381.81400373691196,386.3428955078125,85342700
2022-12-05,383.5325856510467,384.46303355724604,378.044733664679,379.3929443359375,77289800
2022-12-06,379.23149246844036,379.77266003087607,371.84473054042496,373.92401123046875,77972200
2022-12-07,373.07902147703123,375.642562745206,372.1580485447694,373.28790283203125,65927900
2022-12-08,375.16784142056355,377.2756047091014,373.39233538526526,376.21221923828125,60737900
2022-12-09,374.9780163583588,377.5225505438228,373.2784826335144,373.40191650390625,81447700
2022-12-12,374.18991841017703,378.7853088378906,373.5253169004451,378.7853088378906,75405800
2022-12-13,389.4855949322845,389.741937458983,378.89917302857265,381.652587890625,123782500
2022-12-14,381.31081297545614,385.00420881267286,376.27871036892407,379.2125244140625,108111300
2022-12-15,374.37028116191146,375.27227545068706,368.28429708214924,369.93634033203125,117705900
2022-12-16,367.39066938127985,368.72600533989504,363.44188811022207,365.5688781738281,119858000
2022-12-19,365.759577222778,366.0934184203677,360.8092731762787,362.4689025878906,79878100
2022-12-20,361.71550023135575,364.57694702949215,360.39923004691025,362.9649963378906,74427200
2022-12-21,365.5497703655622,369.5176461213456,365.01563604345074,368.39215087890625,78167400
2022-12-22,365.35897373224327,368.3730338595665,357.4613834622674,363.1365966796875,100120900
2022-12-23,362.1160163012456,365.36853035773834,360.57083998702353,365.2254638671875,59857300
2022-12-27,365.1109428843461,365.45430239791636,362.11594906692744,363.7851257324219,51638200
2022-12-28,363.7183696822059,365.6832559480354,359.03516224980564,359.2640686035156,70911500
2022-12-29,362.0969531215619,366.59896307537,361.57233717485457,365.7309875488281,66970900
2022-12-30,363.0603608203926,364.91073618698925,360.95240752085664,364.7676696777344,84022200
2023-01-03,366.61799691898324,368.5828541871979,360.3800364563273,363.2319641113281,74850700
2023-01-04,365.48302557821637,368.05833913682085,362.4498991972039,366.0362548828125,85934100
2023-01-05,364.09041452635574,364.2048677167,361.26712910136496,361.8584899902344,76970500
2023-01-06,364.9393357955822,371.2726847102666,361.88714364948856,370.1567077636719,104189600
2023-01-09,372.3408937056104,375.5171151232303,369.76560972422254,369.9468078613281,73978100
2023-01-10,369.3650063190875,372.60797279309605,368.43025676671084,372.54119873046875,65358100
2023-01-11,374.11498982562864,377.3293427656513,373.30424098984014,377.2530212402344,68881100
2023-01-12,378.3499708858858,380.08589280712,374.2962553998828,378.6265563964844,90157700
2023-01-13,375.4408047607676,380.66772351572655,375.1737376190185,380.0954284667969,63903900
2023-01-17,380.07633872093464,381.7455155288635,378.7219081606364,379.39910888671875,62677300
2023-01-18,380.58192119114887,381.6406423942581,373.20891710602956,373.4092102050781,99632300
2023-01-19,371.3775761257745,373.0181398927505,369.3745869323046,370.69085693359375,86958900
2023-01-20,372.08338384027553,377.749049499946,370.44282022993093,377.596435546875,91806400
2023-01-23,378.3976534216192,384.05377185885095,377.443838004556,382.1270751953125,84178800
2023-01-24,380.4579061003212,382.6230566629975,379.2751842732551,381.7169494628906,59524900
2023-01-25,377.66320358749766,382.19382654932406,375.383570904274,381.8599853515625,84800300
2023-01-26,384.5115864864833,386.21892411230044,381.55475308151983,386.0567626953125,72287400
2023-01-27,385.01715091180836,389.3093204688235,384.80731034691763,386.94384765625,68346200
2023-01-30,384.1969135920661,386.4193202496225,381.7933087492669,382.0889892578125,74202000
2023-01-31,382.6039606559222,387.75455778693544,382.2605719895161,387.7068786621094,86811800
2023-02-01,386.49550726473996,394.5648060301805,383.7676093537023,391.82733154296875,101459200
2023-02-02,395.69975942274147,398.9904335020237,393.81122395822285,397.5310974121094,101654500
2023-02-03,392.58090757531625,397.71243948436745,392.10399983816484,393.3058166503906,94736800
2023-02-06,390.86399847100074,392.2947214888418,389.25204820891577,390.9021301269531,60295300
2023-02-07,389.98646755802383,397.2545356824887,388.74651927787886,396.01458740234375,90990700
2023-02-08,394.04976837031427,395.38510413414,390.99754738888123,391.6842956542969,76227500
2023-02-09,395.2706317979571,395.42324575045114,387.067813777245,388.2886962890625,78694900
2023-02-10,387.115514984604,389.57637508525863,386.304795158678,389.1948547363281,70769700
2023-02-13,389.84344339763004,393.89715897184107,389.3856015126722,393.76361083984375,64913500
2023-02-14,392.24703262517374,395.8810669412816,389.6431352333331,393.5823974609375,88389300
2023-02-15,391.3981496403728,394.9367965737248,390.55878744301873,394.8605041503906,61555700
2023-02-16,389.9102528350607,393.8399681026619,389.290278571449,389.4237976074219,76431500
2023-02-17,387.3062461554366,388.689290011422,385.3890680493917,388.4508361816406,89257800
2023-02-21,384.4448207915137,385.4940235203808,380.40065293639157,380.6581726074219,82655900
2023-02-22,381.06832644021057,382.60398440393413,378.68378788820354,380.13360595703125,83742300
2023-02-23,383.01415935083475,383.62461525788194,377.9494012488701,382.1557312011719,96242400
2023-02-24,377.15764870927023,378.9031178542997,375.4598586847204,378.07330322265625,108194400
2023-02-27,381.4021421594611,382.7565727740271,378.42624290281987,379.3609924316406,80444700
2023-02-28,378.88415609227326,380.83946629909735,377.85401901216034,377.9589538574219,96438600
2023-03-01,377.1481633851746,378.3690459735666,375.2119192229247,376.50909423828125,99706800
2023-03-02,374.54423904245056,380.27667913690243,374.2103978176706,379.43731689453125,85127800
2023-03-03,381.24960098401937,385.7707064328963,380.60101340338394,385.522705078125,90120000
2023-03-06,386.342872914107,388.6320529045699,385.35092596691464,385.7896728515625,72795900
2023-03-07,385.74202541995913,385.9804792628776,379.2656108960152,379.87603759765625,108310600
2023-03-08,379.9905117430244,381.2495258844479,378.2736266459541,380.49603271484375,74746600
2023-03-09,381.2781550603871,382.93781363415775,372.4935234600931,373.4759521484375,111945300
2023-03-10,372.93222177410377,375.0020137102081,366.5702902464224,368.08685302734375,189253000
2023-03-13,364.1763138433217,372.36006758594726,363.0698843092262,367.5623474121094,157790000
2023-03-14,372.4648886988362,375.2786555832206,369.17421414646356,373.6380920410156,149752400
2023-03-15,368.06785035886526,371.5015626213284,365.98851059869224,371.30126953125,172996900
2023-03-16,368.9549017850136,378.1592151165088,368.4493807575096,377.8158264160156,143254200
2023-03-17,376.4906939277479,377.620484528316,372.01936339877824,373.3981018066406,140553400
2023-03-20,374.17363412671835,377.40028401988184,373.47471024400215,376.9885559082031,93055800
2023-03-21,380.3396653906553,382.41735696574256,378.75028553737957,381.9386291503906,91524200
2023-03-22,381.7663294027596,385.3663430375663,375.3896708071276,375.4279479980469,111746600
2023-03-23,378.28116967824513,382.3024953130758,373.7428390023417,376.44287109375,119351300
2023-03-24,375.169400500622,378.9992229180059,372.8332064884797,378.9130554199219,107682400
2023-03-27,381.1821781326801,381.94816006250136,378.7310943956981,379.62152099609375,74010400
2023-03-28,378.9322213165427,379.62159057011246,376.9407263724681,378.76947021484375,62871700
2023-03-29,382.9152109829554,384.51417469094537,381.7183914833068,384.2748107910156,77497900
2023-03-30,386.89823380236453,387.14718161102934,384.66737508830965,386.52484130859375,69840000
2023-03-31,387.4440026260915,392.26958723104974,387.3386673117375,391.9727783203125,112062600
2023-04-03,391.45576785501316,393.8685456943349,391.0632075126421,393.4664306640625,67391100
2023-04-04,394.1078626707281,394.3951168773612,389.9142025392246,391.28338623046875,66601500
2023-04-05,390.5557200333499,391.31211814402246,388.6120863205277,390.2589111328125,65200200
2023-04-06,389.4642856578285,392.0590119164122,388.4206623410357,391.7813415527344,63743300
2023-04-10,389.311073872341,392.26005398593924,388.6983173778572,392.1834411621094,63681000
2023-04-11,392.80576103470116,393.6866038625685,391.5227739807362,392.2887268066406,59297900
2023-04-12,394.34727662483084,394.6345308679278,390.1057548634186,390.6897888183594,86420400
2023-04-13,391.771718270874,396.2334653614746,390.63234364464273,395.87921142578125,85814800
2023-04-14,395.2473162929602,397.43031429203455,392.6143129106926,394.9122009277344,78161500
2023-04-17,394.82601113767913,396.3483622283168,393.6004689831214,396.3292236328125,66436400
2023-04-18,397.89947835808357,398.0335361986338,395.21861373940794,396.5877685546875,63560000
2023-04-19,394.6823328652232,397.4206417468214,394.6248878690516,396.5206604003906,55227300
2023-04-20,393.7153338921518,396.0994183553833,392.815323233928,394.3568420410156,75840400
2023-04-21,394.6536241017087,395.1227679931791,392.71957431843055,394.6632080078125,73457400
2023-04-24,394.4621654970849,395.49623401848584,393.13131726469595,395.074951171875,64332100
2023-04-25,393.1121085624426,393.6674491748633,388.7461133509764,388.8035583496094,97766700
2023-04-26,389.4163487256269,390.48869433886614,386.6014268812606,387.15673828125,80447000
2023-04-27,389.6844497545518,395.1323747434497,389.4355019352683,394.8642883300781,92968400
2023-04-28,393.9834220992783,398.2441114946902,393.9259770969372,398.2345275878906,89433100
2023-05-01,397.794121569062,399.8526454839488,397.6026187410231,397.8324279785156,62122300
2023-05-02,397.12387775512695,397.1717680701673,390.4695783796922,393.361083984375,103998500
2023-05-03,393.85893960371277,396.2621626197753,390.42167734881843,390.6610412597656,91531800
2023-05-04,389.6174515879438,389.94298302849234,386.56316548431346,387.89404296875,94901900
2023-05-05,391.5132147900382,396.1185743812244,391.25471226930256,395.074951171875,87891800
2023-05-08,395.40043160090397,395.6589340882948,393.78232933496844,395.1802062988281,50046800
2023-05-09,393.6387379211536,394.55788714476665,393.21745510632536,393.4472351074219,49220100
2023-05-10,396.2717616781344,396.9036859335044,391.4748993691881,395.28558349609375,96142900
2023-05-11,394.4239174148644,394.8834774856427,392.52814446520966,394.59625244140625,70157100
2023-05-12,395.83129212496243,396.04193351781123,391.6663545777214,394.0791320800781,70481500
2023-05-15,394.6822921882766,395.8408051173054,392.77696516676,395.4386901855469,54289400
2023-05-16,394.3376626382598,395.25684108298174,392.78658918922883,392.7961730957031,57705500
2023-05-17,394.80682372550075,398.1674730228259,393.1695828258179,397.5643005371094,87287000
2023-05-18,397.24830507598523,401.81538678686417,397.0281089980014,401.39410400390625,97177200
2023-05-19,402.2941323052739,402.8207211975793,399.594100500681,400.81005859375,103793300
2023-05-22,400.82922685915275,402.50477416103354,399.5941009523831,400.97283935546875,60745400
2023-05-23,399.3356533732494,400.9058949150646,396.08030948759307,396.4728698730469,86383500
2023-05-24,394.8738657064858,395.2568421165078,392.44192021304394,393.6004333496094,89213700
2023-05-25,397.09513966858555,398.4547395231807,394.86428090134467,397.00897216796875,90961600
2023-05-26,397.6600131701632,402.8685738627077,397.58342958022524,402.1504821777344,93830000
2023-05-30,404.0750403987033,404.60162936229705,400.92500286690074,402.3037414550781,72216000
2023-05-31,400.48451382304125,401.38452439451896,398.5121576904561,400.07281494140625,110811800
2023-06-01,400.3026119453019,404.9271388982078,399.05793134165066,403.8739318847656,88865000
2023-06-02,406.4398751954328,410.4994773195535,405.9132863381107,409.7143859863281,91426200
2023-06-05,410.05914256559197,411.3421297490295,408.2303985985282,408.9293518066406,65460200
2023-06-06,408.51760703277364,410.34632157550055,407.8665149969257,409.8197326660156,64022200
2023-06-07,410.21228457452565,411.3420751836078,407.9813966367141,408.4026794433594,85373300
2023-06-08,408.46970190729934,411.32293010381545,407.7037491177831,410.8729248046875,61952800
2023-06-09,411.6676134571485,413.6112472123868,410.62399032938276,411.61016845703125,85742800
2023-06-12,412.5868209414102,415.4208816171955,411.86872917016797,415.3442687988281,76104300
2023-06-13,416.79962394733377,418.724090042695,416.13897717424237,418.0826110839844,95899700
2023-06-14,418.41769324198367,420.38046559122165,415.1431821385499,418.5804443359375,100612100
2023-06-15,417.7665713681598,425.0145169652863,417.6708491876016,423.76983642578125,110303100
2023-06-16,425.74761712421093,426.31461080665895,421.8555294193706,422.326416015625,114165800
2023-06-20,420.3948375467811,421.2789524290957,418.0691749032241,420.1353454589844,76160400
2023-06-21,419.1551327247259,419.9527600379521,417.3964637735576,417.9826965332031,76982300
2023-06-22,417.03120545490475,419.5970912948508,416.69484536005575,419.49139404296875,70637200
2023-06-23,416.0510471242086,418.09800801134094,415.60898967891455,416.32012939453125,92074500
2023-06-26,415.75303627413876,417.665440905074,414.378796055203,414.6190490722656,72823600
2023-06-27,415.4936902341691,419.7797970502277,415.04201326216105,419.1647644042969,72813700
2023-06-28,418.08837741440095,420.3852108229733,417.4733448104481,419.37615966796875,75636000
2023-06-29,418.96282157604776,421.1923766583561,418.5592129227273,421.02899169921875,67882300
2023-06-30,424.2292689763498,426.97775005705444,423.9121184961037,425.9975280761719,104964000
2023-07-03,425.6515034890419,426.76625174608176,425.37280176090064,426.4875793457031,32793400
2023-07-05,424.68095735255156,426.583772301917,424.6713378444769,425.8533935546875,58418400
2023-07-06,422.28795168497953,422.9414328771002,420.01994786888264,422.5185852050781,80658300
2023-07-07,421.5287711761449,425.38243934770526,421.21162073773354,421.4518737792969,86134200
2023-07-10,421.09627673302543,422.6915603451521,420.5292831109417,422.5185852050781,62443500
2023-07-11,423.27785797330125,425.6995982894802,422.3072262142427,425.20947265625,64463800
2023-07-12,428.9862448970164,430.03374466313784,427.56393630005715,428.6306457519531,91924500
2023-07-13,430.4374003996056,432.8207214455181,430.00496246418476,432.0326843261719,72425200
2023-07-14,432.9168373466267,433.7625035467968,431.00440290074886,431.76361083984375,69815800
2023-07-17,431.6194032211896,434.3102255823968,431.5713350157398,433.2627258300781,52680200
2023-07-18,432.9360400104872,437.12603955013026,432.5035727455183,436.482177734375,80668200
2023-07-19,437.2701641275052,438.6347850080483,436.4052296979119,437.4527587890625,65891700
2023-07-20,436.4629408876448,437.35667523001575,433.8393669208048,434.5505065917969,70591600
2023-07-21,436.26110720174216,436.4629408876448,434.54091641230104,434.5505065917969,71275600
2023-07-24,435.6941341528586,437.29903757006053,434.6658439711447,436.4917907714844,54023400
2023-07-25,436.22265220298175,438.9326842027925,436.17458399836414,437.6833801269531,55191200
2023-07-26,436.7512104988631,439.17295065598853,435.7037107326863,437.75067138671875,71052900
2023-07-27,441.1238279449385,441.5274659900454,433.94506533743083,434.8484191894531,92194400
2023-07-28,438.1062519781901,439.93216931576706,434.8484065015939,439.105712890625,80011800
2023-07-31,439.5766136336967,440.2973728160184,438.26962173264826,439.9418029785156,62040400
2023-08-01,438.4810581528829,439.42286073607613,437.7314697549184,438.6828918457031,55291500
2023-08-02,435.5787978326574,435.83826057949295,431.83085596175755,432.5804443359375,93933400
2023-08-03,430.5719307015857,433.21471435225743,429.92803959884134,431.3407287597656,64276100
2023-08-04,433.14736174170275,435.2423610174693,428.87084629536446,429.3898010253906,100128900
2023-08-07,431.21576252551705,433.29155233174345,430.5238325901082,433.1377868652344,58357500
2023-08-08,430.610350839472,433.1282275391779,427.90990879603123,431.2542419433594,71361300
2023-08-09,431.52333486681067,431.6867198555809,427.6120079214979,428.3712158203125,78789600
2023-08-10,430.7160393980688,434.08920144153984,427.36211636743525,428.5249328613281,93005500
2023-08-11,426.66056157281855,429.2841352767268,426.0647387376173,428.2750549316406,68690900
2023-08-14,427.3621343832933,430.63916015625,427.0546034425639,430.63916015625,47867400
2023-08-15,428.87090781167177,429.22650696420783,425.0556881700834,425.6227111816406,75707500
2023-08-16,425.20942158349953,426.86236363092155,422.3936630630157,422.4993896484375,80107200
2023-08-17,423.96009239515706,424.21955509855684,418.76101352715807,419.27996826171875,95711300
2023-08-18,416.4738084450364,420.51007098994324,416.12785816689336,419.4817810058594,98852000
2023-08-21,420.4908700639508,422.9510589127824,418.3478316599045,422.2110900878906,68719000
2023-08-22,423.9793707816351,423.9793707816351,420.5101306907519,421.0675048828125,64994200
2023-08-23,422.12466824713596,426.37235567304435,421.98052226240617,425.7572937011719,68441000
2023-08-24,427.3525117447883,427.86184703074184,419.8277698977074,419.85662841796875,88517300
2023-08-25,421.576814401286,424.09466161039535,418.0402966316632,422.8165283203125,102325100
2023-08-28,424.99802710166506,426.1128047760357,422.8165399597136,425.4977722167969,61595400
2023-08-29,425.3920253511655,431.92692561420495,425.20943069514846,431.6482238769531,83081900
2023-08-30,431.9845986592022,434.0603885077203,431.2830492029172,433.4261169433594,69053900
2023-08-31,434.04117430376084,435.17516171345255,432.6092754445361,432.7918701171875,66084600
2023-09-01,435.5019052625726,435.9824113556043,432.1479527903315,433.5990905761719,58944100
2023-09-05,433.1570257317341,433.4741468434639,431.65784909348326,431.72509765625,55166200
2023-09-06,430.91787558724553,431.0236021823755,426.5068329962555,428.8228759765625,70758500
2023-09-07,425.8341358343982,428.17900813567496,425.4881854921281,427.5063171386719,70355400
2023-09-08,427.5543236104539,429.67815236910445,427.19875378748577,428.150146484375,61659700
2023-09-11,430.76410870034374,431.27344400453364,429.06312762659996,430.9659423828125,60180100
2023-09-12,429.5243994362143,431.042785754672,428.02522280308654,428.601806640625,67565400
2023-09-13,428.8228607530232,430.25475953176647,427.72729277869223,429.1015625,60199300
2023-09-14,431.56179840958094,433.4934131798962,430.26442594561126,432.8014831542969,83430800
2023-09-15,431.22275924982887,431.5506524245771,427.15298130374185,427.5869445800781,111848900
2023-09-18,427.2783378211123,429.1300027993312,426.8057902109989,427.83770751953125,55752200
2023-09-19,426.92150856778005,427.50980914474906,424.2790562688864,426.950439453125,66514600
2023-09-20,428.20413300123477,428.61881878957314,422.8227534657827,423.0252990722656,82562600
2023-09-21,420.18995642926694,420.45033436985153,415.87907838119946,416.03338623046875,104095800
2023-09-22,417.055696495469,418.64695406116914,414.68324615845955,415.09796142578125,100829700
2023-09-25,413.89240765921994,416.8820302302398,413.4584149989299,416.8434753417969,70874500
2023-09-26,413.81523500166236,414.5192590302796,409.8901119465823,410.7195129394531,96168400
2023-09-27,411.88643967289465,412.4458093049011,407.2573219237748,410.8834533691406,104705800
2023-09-28,410.33377256481566,414.93395949847536,409.7454720420047,413.2655334472656,92258300
2023-09-29,416.3034507511099,416.47703605865223,410.74848546003295,412.2626037597656,115111300
2023-10-02,411.4332539878828,413.3427809026092,409.35014174396815,412.09869384765625,83798600
2023-10-03,409.92872106622235,412.15648738227026,405.2224344904491,406.5822448730469,103760600
2023-10-04,407.0451710291783,410.28554771633696,405.5889145488821,409.54296875,87453000
2023-10-05,409.25361095296023,410.2276663727646,406.1771957071079,409.3886413574219,70142700
2023-10-06,406.9487369471333,415.7826633161712,405.62751083875975,414.249267578125,113273300
2023-10-09,412.3590123769111,417.47036086082164,411.80932558041656,416.9013671875,80374400
2023-10-10,417.52823984465374,421.6558795794434,417.1328314591845,419.0712890625,78607300
2023-10-11,420.13205557191037,421.03856627629665,417.7596057202635,420.787841796875,62451700
2023-10-12,421.39548619007036,421.7715876841516,415.8791053042313,418.22259521484375,81154200
2023-10-13,419.7174193113071,420.9132978989336,414.5771691952751,416.1394958496094,95143100
2023-10-16,418.3768791839652,421.5787008605216,418.1357786859934,420.5178527832031,75433200
2023-10-17,417.40284337508905,422.54312271495667,417.0556727686725,420.4985656738281,75324700
2023-10-18,418.733716385894,419.68846496991176,413.8152601862858,414.8953857421875,93559800
2023-10-19,415.6091165353134,417.4125438390961,410.57493615662145,411.25,121323000
2023-10-20,410.81596589128515,411.35602864539834,406.0903726459754,406.19647216796875,123919900
2023-10-23,404.67274501676764,409.3404770106009,402.92717959630676,405.49249267578125,92035100
2023-10-24,407.6044970323164,409.6972623098232,405.76248569133276,408.54962158203125,78564200
2023-10-25,406.8715656507854,406.9004965329498,402.1749032838704,402.68603515625,94223200
2023-10-26,401.62526644318154,402.4739155692253,396.9479103704744,397.86407470703125,115156800
2023-10-27,399.4456683619361,399.8410767152927,394.64293578713176,396.06060791015625,107367700
2023-10-30,398.8381328209202,401.84706268429056,397.54583752991965,400.7958679199219,86562700
2023-10-31,401.36484674476185,403.63119749728736,399.4649734881191,403.3129577636719,79665200
2023-11-01,404.27740400625277,408.42432159112496,403.74696515064994,407.6142272949219,98068100
2023-11-02,411.394679734943,415.5802112048873,411.3754022860785,415.4259033203125,94938900
2023-11-03,417.7211613405119,420.7590222264958,417.5957843520283,419.2159729003906,100167800
2023-11-06,419.96809773814596,420.62388396847916,418.2418100916064,420.1802673339844,67831700
2023-11-07,420.18031060348386,422.0126685210308,419.04232330462156,421.37615966796875,64256100
2023-11-08,421.97409276953505,422.4948781019278,419.38950241519393,421.6847839355469,61746000
2023-11-09,422.822781049031,422.86136537152765,417.9718399454001,418.39617919921875,83174400
2023-11-10,420.4600141525394,425.23378661631307,418.38652621092507,424.9251708984375,89462200
2023-11-13,423.59426297038516,425.6194834433293,422.81309977511563,424.52008056640625,52236100
2023-11-14,430.43192160638574,434.0387757848984,430.2100985439841,432.7561340332031,97176900
2023-11-15,434.08698805976627,435.3117974864374,432.82362374197305,433.67230224609375,77327600
2023-11-16,433.2286423726769,434.52093744562825,432.1677943482507,434.20269775390625,66665800
2023-11-17,434.2123895584984,435.3504063975986,433.2962252275612,434.7428283691406,83133200
2023-11-20,434.4920338445369,438.92828895080976,434.482380406505,438.0892639160156,69936200
2023-11-21,437.0476983171483,437.9638920043512,435.87112668099957,437.1344909667969,49244600
2023-11-22,438.78368021370784,440.1338372741124,437.73248545127797,438.8222351074219,59394900
2023-11-24,438.8704609965596,439.285146826889,438.5425678215631,439.0922546386719,29737400
2023-11-27,438.4654455611085,439.2755398611356,437.91572925462685,438.301513671875,50506000
2023-11-28,437.91563451759527,440.02767719087626,437.3562943235412,438.7353820800781,62115000
2023-11-29,440.87640839051414,442.0047717825631,438.0314398912728,438.42681884765625,63146000
2023-11-30,439.2658732507552,440.5003067450598,437.2020386572685,440.1531066894531,79752700
2023-12-01,439.5455435028684,443.2874284363199,438.9572723368323,442.75701904296875,89183400
2023-12-04,439.3815446393366,442.77622898793436,438.1663887357716,440.4327392578125,72430900
2023-12-05,439.05368258007826,441.3007263857532,438.67755165712543,440.3459777832031,69793500
2023-12-06,442.47738094576545,442.50631183516515,438.1375709484873,438.5715637207031,69124700
2023-12-07,440.6449509609681,442.5641016519375,440.0470263897846,441.91796875,66995400
2023-12-08,441.17532857795476,444.3482193835821,440.9342280791031,443.81781005859375,83194400
2023-12-11,443.32598493677364,445.7177126387657,443.11381530650647,445.5440979003906,65002200
2023-12-12,445.19696605648693,447.6754866279034,444.20363302627965,447.57904052734375,68327600
2023-12-13,447.9550638637653,454.00188308183056,447.5982398420778,453.7511291503906,93278000
2023-12-14,455.6799450229731,456.86617007826965,452.545638522815,455.2073974609375,119026000
2023-12-15,454.61284974570634,455.7845286924067,452.6181291338484,454.4579162597656,141553700
2023-12-18,456.05560175631547,457.9922257790685,455.0001452099795,457.01422119140625,70375300
2023-12-19,457.5565059029809,459.87078595804843,457.47905393883144,459.7933044433594,55761800
2023-12-20,458.9412058569742,460.8197337409229,452.9957847839671,453.4218444824219,102921000
2023-12-21,456.39451800386655,457.99225657048584,453.98343038961036,457.72113037109375,86667500
2023-12-22,458.84435899601766,460.3162123050925,456.7528308577729,458.6410217285156,67160400
2023-12-26,459.04768621247854,461.4781292872484,458.97020470261134,460.5776062011719,55387000
2023-12-27,460.3742993690924,461.5556412930502,459.8417395433534,461.410400390625,68000300
2023-12-28,461.76866793794215,462.4174204811319,461.16831917837936,461.5846862792969,77158100
2023-12-29,461.39098365661835,461.913880420099,458.3020659574586,460.2483825683594,122283100
2024-01-02,457.1982355112993,458.66039620914324,455.5811413344983,457.6726989746094,123623700
2024-01-03,455.5231057691351,456.25903250476523,453.3347402693324,453.9350891113281,103585900
2024-01-04,453.4605375615008,456.03625125353045,452.2501474553143,452.4728698730469,84232200
2024-01-05,452.6762546685268,455.53278743928377,451.6498461147491,453.0926513671875,86118900
2024-01-08,453.58641462800097,459.70615398593577,453.46052933115607,459.5609130859375,74879100
2024-01-09,456.9173918638988,459.88042430514423,456.41388024759897,458.86370849609375,65931400
2024-01-10,459.1349189215174,462.3206743518726,458.8541001077607,461.4588623046875,67310600
2024-01-11,462.4562213568548,462.9694256422812,457.2951303185307,461.2555236816406,77940700
2024-01-12,462.69825780727723,463.43418447136196,460.1709773696293,461.57501220703125,58026400
2024-01-16,460.1999916518418,461.5071892712775,458.0696933340662,459.88043212890625,85014900
2024-01-17,456.8690498182248,457.8083137942025,454.9808292885089,457.32415771484375,68843900
2024-01-18,458.98962663985805,461.9429667160371,457.4500139514087,461.3910217285156,91856200
2024-01-19,462.5143215974117,467.4236715984988,461.4395092276407,467.1428527832031,110834500
2024-01-22,468.67274557207963,469.8443949304159,467.4817110595385,468.1304931640625,75844900
2024-01-23,468.67274693324026,469.737866598163,467.5882421140563,469.49578857421875,49945300
2024-01-24,472.3523319806955,473.2819033399484,469.51518456670595,470.009033203125,81765000
2024-01-25,472.1296163726771,472.8364948673133,470.0090399898508,472.56536865234375,72525000
2024-01-26,472.1392548920073,473.62077110248816,471.12253908991676,471.9649658203125,76641600
2024-01-29,472.2748334350306,475.8479071625746,471.7325810664014,475.70263671875,61322800
2024-01-30,475.0152182659358,476.0416268075263,474.5794659669119,475.33477783203125,58618400
2024-01-31,473.1366851322255,473.5821004537836,467.5591976080332,467.5785827636719,126011100
2024-02-01,469.27313995314404,473.7273819238251,468.4694242895628,473.6983337402344,91891600
2024-02-02,474.1340406811921,480.33123256171854,473.7951255169084,478.68511962890625,99228200
2024-02-05,478.0556906983339,478.7141358274664,474.69564656369516,476.9421081542969,75757100
2024-02-06,477.88139839933996,478.6560658444282,476.45797836644056,478.32684326171875,55918600
2024-02-07,480.5636415654776,482.73265130891053,479.66308881437243,482.3162841796875,70556500
2024-02-08,482.31629753326854,482.9069537723974,481.50291885696174,482.5293273925781,52343600
2024-02-09,483.0328525667237,485.7538074749057,482.6939373878326,485.3180847167969,63979400
2024-02-12,485.28902318022654,487.54517753380475,484.3884704038274,485.10504150390625,56502300
2024-02-13,478.8593972990049,481.3382739920692,475.1701304413372,478.42364501953125,113099200
2024-02-14,481.0477679790003,483.2555183461787,478.73348791641325,482.7713623046875,68387800
2024-02-15,483.46854592163555,486.2863376159792,482.99405290883,486.10235595703125,61683000
2024-02-16,485.8021547710952,486.93506329206355,482.9456224770808,483.6815490722656,75532900
2024-02-20,481.94833972980865,482.61647749849317,478.7819695373135,481.0187683105469,71736700
2024-02-21,479.7212407380355,481.6094317883095,477.9201646887193,481.4544982910156,59293400
2024-02-22,488.0390264949041,492.3770461062639,487.08037735176976,491.4184265136719,76402500
2024-02-23,493.1323109036816,493.9650747069926,491.03109011668937,491.75732421875,61321800
2024-02-26,492.1930057584985,492.62875800348365,489.83032198014877,489.9562072753906,50386700
2024-02-27,490.64370119577745,491.08911644069707,488.75548097950514,490.86639404296875,48854500
2024-02-28,489.3171596556616,490.798676044666,488.9588888927158,490.21771240234375,56506600
2024-02-29,491.9703784764342,493.58744327560555,489.33656815361434,491.98004150390625,83924800
2024-03-01,492.85151281479995,497.02490613181874,492.4448087227075,496.5988464355469,76844800
2024-03-04,495.80488009764395,497.90610083671146,495.7758023657051,496.0662841796875,49799300
2024-03-05,494.0715531499916,494.5169979894073,488.9104626936786,491.1085205078125,72855600
2024-03-06,494.3716836843407,495.8435368483092,492.3092039305024,493.5970458984375,68382400
2024-03-07,496.87976126555606,499.5426199483201,493.65526493048577,498.496826171875,58652100
2024-03-08,499.1262072798715,501.7986991966138,494.93339907868494,495.50469970703125,86532500
2024-03-11,494.30400588507405,495.65963700941484,492.3867371553007,495.0786437988281,62557200
2024-03-12,497.1798317317913,500.9852909796221,494.6718775287178,500.4043273925781,73114400
2024-03-13,500.72385457506516,500.89814366049285,498.18688160759467,499.6199645996094,55104100
2024-03-14,500.5883050955873,500.7432681365898,495.6015329710001,498.6323547363281,110171800
2024-03-15,495.57751113868864,497.0247990949515,493.5474544938414,495.2084045410156,107646300
2024-03-18,499.25887018669476,500.696405939081,497.74361217385916,498.15155029296875,88893300
2024-03-19,497.4619309272195,501.2014919888328,496.46144212802193,500.9198303222656,60755300
2024-03-20,500.9780657234889,505.688947116047,500.30785211015336,505.5529479980469,69594600
2024-03-21,508.37956788041765,509.0788903449226,506.9419728955261,507.22369384765625,60256100
2024-03-22,507.1362685930967,507.6219289738799,506.02894869657956,506.2621154785156,79070800
2024-03-25,504.8925121146531,506.0095546868827,504.7079588014511,504.8634033203125,48512100
2024-03-26,506.28145712240774,506.62145492992863,503.5326622935472,503.9308776855469,65463700
2024-03-27,506.74777267634687,508.20475380954497,504.5914097711624,508.1658630371094,82999800
2024-03-28,508.2048162894885,509.56462994349044,507.78715542745584,508.0688171386719,96294900
2024-04-01,508.8068709377706,509.3410853944928,506.0288490503505,507.1847229003906,62477500
2024-04-02,503.3772245058647,504.0959923303483,501.6676906072498,503.9600524902344,74230300
2024-04-03,502.87204622290017,506.0094519100871,502.8234920523855,504.5135803222656,59155800
2024-04-04,508.50581204447843,508.845750562364,498.0543922336854,498.3554992675781,96858100
2024-04-05,499.70568326072845,505.51416224528475,499.26857707601863,503.5617980957031,74546500
2024-04-08,504.26116489557916,505.26159438808656,503.03729132856745,503.84344482421875,48401800
2024-04-09,505.57242083511636,505.81525100842816,499.5987748577626,504.42626953125,68049200
2024-04-10,498.75370676862974,501.3568389879978,497.4036161258989,499.3753662109375,82652800
2024-04-11,500.8906633299254,504.5816702204379,497.3939324409582,503.1441345214844,70099000
2024-04-12,499.61822644383983,501.0266533234711,494.47993161292834,496.1991882324219,92561100
2024-04-15,500.3564247602264,500.5215326754904,489.13765316276323,489.98272705078125,92101400
2024-04-16,490.4587076764823,491.97396569301293,487.80699132637494,489.0891418457031,73484000
2024-04-17,491.5368440989878,491.7019816659058,484.8055985468662,486.194580078125,75910300
2024-04-18,487.5836233301547,489.671957110868,484.26169316872057,485.19415283203125,74548100
2024-04-19,485.11641894359934,486.10715539894034,479.6964327690104,480.95916748046875,102212600
2024-04-22,483.55258680560587,487.972113920127,481.2214229780645,485.3883972167969,67961000
2024-04-23,487.3893089914972,491.5756989172583,485.2038373746558,491.1483154296875,64633600
2024-04-24,492.0322045112339,492.81897189579723,488.7005816711836,490.9151916503906,55928100
2024-04-25,484.8639027532391,489.8079219959981,483.2223682538086,489.05029296875,69122400
2024-04-26,491.82824557353393,495.2570064811488,491.1968930428971,493.6834716796875,64306100
2024-04-29,495.4609926845512,496.1020679300017,492.70244534017297,495.4318542480469,46415400
2024-04-30,493.97486496700367,494.9461856908876,487.5835876464844,487.5835876464844,77483600
2024-05-01,487.0007337039303,493.6154247072787,485.5340300927016,486.0002746582031,80242800
2024-05-02,489.69131460230034,491.3814327412964,485.22323354848663,490.54608154296875,62550200
2024-05-03,496.5003409855499,497.8504614761827,493.9749009908093,496.6266174316406,72756700
2024-05-06,499.0160865951996,501.79404999735306,498.5789803558365,501.7552185058594,47264700
2024-05-07,502.7167454724822,503.6977888774315,501.63859371019026,502.3088073730469,52561300
2024-05-08,500.4826581745873,502.89151427383246,500.3661044462176,502.3572998046875,42047200
2024-05-09,502.5418982172586,505.290752341684,501.89112996130467,505.2518615722656,43643700
2024-05-10,506.8448626028078,507.65107540024,504.68855906076743,505.9027099609375,52233200
2024-05-13,507.57334496613424,507.6801760152973,504.8342134653113,505.97064208984375,36716400
2024-05-14,506.1648587577762,508.80688159235103,505.63064428986746,508.29205322265625,57535900
2024-05-15,510.7495751277046,514.8776880610556,510.11819296519036,514.5863037109375,59504900
2024-05-16,514.6833396504084,516.2763195865357,513.3817440234014,513.5274658203125,50244800
2024-05-17,513.6440266439718,514.3336855890079,512.1967684847502,514.2656860351562,59187600
2024-05-20,514.3822777046638,516.3151962899514,513.9937257353356,514.8582153320312,37764200
2024-05-21,514.1006672352606,516.2764161967744,513.8966685383514,516.1209716796875,33437000
2024-05-22,515.4313166919542,516.1403617816678,512.4687413388463,514.6348266601562,48390000
2024-05-23,517.6751612100837,517.7819922710518,509.67142792152424,510.87591552734375,57211200
2024-05-24,512.7117381597728,515.0623775365141,511.7695852978517,514.2561645507812,41291100
2024-05-28,515.0623074329295,515.2954149429256,511.9929004587325,514.615478515625,36269600
2024-05-29,510.6039331839117,512.1871908993834,510.3028260942359,511.0118713378906,45190300
2024-05-30,509.4771429084137,510.1376338577683,506.3786275625725,507.62188720703125,46377600
2024-05-31,508.57373953818643,512.3715767039372,503.49369288115616,512.2453002929688,90785800
2024-06-03,513.8480669180504,514.1297285627861,507.61214568816797,512.6630249023438,46835700
2024-06-04,511.36150323340104,513.974358217118,509.90452222280885,513.2361450195312,34632700
2024-06-05,515.5478835476441,519.3554439193825,513.566351467224,519.3359985351562,47610400
2024-06-06,519.6371847519142,520.0645682770622,517.4031587596616,519.3263549804688,30808500
2024-06-07,518.355070483331,521.492477213605,517.2671958494329,518.695068359375,43224500
2024-06-10,517.8887511155715,520.6181598447974,517.2962597313128,520.297607421875,35686100
2024-06-11,518.7531294189747,521.6088139660627,516.7910431026629,521.550537109375,36383400
2024-06-12,526.0965651755441,528.5151448292115,524.8046917263563,525.8342895507812,63251300
2024-06-13,527.5728807070939,527.7477113251548,524.1149812633378,526.8929443359375,44760900
2024-06-14,525.367907030757,527.2425487322553,524.3674183253244,527.2134399414062,40089900
2024-06-17,526.5334956885656,532.7985255135613,526.0769441713737,531.4094848632812,55839500
2024-06-18,531.4677705153928,532.8859199795279,531.0501097581155,532.7596435546875,41376400
2024-06-20,533.6824639158926,534.3429548976981,529.5446281232266,531.3124389648438,70328200
2024-06-21,530.4929829849066,531.7110509477889,529.1482311958065,530.6001586914062,64338600
2024-06-24,530.4247748607555,532.9778406049528,528.7584364421938,528.8753662109375,45528700
2024-06-25,530.0934194702492,531.272530660959,528.5830271026286,530.9119873046875,37936200
2024-06-26,529.8010709636176,532.2859175813455,529.1579572826417,531.5745849609375,38550600
2024-06-27,531.4382042677565,532.9876129707899,530.6976093896263,532.4126586914062,35041500
2024-06-28,533.1824029810238,536.2227551968151,529.0799883321372,530.3175048828125,76144500
2024-07-01,531.6913837480563,531.9349972677446,528.6608458373643,531.4088134765625,40297800
2024-07-02,529.8108184673043,534.9851684570312,529.7621076471618,534.9851684570312,40434800
2024-07-03,534.6733620352073,537.7331629819162,534.6344052723863,537.3726196289062,32789900
2024-07-05,537.6746952876072,540.8708746254604,537.041276170241,540.4713745117188,41488400
2024-07-08,541.2508572097279,542.0401627530802,540.0327894282602,541.094970703125,36110500
2024-07-09,542.0499170234392,542.9463982576794,541.3288304126829,541.6211547851562,27289700
2024-07-10,542.83922140572,547.3216870432971,542.546897033872,546.9806518554688,38701200
2024-07-11,547.0975967198616,547.9648752769439,541.6309226493873,542.2642822265625,53054200
2024-07-12,543.3849335691044,549.270615886068,542.9172145567801,545.6846313476562,53084400
2024-07-15,547.6725909303428,550.4108051950651,545.3338767680585,547.1853637695312,40584300
2024-07-16,548.4910214723672,550.7225001410881,547.7406727188134,550.43017578125,36475300
2024-07-17,544.5251174294385,546.191455897242,542.3910598728387,542.712646484375,57119000
2024-07-18,544.2425249574461,545.2267333968008,536.3689169185834,538.5419311523438,56270400
2024-07-19,538.3080696139889,539.9256971843263,533.9132708630742,534.9656982421875,65509100
2024-07-22,538.8732666357521,541.0852970880696,536.9438660153718,540.4811401367188,43346700
2024-07-23,540.3738360482369,542.5176472841652,539.1460736583557,539.63330078125,34439600
2024-07-24,534.8389605250121,535.1410389720269,526.4878802289309,527.4038696289062,74515300
2024-07-25,527.520781647899,533.4747422855404,523.7204457786454,524.6558837890625,61158300
2024-07-26,528.427065396124,533.2116094688655,527.6572084941715,530.5318603515625,53763800
2024-07-29,532.0715107948711,533.0751677112492,528.8557642968128,530.8436889648438,39515800
2024-07-30,532.3052976854228,533.3577247498921,524.7630325879668,528.1541137695312,46853600
2024-07-31,534.9559895004857,539.3605426844409,533.5917889444148,536.7392578125,65663400
2024-08-01,538.4542703754322,540.6955035812163,525.6499253938641,529.1384887695312,76428700
2024-08-02,522.063852889589,523.2721666167066,515.0964813658185,519.2866821289062,82789100
2024-08-05,498.5697588887383,510.204744362721,497.23473166092106,504.1631164550781,146267400
2024-08-06,505.95616721920055,516.2172002386701,504.64067761587216,508.8113708496094,84826300
2024-08-07,514.9698561147811,518.0102083711349,504.8160585530724,505.41046142578125,70698300
2024-08-08,510.52630556896884,517.7177827712244,508.5092375881122,517.0941772460938,63276600
2024-08-09,516.2755714297688,520.8555180126824,515.0575036936727,519.3743286132812,45619600
2024-08-12,520.5633284209126,522.0444587278029,517.3865974265898,519.6473388671875,42542100
2024-08-13,522.8239227343687,528.4270341942479,522.5803091926349,528.193115234375,52333100
2024-08-14,528.9825253913183,531.0386692920978,526.3222840215557,529.8595581054688,42446900
2024-08-15,535.4625368826945,539.2239154972127,534.8583800886926,538.9413452148438,60846800
2024-08-16,537.3335929699142,540.8416642629177,537.1777064456791,540.1497802734375,44430700
2024-08-19,540.5589290320204,545.3142700195312,539.7111586836203,545.3142700195312,39121800
2024-08-20,544.8661286211883,546.5129587158026,543.0926147134523,544.4276123046875,33732300
2024-08-21,545.4702606482219,547.7504502285475,540.5589732888145,546.2985229492188,41514600
2024-08-22,548.18892980085,548.7930866218962,540.8025506157201,542.0108642578125,56121500
2024-08-23,545.2364013003757,548.7054559638492,543.053573875613,547.7699584960938,50639400
2024-08-26,548.7931935686311,549.5045262116546,544.7686923459864,546.4642333984375,35788600
2024-08-27,545.1974719043471,547.7018267996916,544.0573769322793,547.214599609375,32693900
2024-08-28,546.8734758569603,547.3022380940843,540.8610504788411,544.0377807617188,41066000
2024-08-29,545.9964384879656,549.2803444323956,542.9463920388357,544.0864868164062,38715200
2024-08-30,546.4447596496766,549.7871307787254,542.9074857644326,549.2803955078125,62700100
2024-09-03,546.1523719656589,546.4837125964749,535.4723909219692,537.9767456054688,60600100
2024-09-04,536.144708671945,540.2666308743978,535.4236220855641,536.8755493164062,47224900
2024-09-05,536.8170931187602,539.652728695669,533.1238736044508,535.5697631835938,44264300
2024-09-06,535.8913798019039,537.5089477091443,525.659610039857,526.5560913085938,68493800
2024-09-09,530.7366093479087,533.7184374137535,528.8169032647078,532.4515991210938,40445800
2024-09-10,534.3516827554222,535.1215396263949,529.4989199451313,534.7706909179688,36394600
2024-09-11,534.683107736862,541.1729474655668,526.1663863296421,540.2569580078125,75248600
2024-09-12,540.8317668643832,545.1096345372159,538.6197370769906,544.8075561523438,51819600
2024-09-13,545.4119039398827,548.6470997461229,545.1585362749396,547.6531372070312,39310500
2024-09-16,547.389917673041,548.7249152296453,545.5969551700833,548.4618530273438,36656100
2024-09-17,550.6642078763242,552.1064409635361,546.464311408286,548.6860961914062,49321000
2024-09-18,549.3389057758787,554.1624668793891,546.5032696834501,547.0587158203125,59044900
2024-09-19,556.4231220387844,558.2453466994866,553.5679782684008,556.3938598632812,75315500
2024-09-20,555.0314644130575,556.468277517829,552.4216476848839,555.4321899414062,77503100
2024-09-23,556.4975550473902,557.4652143001452,555.2854753286341,556.820068359375,44116900
2024-09-24,557.6116975399481,558.4718522050518,554.7966567556792,558.4132080078125,46805700
2024-09-25,558.2568638249757,558.9899461465259,556.0771251545262,557.181640625,38428600
2024-09-26,561.4238456875147,561.7464186568862,557.0449191197562,559.3907470703125,48336000
2024-09-27,560.4560792948731,561.2673140644259,557.553042442306,558.579345703125,42100900
2024-09-30,557.5531235786384,561.4238200592039,555.2659399397932,560.8178100585938,63557400
2024-10-01,560.4659694617594,561.1110557410046,553.2328657284514,555.7937622070312,72668800
2024-10-02,554.9042964358707,557.0448994143397,552.519332659213,556.0283203125,38097800
2024-10-03,554.5620734708386,556.9470368946191,552.7342597435006,555.01171875,40846500
2024-10-04,559.4395649274686,560.4267920576441,555.2854315259468,560.0553588867188,42939100
2024-10-07,558.4132383947003,559.0583842578297,553.8485957624074,554.9921875,49964700
2024-10-08,557.553120131347,560.8373745453375,556.683241044493,560.2410888671875,37398700
2024-10-09,560.2313175326061,564.6787318135322,559.6350914993983,564.12158203125,37912200
2024-10-10,562.7825341526946,564.5517040960426,561.5313781232933,563.1343994140625,44138100
2024-10-11,563.0561883893231,567.2396742554129,562.9193320123793,566.506591796875,42268000
2024-10-14,568.1094778484854,572.0681703246292,567.6305402513053,571.1395874023438,36217200
2024-10-15,571.4035871421002,571.7065921692961,565.4900076351577,566.7020874023438,54203600
2024-10-16,566.7021056174783,569.6832957534668,565.900594951752,569.1652221679688,30725400
2024-10-17,572.6936844531912,572.8989689898087,569.0282726746998,569.2139892578125,34393700
2024-10-18,570.8952748825009,572.1855071059618,569.4388940141822,571.403564453125,37416800
2024-10-21,570.6800967240326,571.6575397669159,567.5034068346621,570.465087890625,36439000
2024-10-22,567.9432944740728,571.3154850600835,567.2884243093201,570.162109375,34183800
2024-10-23,568.1485895916966,568.5884509212708,561.462852493989,564.9523315429688,49314600
2024-10-24,566.897492764615,566.9757049256177,563.5644376745634,566.1741943359375,34979900
2024-10-25,568.39295320261,571.27642231265,565.0403304898274,565.9786376953125,47268200
2024-10-28,569.4388580651755,569.5659304498093,567.4253275234959,567.7283325195312,30174700
2024-10-29,566.7704826769054,569.7614568362504,565.3825298731324,568.647216796875,42899700
2024-10-30,568.1779762445088,570.1622147162088,566.2230897069062,566.9268798828125,41435800
2024-10-31,562.5771834276276,562.6456116079135,555.6177928931281,555.8132934570312,60182500
2024-11-01,558.4328924373011,562.5674583510357,557.7486702212007,558.1591796875,45667500
2024-11-04,558.2960015952809,559.5862337823984,555.0802349340614,556.9569091796875,38217000
2024-11-05,557.8658847297456,563.7305435334926,557.6508758763042,563.6914672851562,39478300
2024-11-06,575.9095457320777,578.57794657906,572.1854895240832,577.7080078125,68182000
2024-11-07,579.7019657221982,583.1914447197324,579.6237535704865,582.1748657226562,47233200
2024-11-08,582.7223837264295,586.1141431643453,582.7223837264295,584.6968383789062,46444900
2024-11-11,586.2802096893201,586.6320749270757,583.5335966542183,585.25390625,37586800
2024-11-12,585.1757923053867,585.7720184458327,580.9630137474933,583.4359741210938,43006100
2024-11-13,583.8952929846365,585.7133231848053,581.5396809070076,583.7193603515625,47388600
2024-11-14,583.846300313338,584.3252378711322,579.2816578918741,579.9658203125,38904100
2024-11-15,576.4177743775998,576.886987680586,570.689971552463,572.537353515625,75988800
2024-11-18,572.9966610430482,576.1929190461736,572.1365660073782,574.8831787109375,37001700
2024-11-19,571.5208668268807,577.7080396739373,570.856212572816,576.9847412109375,49412000
2024-11-20,577.0628873767942,577.4636128156191,571.4425893061045,577.18017578125,50032600
2024-11-21,580.014817427747,581.6959910919024,574.1990184692589,580.2786865234375,46750300
2024-11-22,580.2688429124006,582.7027263378066,579.7703970458107,582.0771484375,38226400
2024-11-25,585.9967993093868,587.3065398623395,581.7742372889147,584.0516967773438,42441400
2024-11-26,585.2929516850081,587.7659115133398,584.5794372696156,587.1012573242188,45621300
2024-11-27,586.9155638447446,587.2967213513849,583.807301635719,585.3223266601562,34000200
2024-11-29,586.1335489255529,589.7403166328984,585.8598958585202,588.9583740234375,30177400
2024-12-02,589.3688921712513,590.6884762739834,588.8801705758093,590.0140380859375,31746000
2024-12-03,589.7794288278096,590.5320194756874,588.7531254655074,590.2876586914062,26906600
2024-12-04,591.9689462717889,594.1974858067216,591.3042920365143,593.953125,42787600
2024-12-05,593.9531512779432,594.7546619184587,592.6238427485821,592.9757080078125,28762200
2024-12-06,593.738143242676,595.3313805479372,593.3276337729875,594.0997924804688,31241500
2024-12-09,593.9825191407734,594.1486677967985,590.4539631589937,591.0404052734375,34742700
2024-12-10,591.7147950136848,592.1350884376395,588.5478885385655,589.2027587890625,37234500
2024-12-11,592.1156538163269,594.705842866487,591.8419410457041,593.7577514648438,28677700
2024-12-12,592.8974892997352,593.4643633790662,590.6982421875,590.6982421875,31543800
2024-12-13,592.7215967057723,593.4351111707817,589.2125492712078,590.5809936523438,35904700
2024-12-16,592.3306244931046,594.0705021581772,591.5584657830842,593.102783203125,43695200
2024-12-17,590.5613981975558,591.5192734247074,589.2907339933267,590.6591186523438,55773500
2024-12-18,590.3561165933274,592.7312963771194,572.674202761188,573.055419921875,108248700
2024-12-19,578.020816522432,579.6238377441589,572.6350947579137,572.8794555664062,85919500
2024-12-20,570.561034960996,584.27166262691,569.7175591199479,579.7603149414062,125716700
2024-12-23,579.5052825841503,583.8302883719545,576.3374745859168,583.2320556640625,57635800
2024-12-24,584.5756300016285,589.7539282690682,583.9969712723625,589.7146606445312,33160100
2024-12-26,587.9493923534018,590.8719573339298,586.5567683514358,589.7539672851562,41219100
2024-12-27,586.0271215733671,586.2625477535164,579.3777835694219,583.5458984375,64969300
2024-12-30,576.5631199685903,580.338917958557,573.150128529516,576.88671875,56578800
2024-12-31,578.5441278348751,579.2601035674252,573.1599137063401,574.7879638671875,57052700
2025-01-02,578.0341524534392,579.7406180456738,569.3154229960469,573.3756713867188,50204000
2025-01-03,576.2100381173573,581.1823013188991,575.1311959956543,580.5448608398438,37888500
2025-01-06,584.7815995417147,588.1455060566466,582.1629997160619,583.8890991210938,47679400
2025-01-07,585.9093771536865,586.2330357407637,575.4744255738375,577.2887573242188,60393100
2025-01-08,577.357566647636,579.2013495963691,573.9250009242365,578.13232421875,47304700
2025-01-10,574.5917674597674,574.6604259424307,567.4029789022777,569.3056030273438,73105000
2025-01-13,564.6766400021115,570.5414039943755,564.2646890570356,570.1883544921875,47910100
2025-01-14,573.101074063849,573.7287574980859,567.2068596443902,570.972900390625,48420600
2025-01-15,578.956079102548,582.4965105633459,577.847846118657,581.35888671875,56900200
2025-01-16,582.7220679112103,582.8985926554029,579.5445027973688,580.2408447265625,43319700
2025-01-17,585.4584175885924,587.8121409710091,584.1343920679883,586.0664672851562,58070600
2025-01-21,589.0968201243991,591.4407861448484,587.1353543049476,591.4309692382812,42532900
2025-01-22,594.2457979602253,596.109214840216,593.6965898049438,594.7557983398438,48196000
2025-01-23,594.1279244823332,598.0018310546875,593.8533504222348,598.0018310546875,41152100
2025-01-24,598.0606782414739,599.0120202031255,595.1086628774257,596.256103515625,34604700
2025-01-27,583.3498201579582,588.1358022067521,583.1831123008667,587.8219604492188,70361100
2025-01-28,589.0477983536082,593.7062796977629,585.7427332202798,592.8726806640625,44433300
2025-01-29,592.0881396439286,592.490273723341,587.6748408337293,590.2149658203125,37177400
2025-01-30,592.3234809305729,594.9125703683252,589.1458559611356,593.3826293945312,39281300
2025-01-31,595.7952259985301,598.2078504382997,589.4694869358445,590.2246704101562,66566900
2025-02-03,581.2509121761593,588.7240915852041,579.1129217803689,586.252685546875,65857200
2025-02-04,586.3115181961311,590.6953651665444,585.7721271172848,590.1854248046875,33457800
2025-02-05,589.0673886644034,592.7255030106178,587.0470814039787,592.578369140625,30653100
2025-02-06,594.3143418590737,594.7655005585997,591.0190935628144,594.6380004882812,35771500
2025-02-07,595.1970887375172,596.4131881290857,588.4888484089631,589.1950073242188,50788500
2025-02-10,592.3921407355843,593.8337894109928,591.1269569453736,593.1962890625,26048700
2025-02-11,590.940628411795,594.1868520894046,590.8229452462591,593.6474609375,30056700
2025-02-12,587.6551628450902,592.9020598913557,586.9784547529548,591.7349853515625,45076100
2025-02-13,592.8333911581238,598.1882142232939,591.5780842005947,597.9822387695312,40921300
2025-02-14,598.1882471856823,599.2180047928703,597.3350143232245,597.952880859375,26910400
2025-02-18,599.1101412981178,599.7083740234375,596.6583089558027,599.7083740234375,26749000
2025-02-19,598.3256014161959,601.4148744301086,597.8156011046507,601.1206665039062,31011100
2025-02-20,599.7574359511714,599.8947529370754,595.3245635051746,598.6198120117188,36554000
2025-02-21,598.4040443652323,598.5413613568134,587.9200057904889,588.3809814453125,76519800
2025-02-24,590.420875386549,591.4114252530362,584.997393388531,585.7035522460938,50737200
2025-02-25,585.6446767168586,586.3704094872951,578.200887648266,582.7907104492188,58266500
2025-02-26,584.4481329600031,588.0278318848362,580.4565429896904,583.0848999023438,43321600
2025-02-27,585.350344974499,586.4978454436941,573.3854527582961,573.7777099609375,74196700
2025-02-28,574.2779596736045,583.2614467800305,571.2180777869312,582.7318725585938,88744100
2025-03-03,584.6933298193593,585.8310134980443,568.727029424783,572.5224609375,74249200
2025-03-04,568.5407303426414,574.1112864169365,561.2244408531591,565.74560546875,109648200
2025-03-05,565.5789075488999,573.611113090913,562.0384758390375,571.826171875,71230500
2025-03-06,564.3921264239905,568.991765926103,559.1354126670572,561.675537109375,80094900
2025-03-07,559.9003705252755,566.2653167181951,554.731889596849,564.8236083984375,81158800
2025-03-10,556.6542444695278,558.5666258451241,544.8854490052353,549.779296875,99326600
2025-03-11,548.621913949734,553.152894380571,541.3841016024645,545.2089233398438,88102100
2025-03-12,551.3387021334682,552.2605936285714,543.0221047200753,548.102294921875,69588200
2025-03-13,547.7294422539348,548.3374917904981,539.0891888323793,540.795654296875,74079400
2025-03-14,545.3953858640715,552.9666753566005,540.8644044287432,551.96630859375,62660300
2025-03-17,551.9466761244148,558.7333912461695,551.5151512314662,556.2227172851562,49008700
2025-03-18,553.9179548314441,554.1337472059147,548.2885573100283,550.2108154296875,66041400
2025-03-19,551.9859849662871,559.9495323368723,550.8090933649922,556.203125,66556000
2025-03-20,552.4763086964069,559.5768056668136,551.7603329396793,554.5946655273438,62958200
2025-03-21,550.1543857754978,555.6728342872004,548.9247817378139,554.7776489257812,83763000
2025-03-24,561.4863807824129,565.7654388953832,560.8961948547495,564.712890625,58766800
2025-03-25,565.9129505962637,567.0048245728844,564.3292350043083,566.0703735351562,38355700
2025-03-26,565.8047238585734,566.926137079624,557.9352585138073,559.3124389648438,51848300
2025-03-27,557.9254317069114,561.5847644413973,555.7219909391279,557.8270874023438,42164200
2025-03-28,556.3024543870055,557.0303704343938,546.013105289902,546.5934448242188,71662700
2025-03-31,540.8585640195936,551.5610423029548,537.9468400615768,550.2625732421875,95328200
2025-04-01,548.3542481941281,553.7546597137996,544.6457430717568,551.8167724609375,54609600
2025-04-02,545.993387136237,558.1615443859063,545.7573127576624,555.3088989257812,76014500
2025-04-03,536.2155597389653,539.02887941269,527.9428100585938,527.9428100585938,125986000
2025-04-04,515.1253487932553,517.2894637749819,496.8190194100305,497.0354309082031,217965100
2025-04-07,481.20796639726615,514.6335008889374,473.9385334512268,496.1501159667969,256611400
2025-04-08,513.3449459742151,516.4140330278881,481.17852048669357,488.37908935546875,165816600
2025-04-09,485.38869689536773,539.6683349609375,485.0050459934576,539.6683349609375,241867300
2025-04-10,523.4866909882965,524.7950065034121,501.0095530572283,516.0205688476562,162331200
2025-04-11,514.476073798931,527.677083319112,511.58404327413893,525.2277221679688,97866300
2025-04-14,535.1728543881914,535.3991423599505,525.1491197771261,530.3233032226562,68034000
2025-04-15,530.8642755383438,534.3661851955569,528.0509561027874,528.837890625,56892900
2025-04-16,523.0046778330362,529.1133721339063,511.80051174858437,517.0828857421875,83484800
2025-04-17,519.0306499479765,522.5030206369137,515.3614705598376,517.8206787109375,79868100
2025-04-21,512.6562685653938,513.1874958754851,500.1635109491862,505.4950866699219,69368100
2025-04-22,511.6530596521891,520.6635725020783,510.71854848453165,518.6470336914062,75948100
2025-04-23,531.6118557355538,536.5302712837308,525.1687433752924,526.68359375,90590700
2025-04-24,527.9624225863133,538.4976913582739,526.7131857388315,537.769775390625,64150400
2025-04-25,537.7304480905381,542.0586181694788,534.8187241892716,541.6553344726562,61119600
2025-04-28,542.3931048050576,544.5178341418862,536.127047500035,541.8618774414062,47613800
2025-04-29,539.953448479556,546.3867741937128,539.5993369831574,545.2752075195312,47775100
2025-04-30,538.6354556420874,547.4394329210733,532.6841838633078,545.49169921875,93101500
2025-05-01,551.2266273384653,554.8662676970938,548.7575725536838,549.3576049804688,63186100
2025-05-02,555.5154232826195,559.1058911654948,553.2037916578166,557.5123291015625,60717300
2025-05-05,553.3907039776933,557.4041485271615,552.5349043366007,554.3153686523438,38659200
2025-05-06,548.8263293740373,554.157875203981,547.872185543118,549.68212890625,48264700
2025-05-07,551.0101522781708,554.6202527049248,546.9671688153295,551.9938354492188,55588000
2025-05-08,556.0171436814404,561.0044252601681,552.5349263835409,555.840087890625,65130800
2025-05-09,557.2368112120467,558.2401872369107,553.577538715433,555.1317749023438,37603400
2025-05-12,571.9822603015932,573.487324465949,567.6245507869492,573.4774780273438,78993600
2025-05-13,573.8906230635715,579.4681503640297,573.3299764411289,577.2647094726562,67947200
2025-05-14,578.2187618347115,579.3696542531599,575.9857819804191,578.0023803710938,66283500
2025-05-15,576.0055507079343,581.3272505737436,575.553034807254,580.8256225585938,71268100
2025-05-16,581.6026394160758,584.799609527031,579.6648125061226,584.5045166015625,76052100
2025-05-19,578.5040593733968,585.8226647003453,578.5040593733968,585.1439208984375,68168500
2025-05-20,583.4127701733858,584.3570677411167,579.9796649330231,583.1766357421875,60614500
2025-05-21,578.8385171464103,582.910979810613,572.3265394745135,573.3495483398438,95197700
2025-05-22,573.1527690961759,577.0481757894836,571.9231652201731,573.5758056640625,70860400
2025-05-23,566.5817726606184,572.3166619439528,566.207968279521,569.6607055664062,76029000
2025-05-27,576.5072061511252,581.6616963869777,568.9918522772189,581.5043334960938,72588500
2025-05-28,581.90772180629,583.0980002773664,577.4122816790851,578.1401977539062,68445500
2025-05-29,583.383198499108,583.5209285665185,576.5072620387259,580.4223022460938,69973300
2025-05-30,579.320555390729,581.4846704969287,573.7233954302501,579.7730712890625,90601200
2025-06-02,578.1695751189003,583.1174697772985,575.5136188023458,583.038818359375,61630500
2025-06-03,582.6748967264019,587.3375451970118,582.1928415555221,586.3637084960938,63606200
2025-06-04,587.2195213026215,588.1933580255613,585.77347583579,586.206298828125,57314200
2025-06-05,587.8785767379185,589.2262178754949,581.405924678812,583.373291015625,92278700
2025-06-06,588.8917438854173,591.0263796061765,587.1211261759919,589.3639526367188,66588700
2025-06-09,589.9344062766999,591.4394702547755,588.7244952632093,589.8950805664062,53016400
2025-06-10,590.426305457828,593.6232758793388,589.3147986704665,593.2396850585938,66247000
2025-06-11,594.3315698285918,595.1873694307895,589.491865174911,591.5477294921875,73658200
2025-06-12,590.2197163908625,593.898681640625,589.7377212700143,593.898681640625,64129000
2025-06-13,588.7344972236672,592.0298124990196,585.7637542322951,587.2589721679688,89506000
2025-06-16,590.6033640975234,594.5872686908244,590.42624830293,592.8461303710938,79984100
2025-06-17,590.4165373080118,591.9313878788944,587.0228181324287,587.7802734375,82209400
2025-06-18,588.675394655937,591.4100028153547,586.7375074721152,587.6917114257812,76605000
2025-06-20,590.3564623402502,591.421997724495,584.9104595060545,586.3114624023438,94051400
2025-06-23,587.0611349460189,592.4873858895392,583.9534091720473,592.1026611328125,87426000
2025-06-24,596.2266992885851,599.699459496435,595.3189919942236,598.6438598632812,67735300
2025-06-25,599.7586334214261,600.4492593088346,597.4204170810242,598.979248046875,62114800
2025-06-26,600.8242007377552,604.0996909412141,600.2125189749694,603.6655883789062,78548400
2025-06-27,604.6621068443518,608.1250520914118,602.639606635459,606.6648559570312,86258400
2025-06-30,609.1016996773074,610.9169938229498,606.7930496988761,609.5653686523438,92502500
2025-07-01,608.0953617899536,610.5322734636828,607.2666588703396,609.3681030273438,70030100
2025-07-02,608.9635746030316,612.1699961712587,608.3420172970813,612.1305541992188,66510400
2025-07-03,614.1036930875782,617.882354174148,614.0839419945853,616.9549560546875,51065800
2025-07-07,615.0014790783108,615.6625385416997,609.5851029977032,612.357421875,74814500
2025-07-08,613.0184402574613,613.7682592313246,611.2130216520668,612.0220336914062,59024600
2025-07-09,614.4194576258184,616.3432624074327,612.5843521193799,615.692138671875,66113300
2025-07-10,615.8302548644143,618.4644365752275,614.6562088976586,617.4285278320312,57529000
2025-07-11,614.38979053738,616.48135905139,613.1960537313187,615.2579956054688,63670200
2025-07-14,614.804168244691,616.7773507170579,613.4624186155016,616.4320678710938,51898500
2025-07-15,619.1057784945341,619.4411858079188,613.7189684346675,613.7979125976562,74317300
2025-07-16,615.3763700559891,616.3530856848711,609.7626638597798,615.8499145507812,88987500
2025-07-17,616.0276278697462,619.9739930445255,615.8105464724214,619.6187744140625,68885700
2025-07-18,620.8618249379944,621.0295285799061,618.0599396747441,619.1649169921875,65621600
2025-07-21,620.3389892578125,623.0718060276608,619.9147622533486,620.3389892578125,63375000
2025-07-22,620.6644455724645,621.2860027914654,617.7934919268233,620.4276733398438,60046300
2025-07-23,623.0816882564411,625.7060546875,621.2860849659141,625.7060546875,70511000
2025-07-24,626.0907872079496,627.6200518287297,625.488980993582,625.9132080078125,71307100
2025-07-25,626.5742531786653,629.0308557161836,626.3276053702117,628.5572509765625,56865400
2025-07-28,628.9321516432593,629.4846403177779,627.0181622678288,628.3994140625,54917100
2025-07-29,629.7904764849706,630.1061928990167,625.8342963044605,626.741943359375,60556300
2025-07-30,627.3930824208583,629.129492632239,623.0718079865017,625.9526977539062,80418900
2025-07-31,630.8856625012866,631.2703873241156,622.3121821287813,623.6046142578125,103385200
2025-08-01,617.9020886786027,617.9415908673775,610.9860743719428,613.3834838867188,140103600
2025-08-04,617.280474690056,622.7560435889075,617.1917152069655,622.7067260742188,73218000
2025-08-05,623.3184070376644,624.1274190145356,618.6320990296246,619.5496215820312,68051400
2025-08-06,620.6152614930611,624.946411865637,619.7076143339553,624.2952880859375,64357500
2025-08-07,627.7088284528788,628.4388963678413,620.674427785601,623.7723388671875,74205800
2025-08-08,625.5580704635792,629.099959687417,625.2423540250035,628.63623046875,64051600
2025-08-11,628.9124554108,630.382466681372,626.1499518449814,627.39306640625,58742300
2025-08-12,629.7313011159781,634.2301547632397,628.2514142554742,634.0723266601562,64730800
2025-08-13,636.2625497647373,637.5254154950222,634.0624705008762,636.2428588867188,60092800
2025-08-14,634.1709920856589,636.9630622902898,633.7270741796365,636.3020629882812,59327500
2025-08-15,637.328112699525,637.4268079608856,633.9046697471923,634.8123168945312,68592500
2025-08-18,634.2399697526556,635.3646981112688,633.5690949992928,634.674072265625,43804900
2025-08-19,634.4965717210093,635.4732874420525,629.9187737835771,631.23095703125,69750700
2025-08-20,630.8265133126017,631.0829764734092,624.4629872631401,629.5537719726562,88890300
2025-08-21,627.7483287539096,629.4156102095885,625.3114169787772,627.028076171875,54805800
2025-08-22,629.2084140029245,637.8312114652382,628.70524285572,636.6571655273438,84083200
2025-08-25,635.4041800322128,636.6374190424261,633.7368384817344,633.855224609375,51274300
2025-08-26,633.5889446007113,636.8545593934813,632.9673872646679,636.5092163085938,51581600
2025-08-27,635.9270971923372,638.6895405097797,635.7790844255956,637.95947265625,48341100
2025-08-28,638.5613448732837,640.7712997557803,636.6868575289449,640.2188110351562,61519500
2025-08-29,638.7881685836082,639.1532627231435,634.5162720889837,636.400634765625,74522200
2025-09-02,628.9518765829083,631.9017745733,626.406454480519,631.6847534179688,81983500
2025-09-03,634.05255551225,635.5719445130327,631.8722274787872,635.1082153320312,70820900
2025-09-04,635.7791465574808,640.4457643382553,634.8813749728572,640.4161376953125,65219200
2025-09-05,642.7443549194211,643.4646073746923,634.7036735299132,638.5612182617188,85178900
2025-09-08,639.922799046398,641.1264716601992,638.5514227841185,640.1300048828125,63133100
2025-09-09,640.2680535026645,642.1327252974712,638.5415189260096,641.60986328125,66133900
2025-09-10,644.855788891868,645.7733115580726,641.9058905935132,643.4647216796875,78034500
2025-09-11,645.4081991313436,649.5025765403432,644.8261440671411,648.8119506835938,69934400
2025-09-12,648.7823033562848,650.2720655980789,648.091737738302,648.5948486328125,72780100
2025-09-15,650.7950437367242,652.1762353081463,650.499078415473,652.0479736328125,63772400
2025-09-16,652.6004677140577,652.9063688014267,650.3708221309846,651.1502075195312,61169000
2025-09-17,651.1601352003632,652.8471677889224,645.5266771850337,650.3412475585938,101952200
2025-09-18,653.0148488941834,655.9746224265324,651.4165760040546,653.3798828125,90459200
2025-09-19,655.2606553211801,657.4569312262267,653.3215535907623,656.6160278320312,97945600
2025-09-22,655.1320445581616,660.1676828141602,655.1023357778903,659.7225341796875,69452200
2025-09-23,659.6037721086419,660.2172101260659,654.914373896894,656.1312866210938,81708900
2025-09-24,657.4173382288552,657.5162467217733,652.6289715744526,654.043701171875,68082200
2025-09-25,650.91749472694,652.3717757310584,647.4251431178142,651.0263061523438,89622100
2025-09-26,652.4707616041429,655.3002210405111,650.8581544995363,654.756103515625,69179200
2025-09-29,657.2689872647139,658.1792111877495,654.7956708332731,656.5962524414062,73499000
2025-09-30,655.8542079251938,659.5345338964465,654.5482897020846,659.0695190429688,86288000
2025-10-01,656.0916347397471,662.2254710850941,655.9828233173913,661.3153076171875,72545400
2025-10-02,663.2939389771905,663.4126533220159,659.6631277666079,662.0770263671875,56896000
2025-10-03,662.838842966907,665.5001336306916,661.0283585893458,662.0671997070312,70494400
2025-10-06,664.451431246289,665.3319462864663,662.314512664693,664.4415283203125,54623300
2025-10-07,665.3616291701808,665.8068381763353,660.5436138980969,661.9781494140625,72020100
2025-10-08,663.0960778489103,666.0245059882836,662.2749199573431,665.925537109375,60702200
2025-10-09,666.3410972158545,666.7466945063586,662.0671995495462,663.996337890625,66501900
2025-10-10,664.9560020556908,666.7565834688588,645.8719162752307,646.0499877929688,159422600
2025-10-13,653.5985682812151,658.030731623523,652.7279561413051,655.9630126953125,79560500
2025-10-14,650.1556923521978,658.7232938317348,646.1983862715207,655.1616821289062,88779600
2025-10-15,659.70272543157,663.076302337462,651.8969246006144,658.0703125,81702600
2025-10-16,659.702653099313,661.572494532197,650.0962717870328,653.588623046875,110563300
2025-10-17,652.4608239631079,658.6540174880462,651.1153544209424,657.2986450195312,96500900
2025-10-20,660.197387427611,665.0352086527322,660.1479331778372,664.1348876953125,60493400
2025-10-21,664.2733620876278,665.8068060270512,662.8289237149189,664.1249389648438,56249000
2025-10-22,664.8274246920023,664.8274246920023,656.2202718491607,660.6722412109375,80564000
2025-10-23,660.988802941274,665.5298380529869,660.6722112216523,664.5899658203125,65604500
2025-10-24,669.2398161192735,671.2283116328227,668.4384640813665,670.0213623046875,74356500
2025-10-27,675.4428672302427,678.2228723013301,674.8393925526769,677.9260864257812,63339800
2025-10-28,679.7167206093349,681.5568533012904,677.520444889974,679.7266235351562,61738100
2025-10-29,681.3689223981395,682.338503435176,675.5813864900747,680.0531616210938,85657100
2025-10-30,676.600418646911,678.6186229721906,672.5738525390625,672.5738525390625,76335800
2025-10-31,677.7281416384325,677.7677533403644,671.9900605416568,674.7799682617188,87164100
2025-11-03,678.3514739521635,678.4800912258883,672.6826525168186,676.04638671875,57315000
2025-11-04,668.8935461650569,672.7024895383894,667.3799079726423,668.0328369140625,78427000
2025-11-05,667.7755543304748,673.5927987432043,666.9742023136038,670.3478393554688,74402400
2025-11-06,669.2496813312496,670.150002278421,661.5824008089137,663.1554565429688,85035300
2025-11-07,660.781013040124,663.9172214121945,654.1525740278607,663.808349609375,100592400
2025-11-10,670.011442763763,674.8987178962867,667.8250699305912,674.1666259765625,75842900
2025-11-11,672.6925273614432,676.2738842563608,671.485517700804,675.7099609375,58953400
2025-11-12,677.4809224347684,677.6491514285055,673.6819422079296,676.0859985351562,62312500
2025-11-13,673.2367288900627,673.5928719621189,663.3632690735044,664.8670043945312,103457800
2025-11-14,658.2780414721369,668.4482860302248,656.1905771441307,664.7581176757812,96846700
2025-11-17,662.5519561070769,666.5191649555097,655.1022987242936,658.56494140625,90456100
2025-11-18,655.0330052616243,658.0207904035176,648.8596179987588,653.0346069335938,114467500
2025-11-19,653.7272041810384,660.2171837101976,651.7188423695233,655.5574340820312,94703000
2025-11-20,665.7276649913678,668.3494043558474,644.9320631333248,645.5652465820312,165293500
2025-11-21,648.0583498819193,657.4569521849606,643.9031662606766,651.9959106445312,123956200
2025-11-24,655.6167144034767,662.9080451404715,654.5284795169995,661.5922241210938,80437900
2025-11-25,661.4933747936815,668.9924864834618,657.3876457131933,667.815185546875,81077100
2025-11-26,670.3973686817876,674.4239350690651,669.4970476879164,672.4254760742188,71879600
2025-11-28,673.5928002628821,676.3728052050843,673.2366572287348,676.0958251953125,49212000
2025-12-01,671.5646559458772,675.7000330812516,671.4953958513415,673.0090942382812,61201200
2025-12-02,674.6415287588202,676.5212733146432,672.0792068673397,674.2557373046875,62953800
2025-12-03,673.3059439079583,677.5995871066391,672.4353317565424,676.5905151367188,57238500
2025-12-04,677.9854045442221,678.05466464181,674.0677104452674,677.0851440429688,61970300
2025-12-05,678.1535936302283,681.0424704296607,677.2731389541586,678.3712768554688,79241000
2025-12-08,679.2617413091358,679.3111955598065,674.2953027143022,676.3333129882812,55231500
2025-12-09,675.8583835190601,678.0744650894321,675.3043631264671,675.74951171875,58310100
2025-12-10,675.2747265375898,681.616283144729,674.0380683519487,680.2312622070312,85671300
2025-12-11,677.82719343181,681.8933109790751,674.8888622374254,681.8141479492188,86173700
2025-12-12,680.8248329648462,681.5272765513724,671.9208940415416,674.4832763671875,113160300
2025-12-15,678.4207075198718,678.4405133715769,671.999988545765,673.4641723632812,90811000
2025-12-16,671.9802275249427,673.8105178026394,667.7755898483048,671.6240844726562,122030600
2025-12-17,672.6331978735437,673.1773153631458,664.035948310003,664.2338256835938,110625200
2025-12-18,670.3675775068244,673.4740770479272,667.6964444022054,669.2496337890625,108650100
2025-12-19,671.3463691548195,675.8114935895343,671.2272434527378,675.3153686523438,103599500
2025-12-22,678.6394050189502,680.0483829319917,675.3153920494597,679.5225219726562,69556700
2025-12-23,678.6194459960617,682.8663040830753,678.569845619967,682.628173828125,64840000
2025-12-24,682.6183200290311,685.4760045408373,682.4694583215327,685.0294799804688,39445600
2025-12-26,685.2874813951044,686.2995351048382,683.9281038851597,684.9600219726562,41613300
2025-12-29,682.2114479341877,683.8586166189733,680.7528697076866,682.51904296875,62559500
2025-12-30,682.1222002850684,683.2235831301442,681.2589477241032,681.6856079101562,47160700
2025-12-31,681.8145855439083,682.0328514439952,676.4266760541103,676.635009765625,74144800
2026-01-02,680.3956585252009,681.5466416904673,674.5512924418268,677.8753051757812,89377200
2026-01-05,681.2191671325683,684.086783636805,681.060433809282,682.3900146484375,71927200
2026-01-06,682.5984300063299,686.9544213697425,682.4496288665487,686.4483642578125,69273800
2026-01-07,686.8254142672773,688.5817158514149,683.9776620917838,684.2356567382812,75588300
2026-01-08,683.4815439165204,685.2675815209567,682.1618346683338,684.1661987304688,64019200
2026-01-09,685.2775150455628,689.9212370510019,683.8387406584166,688.6908569335938,80125500
2026-01-12,685.3271398200249,690.6952455853734,685.2775394384523,689.7723999023438,63976000
2026-01-13,690.0998291255927,690.6952153647912,685.9919002674054,688.3931884765625,78309700
2026-01-14,685.6446980414748,686.3590889175136,680.7231166120667,685.0096435546875,94676700
2026-01-15,689.1870202593807,690.0602050162862,685.8927433241695,686.8750610351562,77862000
2026-01-16,688.2839991969948,688.869453251486,684.7515921796883,686.2994995117188,79289200
2026-01-20,676.2082832182709,679.4628915199756,671.3264313278333,672.32861328125,111623300
2026-01-21,674.3826370735425,683.402154325963,672.8743979165272,680.0880737304688,127844500
2026-01-22,684.5035723961656,685.7736813437502,681.5962874434288,683.6403198242188,77112200
2026-01-23,682.8167194920136,685.6049389887335,681.8343413244536,683.8883056640625,63059600
2026-01-26,685.138576123168,688.7503800429489,684.5729864520383,687.3612060546875,60473800
2026-01-27,688.799947686109,691.1317710154308,688.1946898528689,690.0997924804688,55506100
2026-01-28,691.6477064811113,692.4316225777728,688.5618241580821,690.0303344726562,61172200
2026-01-29,690.9928952881424,691.657685737667,679.5224893166136,688.6610717773438,97486200
2026-01-30,686.4285189892349,688.8298072906449,681.7947290319643,686.6071166992188,101835100
2026-02-02,684.2357342361453,691.528747109235,684.0769403301045,690.0205078125,79286500
2026-02-03,690.8142565672537,691.5584439188771,678.7286612443456,684.18603515625,107904600
2026-02-04,684.9996810996682,686.0911923060062,676.4762885369656,680.8719482421875,105204600
2026-02-05,675.6626239798336,678.3913111024622,670.5525129616972,672.3683471679688,113610800
2026-02-06,676.1785962582386,686.9444827733389,675.5732778299765,685.267578125,89127600
2026-02-09,684.0769172088077,690.4769412520913,683.0053309088385,688.5718383789062,73885200
2026-02-10,689.5640042757049,691.1416475283962,686.2994637039938,686.7559204101562,65185700
2026-02-11,690.9928885783248,691.7370759669038,683.8387453470867,686.5972290039062,76353900
2026-02-12,688.8595645054852,689.9609473653614,675.097063165144,675.9901123046875,118829000
2026-02-13,676.4067760275798,680.96122930703,672.2691112734435,676.46630859375,96267500
2026-02-17,674.8688419019007,679.6316291710169,670.5426469985775,677.5578002929688,81354700
2026-02-18,678.7187643851827,683.8090109802145,677.53798463666,680.9711303710938,73570300
2026-02-19,678.5401160314528,680.86194660128,676.2678252760687,679.1751098632812,58649400
2026-02-20,677.0319706522042,684.71197532004,676.4465165538227,684.0868530273438,100034000
2026-02-23,682.4992209190492,684.6523861034582,675.0970153480879,677.1013793945312,90558100
2026-02-24,676.6151751251432,683.0151380016027,674.7298762460771,682.0228881835938,73798700
2026-02-25,684.8310015582731,688.3038760705598,684.7516046120257,687.7780151367188,56369500
2026-02-26,687.9069589925494,687.926762805978,679.0461151309984,683.957763671875,71671000
2026-02-27,677.795973699009,681.5367144347911,676.35719931042,680.6734619140625,83308900
2026-03-02,673.4400139353526,683.2831159083878,672.765291276125,681.0604858398438,87477200
2026-03-03,669.8281968363514,677.3196712649806,664.4700232973693,675.057373046875,105003100
2026-03-04,676.3472549970834,681.7649608594664,674.3528231531807,679.8201293945312,79182200
2026-03-05,676.7938369684096,680.2171112774074,670.3739485451397,676.02978515625,106606500
2026-03-06,668.1909311447467,670.8700177972564,664.5692556037578,667.1689453125,100687000
2026-03-09,661.2254329083217,674.6505427155427,657.2564332632285,673.0133666992188,102667700
2026-03-10,672.4675558251363,678.0638596518006,669.5305349566006,671.9317626953125,81505300
2026-03-11,672.3286912573745,674.8093159596237,668.1215614523004,671.08837890625,68441700
2026-03-12,665.9583993556241,666.4446526664856,660.7094193200438,660.89794921875,108882200
2026-03-13,664.0831110227487,667.1293254881115,656.2343803863124,657.1571655273438,97200200
2026-03-16,663.1999840519829,666.8613885560293,661.9497395049242,663.844970703125,82023100
2026-03-17,667.1788836379297,669.2129836950214,664.5097291491037,665.5912475585938,87128000
2026-03-18,663.1800557566115,664.5295009374192,656.0656417127632,656.3037719726562,82062600
2026-03-19,651.8783782687178,657.8418097710767,650.0923405870744,654.6864624023438,111272500
2026-03-20,653.2010079047443,653.380093364961,641.4703940766159,645.301025390625,163617500
2026-03-23,654.7531040433624,659.2801583045331,650.6439158314106,652.07666015625,134802700
2026-03-24,648.0371459178807,653.7183875512989,646.604401549905,649.8877563476562,96457500
2026-03-25,655.3500504609481,657.5588924447279,650.9423865337293,653.5093994140625,90653800
2026-03-26,648.773401781548,651.5493174066021,641.5699034672713,641.8385620117188,96494400
2026-03-27,639.2615657472361,639.4207325687934,629.9188801961861,630.8939819335938,103649400
2026-03-30,636.8836547011163,637.1423539459004,626.108284608157,628.78466796875,99275900
2026-03-31,635.719508676349,648.255975728372,634.7643255692599,647.0620727539062,152534100
2026-04-01,650.6041659517412,655.2008748639518,649.7086779392242,651.9373779296875,97841500
2026-04-02,643.161809607987,654.8824636102106,641.858414876014,652.5244140625,68358700
2026-04-06,652.5542919409455,656.3948220300638,652.2160396308291,655.6088256835938,39105800
2026-04-07,653.3402849463747,656.285326673986,647.7784337275787,655.8972778320312,69980400
2026-04-08,672.980811715349,673.6673363432215,668.0756676404139,672.6027221679688,93606100
2026-04-09,671.438579338256,677.7266707213284,670.3739652533407,676.4829711914062,57134400
2026-04-10,677.885949822129,678.5923930707559,675.0304203424645,676.0353393554688,42253500
2026-04-13,673.9956432299357,682.8408497944083,673.1698703787699,682.641845703125,54185800
2026-04-14,684.2238203737314,691.0791070995066,684.193942434314,690.959716796875,63480500
2026-04-15,691.7557051691649,696.7504224001667,690.7010502942645,696.412109375,58240400
2026-04-16,697.5264615426626,699.2378238459212,695.0092450197437,698.1234130859375,49972400
2026-04-17,702.5808909886877,708.7993894133457,702.2028014262665,706.5607299804688,70661900
2026-04-20,705.20752199003,706.3317705126415,702.5808139687996,705.1477661132812,43546800
2026-04-21,706.7000123508461,707.6949720613851,699.098505587723,700.53125,58941400
2026-04-22,705.5756906371417,707.8640857857167,704.6503246823615,707.6253051757812,42518500
2026-04-23,705.9239069650033,708.7694771316526,698.7403270820959,704.8792114257812,56174000
2026-04-24,707.1676287635845,710.8688498134599,705.4364085481575,710.341552734375,45182000
2026-04-27,709.5753882284523,712.023010938504,708.7097781525541,711.5653076171875,33135900
2026-04-28,708.2321938525355,709.2868486650957,705.6751402340362,708.1028442382812,43117400
2026-04-29,707.4163145996059,708.6102783309316,704.7995658491443,707.993408203125,41859200
2026-04-30,711.0280636665188,716.1620290590424,706.8691393587039,715.0377197265625,67240900
2026-05-01,717.6146516977453,721.216400793299,716.8385540170647,717.0177001953125,43049800
2026-05-04,716.4406056700121,718.4802608161392,711.3861936216806,714.3909912109375,51950600
2026-05-05,718.1320898558575,721.3855668152729,717.8534719876392,720.1220092773438,36933200
2026-05-06,724.489821452625,730.8874657022126,724.1515691652952,730.1312866210938,53288900
2026-05-07,731.3451201928577,732.4196936796947,726.0718458933673,727.8926391601562,51724600
2026-05-08,731.2257166531052,734.359863963193,730.8675457398152,733.9021606445312,47227100
2026-05-11,732.7380586745534,737.0561496205491,732.7380586745534,735.5736694335938,44024000
2026-05-12,733.1758744234386,735.1160580011854,728.1413807257971,734.4593505859375,54185300
2026-05-13,734.7478704606156,740.1604537310201,731.7629913201908,738.5685424804688,44200200
2026-05-14,739.9018102364839,745.7521781705404,739.8122371427646,744.3989868164062,45307600
2026-05-15,738.0511867146383,739.712813256131,734.2405345152865,735.4443969726562,60410800
2026-05-18,736.1010471042457,737.682999009625,729.6935042484962,734.927001953125,47843900
2026-05-19,731.0765556379026,733.9320852676053,727.8429364442825,730.0317993164062,54255900
2026-05-20,732.0018002736176,738.1307251173267,730.1909663879147,737.5138549804688,45768000
2026-05-21,734.9170485709385,741.1156280791548,733.3151780259534,738.9764404296875,43332200
2026-05-22,742.4787264390759,745.1651298094138,740.7275876279662,741.8817749023438,41762000
2026-05-26,746.2297301040182,748.3390397979183,744.5979816306177,746.8068237304688,41123600
2026-05-27,747.0953563113346,747.5928361692701,744.4487294597059,746.677490234375,42106300
2026-05-28,746.4685193943138,751.3438462445121,745.4536410614309,750.7965698242188,41562600
2026-05-29,752.0900813404212,754.2590862562773,750.8861582097875,752.6671142578125,55075700
2026-06-01,751.5527711685265,756.4480167905853,750.8861651495049,754.7167358398438,43634900
2026-06-02,753.2144012702464,756.5674107365072,752.9357833937803,755.7415771484375,31581900
2026-06-03,754.3287420712209,754.9754294579049,749.7718095132926,750.4384155273438,51402500
2026-06-04,748.3091480570178,754.4878695071194,747.6823186029123,753.2740478515625,49923000
2026-06-05,748.5181345185488,749.0255736853693,731.82274221843,733.83251953125,93989400
2026-06-08,739.6132273185567,741.5832888174093,734.4693026781229,735.4940795898438,49319100
2026-06-09,739.881873688386,743.1354112835509,718.9479438267383,733.3350219726562,87683500
2026-06-10,729.69352181897,734.6583610930755,721.6741489247238,721.7736206054688,60341300
2026-06-11,725.0868662900759,736.2702039965386,720.7587550057447,734.04150390625,86330500
2026-06-12,736.9766163198905,740.6877965432628,731.3252525489901,738.0113525390625,57079500
2026-06-15,748.0604304424444,752.8661028247,747.9709180763429,751.0254516601562,60176400
2026-06-16,750.7468576807364,751.6323864215939,746.100412710964,746.5481567382812,67093100
2026-06-17,747.5032315039188,748.3589429763433,735.4940609532621,737.225341796875,85945200
2026-06-18,745.907751654771,746.3765582049119,742.0173878962117,744.8902587890625,80875700
2026-06-22,745.8479411927095,748.321778689857,741.2892538871644,742.546142578125,46628100
2026-06-23,731.9922892059834,737.7978798883457,730.4860198600484,731.7628784179688,66846800
2026-06-24,733.3489180103626,738.1171068570358,729.0296875445486,731.4237060546875,57439500
2026-06-25,737.0796452204372,737.5385276888334,727.7927091295785,732.4810791015625,53934400
2026-06-26,727.144386135875,734.7056273477464,714.8050317832251,727.1842651367188,71034000
2026-06-29,734.7055914816465,739.7231001504891,730.27658724538,739.1644897460938,58035200
2026-06-30,739.4537599262709,746.1671307285668,739.0547872797607,744.9202270507812,55626000
2026-07-01,743.1545925484338,747.5835968507926,740.541087308444,743.9127197265625,47100900
2026-07-02,745.5486859530862,749.4489739445169,738.1969465958291,742.9351806640625,57447800
2026-07-06,746.885320136641,750.5462122974698,745.5585975722108,749.4190673828125,50673300
2026-07-07,748.3616416292718,749.0998597580657,743.364102770238,745.85791015625,43721500
2026-07-08,741.3191472958572,744.3017921335774,737.6782249675691,743.5536499023438,43767400
2026-07-09,745.4987759890873,750.1073272936331,743.7431866839036,749.8480224609375,41441700
2026-07-10,750.187115173852,753.5487626123848,746.2468873823584,753.0799560546875,42191300
2026-07-13,750.6060836597362,752.0425191788765,746.1471851864706,747.3142700195312,44013600
2026-07-14,749.0499474324819,751.4739818301254,746.8055207475287,749.9677124023438,35143100
2026-07-15,752.3717122204262,753.7084197839658,748.3417413555546,752.9403076171875,43844800
2026-07-16,750.8953984161742,752.7009125511715,746.0274814662645,748.8604125976562,46409800
2026-07-17,740.241827732839,745.438883195828,738.9649691671198,741.4487915039062,62651000
2026-07-20,745.2094908804986,746.8753371556621,739.6732506975046,740.2518310546875,50422300
2026-07-21,744.4413918284653,747.1845799829406,742.3366329839115,746.426513671875,34324300
2026-07-22,744.7705725456777,748.1621748950539,744.5211918106933,745.55859375,32836200
2026-07-23,737.5385562389782,740.7206569606348,733.3888874570794,736.3515014648438,55437300
2026-07-24,736.6806667930385,741.8777222786117,735.4636571620507,737.099609375,44782000
2026-07-27,743.0648074406847,743.6833276942111,734.0472217265344,737.25927734375,41461200
2026-07-28,737.3589950224286,740.9500533043114,734.156924420905,739.0248413085938,47322200
2026-07-29,738.1370526174048,740.8403618199718,727.2939826612791,727.6531372070312,70697200
2026-07-30,734.2267392747757,740.6109103701467,732.7703947650456,739.852783203125,66811300
2026-07-31,742.835410914187,747.0449895804718,735.8527500027326,745.1796264648438,62445900
2026-08-03,747.5836183167282,756.7009928898597,746.9451890027125,755.793212890625,59927500
2026-08-04,758.7458651152236,771.494176400126,758.6361522059436,769.4193725585938,69154800
2026-08-05,773.928165423025,774.9256883846499,767.6039039413469,767.8831787109375,44689100
2026-08-06,768.3021872511085,769.9081846177485,765.5589990885744,766.65625,38416900
2026-08-07,769.1101628301597,772.0029428489042,767.703621378493,771.3446044921875,43586300
2026-08-10,770.6861849056471,773.1301282404592,769.7086319253093,771.1151733398438,39249500
2026-08-11,772.6115040483734,772.6912620504304,767.2946895097219,768.6513061523438,36740600
2026-08-12,772.7910096110111,772.9805414027246,769.369513273419,770.5764770507812,33179100
2026-08-13,772.9506321027081,777.4394855444215,772.1925048911166,775.9531860351562,35634500
2026-08-14,776.6114939657781,776.8708596736758,773.509212209858,774.4169921875,31367900
2026-08-17,774.2573577843602,774.8559080861019,770.5964655970525,770.7560424804688,34356600
2026-08-18,766.7959149360092,767.5939211307613,765.0202948350139,765.5490112304688,43920900
2026-08-19,768.4517358705159,770.5564946026684,766.1973243479778,767.1549682617188,40306000
2026-08-20,764.0627220124634,766.2472997692572,760.1523881029335,760.7109985351562,45520300
2026-08-21,764.1524418077088,765.9479709365374,762.2770937955632,763.8232421875,39188700
2026-08-24,762.8856098637509,763.3244615010249,760.1922857963137,761.5787963867188,32430900
2026-08-25,764.262137078792,764.8806573052586,761.159855395616,764.0127563476562,27422300
2026-08-26,762.8356805789958,765.449185749943,762.0376744224566,764.182373046875,28751600
2026-08-27,766.5964060257239,770.4468300957561,765.2596984507333,769.18994140625,34557100
2026-08-28,769.8483393622295,773.3795487683207,766.4068729286823,767.4442749023438,36744300
2026-08-31,765.4292990280279,766.097622354185,762.8257178677422,765.1499633789062,38810800
2026-09-01,760.1224772031874,762.7758614763637,757.5987149009983,759.89306640625,41126300
2026-09-02,760.5614001563074,764.5315220914426,759.8431519587122,763.2646484375,29566200
2026-09-03,765.99791709853,772.112737807933,765.5490195828438,771.2548217773438,43531600
2026-09-04,770.0977256925568,770.9555808433835,767.0951717806925,768.2822265625,34054200
2026-09-08,767.1649647963771,767.7934091111229,763.2447069992287,764.0626831054688,44746100
2026-09-09,762.1873669257697,762.5763546117217,759.055130192088,760.5115356445312,32812400
2026-09-10,756.1523365872063,758.2271404471661,754.7657651010062,755.9528198242188,42740400
2026-09-11,762.8257171109622,764.4816392943262,761.7084962835214,762.3967895507812,45512700
2026-09-14,757.119891309806,761.6287143614769,756.0525344863368,758.9952392578125,43992400
2026-09-15,758.2371341657202,758.4665449596201,754.2769973083872,755.513916015625,46195000
2026-09-16,757.6187023523285,759.7833101686804,747.7432005092232,752.1821899414062,59217700
2026-09-17,761.2596848801362,761.6786274833105,758.0775841455181,760.7109985351562,49652800
2026-09-18,761.3099975585938,762.0,757.969970703125,761.6900024414062,65395100
2026-09-21,766.25,774.8900146484375,766.030029296875,773.5,50484700
2026-09-22,774.030029296875,775.1400146484375,772.5700073242188,773.3800048828125,34802300
2026-09-23,772.7899780273438,773.0499877929688,766.5,767.8099975585938,54931700
2026-09-24,764.0700073242188,768.9500122070312,763.25,767.1799926757812,43983700
2026-09-25,768.780029296875,772.280029296875,766.2899780273438,771.3499755859375,36666700
2026-09-28,768.3499755859375,769.5399780273438,763.719970703125,765.6099853515625,42694500
2026-09-29,766.8300170898438,766.97998046875,762.3499755859375,764.2000122070312,36910500
2026-09-30,766.4500122070312,769.4099731445312,762.1799926757812,762.6300048828125,62110000
2026-10-01,764.3599853515625,765.6500244140625,758.7901000976562,763.989990234375,47246631
