Date,Open,High,Low,Close,Volume
2015-01-01,100.0,100.39311275737552,99.60688724262447,100.0,2075775
2015-01-02,100.0,102.51013223851685,100.0,101.72586214463779,2130899
2015-01-05,101.72586214463779,103.49028066234831,101.72586214463779,102.85441716136492,4418408
2015-01-06,102.85441716136492,104.80124735395019,102.85441716136492,104.44385651850085,2641132
2015-01-07,104.44385651850085,105.74794470082166,104.44385651850085,105.49701974379971,4407412
2015-01-08,105.49701974379971,107.98534247265727,105.49701974379971,107.67040984698255,1471437
2015-01-09,107.67040984698255,111.6793059973147,107.67040984698255,111.2668332916425,3747948
2015-01-12,111.2668332916425,113.214635174916,111.2668332916425,112.94450735102825,1916310
2015-01-13,112.94450735102825,114.77530847914946,112.94450735102825,114.5026051792104,4532482
2015-01-14,114.5026051792104,118.0025158538395,114.5026051792104,117.35353919151991,2629389
2015-01-15,117.35353919151991,121.33492039264264,117.35353919151991,120.11942951034086,3671695
2015-01-16,120.11942951034086,123.08795218854705,120.11942951034086,122.64844109506657,3335433
2015-01-19,122.64844109506657,124.61925180789842,122.64844109506657,123.96020536524556,2384239
2015-01-20,123.96020536524556,126.92272998394311,123.96020536524556,126.40314885335192,3145361
2015-01-21,126.40314885335192,130.14737162027944,126.40314885335192,129.8100969622922,3933173
2015-01-22,129.8100969622922,131.50733038353576,129.8100969622922,130.66137269432605,2474589
2015-01-23,130.66137269432605,133.46504343569026,130.66137269432605,132.67667311317183,3628792
2015-01-26,132.67667311317183,133.06023061247367,132.55522437911912,132.8077274957964,3706290
2015-01-27,132.8077274957964,134.01384101335992,132.8077274957964,133.75127627830324,4235044
2015-01-28,133.75127627830324,134.5154199998694,133.41049537044697,133.9629576851582,3982452
2015-01-29,133.9629576851582,136.8034921250856,133.9629576851582,136.32728180641823,2815197
2015-01-30,136.32728180641823,137.6524883434744,136.32728180641823,137.3259521060433,2060910
2015-02-02,137.3259521060433,141.22862171628196,137.3259521060433,140.44498751164042,2741422
2015-02-03,140.44498751164042,143.71262253368053,140.44498751164042,143.474036305907,1958482
2015-02-04,143.474036305907,147.3943293047922,143.474036305907,146.07531966065977,1636544
2015-02-05,146.07531966065977,146.07531966065977,144.71015822231814,145.32046126120122,3501551
2015-02-06,145.32046126120122,148.35296696502957,145.32046126120122,147.44403948539957,4277397
2015-02-09,147.44403948539957,151.37532748600066,147.44403948539957,150.32140852201962,2645577
2015-02-10,150.32140852201962,154.64827182545392,150.32140852201962,153.4981643562022,4489770
2015-02-11,153.4981643562022,154.95818721354908,153.4806074486864,154.21939733111773,4320997
2015-02-12,154.21939733111773,158.0640117278015,154.21939733111773,156.56699705471087,1182790
2015-02-13,156.56699705471087,158.4771587611244,156.56699705471087,158.16629905968438,1038965
2015-02-16,158.16629905968438,160.452868569528,158.16629905968438,160.0503171138621,4698464
2015-02-17,160.0503171138621,165.34870191452555,160.0503171138621,164.94929506712535,3166345
2015-02-18,164.94929506712535,167.5682822185982,164.94929506712535,166.9162582140853,2827351
2015-02-19,166.9162582140853,170.49040749986187,166.9162582140853,170.20029936536451,2394537
2015-02-20,170.20029936536451,175.49610904907948,170.20029936536451,175.10953955451492,1836466
2015-02-23,175.10953955451492,178.76798414619677,175.10953955451492,177.58979031499027,1849509
2015-02-24,177.58979031499027,181.7377456907119,177.58979031499027,180.9432148632458,3471258
2015-02-25,180.9432148632458,185.81003272055926,180.9432148632458,184.76195653257747,4471760
2015-02-26,184.76195653257747,189.45614198111448,184.76195653257747,188.57504011725385,2242255
2015-02-27,188.57504011725385,190.85628241956664,188.57504011725385,190.036391403473,1867903
2015-03-02,190.036391403473,195.12163308237587,190.036391403473,193.98181337775722,2423025
2015-03-03,193.98181337775722,201.6579586524642,193.98181337775722,200.4973199594083,4154345
2015-03-04,200.4973199594083,202.5785824774503,200.23198300865812,201.40528274305422,4065030
2015-03-05,201.40528274305422,207.87440718372596,201.40528274305422,207.16423053057005,4416298
2015-03-06,207.16423053057005,213.36363114273215,207.16423053057005,211.55477399012304,3002004
2015-03-09,211.55477399012304,215.82112678130812,211.55477399012304,214.4288082274584,4869756
2015-03-10,214.4288082274584,223.53604040648298,214.4288082274584,223.00685375191452,3369215
2015-03-11,223.00685375191452,229.76506959215166,223.00685375191452,229.1668822282913,1465416
2015-03-12,229.1668822282913,232.81730511384032,229.1668822282913,231.00184688699267,3320008
2015-03-13,231.00184688699267,236.8219739130961,231.00184688699267,235.79401768942512,1624223
2015-03-16,235.79401768942512,243.3229127900492,235.79401768942512,241.869697582146,4642028
2015-03-17,241.869697582146,247.08178768235723,241.869697582146,246.25048477811387,1336072
2015-03-18,246.25048477811387,253.9673059280548,246.25048477811387,252.85716431724384,3717779
2015-03-19,252.85716431724384,259.0278959318514,252.85716431724384,257.74611379407906,2281878
2015-03-20,257.74611379407906,266.06448149553313,257.74611379407906,264.6208407273969,1780126
2015-03-23,264.6208407273969,275.2108775230047,264.6208407273969,273.7198881180389,4626949
2015-03-24,273.7198881180389,278.6369508249724,273.7198881180389,277.3448639228912,3094549
2015-03-25,277.3448639228912,283.94610995783404,277.3448639228912,283.45515570390893,3574739
2015-03-26,283.45515570390893,289.4292461977566,283.45515570390893,287.81098960552214,4185521
2015-03-27,287.81098960552214,295.14572375960284,287.81098960552214,293.9335018714369,1619395
2015-03-30,293.9335018714369,297.655268445065,293.9335018714369,296.32260945912964,4887422
2015-03-31,296.32260945912964,301.97890110508314,296.32260945912964,300.5324600409171,1422308
2015-04-01,300.5324600409171,308.3244309320559,300.5324600409171,305.9534766581649,1371002
2015-04-02,305.9534766581649,316.74537451548827,305.9534766581649,314.82234550496696,3998308
2015-04-03,314.82234550496696,328.5852668881353,314.82234550496696,324.72420720017243,1349524
2015-04-06,324.72420720017243,329.307812422171,324.5339400037438,326.9208762129574,3493084
2015-04-07,326.9208762129574,332.69766002251737,326.9208762129574,330.8614419515723,4005259
2015-04-08,330.8614419515723,340.3154838240224,330.8614419515723,339.6190247825643,1009670
2015-04-09,339.6190247825643,340.99091563700154,338.298621638253,339.64476863762724,1737033
2015-04-10,339.64476863762724,345.5839208453297,339.64476863762724,344.86453179416316,3349478
2015-04-13,344.86453179416316,352.93792474064327,344.86453179416316,351.42631432933734,2897661
2015-04-14,351.42631432933734,363.63924496054017,351.42631432933734,362.8723220211709,1759972
2015-04-15,362.8723220211709,374.6240661062443,362.8723220211709,372.6314244036999,3611748
2015-04-16,372.6314244036999,379.50415584720093,372.6314244036999,378.8647528631599,2174462
2015-04-17,378.8647528631599,386.61134480157375,378.8647528631599,385.0456437701281,3156550
2015-04-20,385.0456437701281,396.57131855816004,385.0456437701281,391.7831901549232,1403592
2015-04-21,391.7831901549232,407.52128295195837,391.7831901549232,405.58778604607704,3235006
2015-04-22,405.58778604607704,413.9574521091303,405.58778604607704,411.96352487869234,4965539
2015-04-23,411.96352487869234,421.25083985691384,411.96352487869234,418.95174294399357,1570003
2015-04-24,418.95174294399357,430.20274499490137,418.95174294399357,428.807955845695,2827405
2015-04-27,428.807955845695,440.3959026934149,428.807955845695,436.866241685768,1661101
2015-04-28,436.866241685768,446.7083362643101,436.866241685768,444.7416983273307,3467611
2015-04-29,444.7416983273307,450.67975019742676,444.7416983273307,448.6818111609206,2541564
2015-04-30,448.6818111609206,459.9081091316194,448.6818111609206,457.6037526526713,1816680
2015-05-01,457.6037526526713,466.2160813642129,457.6037526526713,464.7259833833311,2020392
2015-05-04,464.7259833833311,481.6750379796285,464.7259833833311,479.43980182640394,2500125
2015-05-05,479.43980182640394,495.5368971352633,479.43980182640394,492.1597640860335,1349074
2015-05-06,492.1597640860335,504.9991052984257,492.1597640860335,501.8841342189226,3587909
2015-05-07,501.8841342189226,516.1859964917708,501.8841342189226,515.2763152152099,2141330
2015-05-08,515.2763152152099,525.067084884751,515.2763152152099,523.8305742169082,3986907
2015-05-11,523.8305742169082,543.0774333183433,523.8305742169082,539.8185452460817,4978081
2015-05-12,539.8185452460817,552.7972084161091,539.8185452460817,550.5857683211361,4627693
2015-05-13,550.5857683211361,568.0496675661287,550.5857683211361,564.809503904573,2891722
2015-05-14,564.809503904573,570.2528569652691,564.809503904573,568.8146062478152,1990531
2015-05-15,568.8146062478152,583.0469043252431,568.8146062478152,582.1628651277391,2546763
2015-05-18,582.1628651277391,589.5452142340199,578.4108357088368,583.9780249714283,1959315
2015-05-19,583.9780249714283,587.6597671634336,579.8836562296162,583.7717116965249,4220276
2015-05-20,583.7717116965249,596.3208559669644,583.7717116965249,593.6696960497192,2612501
2015-05-21,593.6696960497192,604.4566818958326,593.6696960497192,600.2004924780155,4459727
2015-05-22,600.2004924780155,614.6153004051998,600.2004924780155,613.1891480153644,2233374
2015-05-25,613.1891480153644,642.1260446335511,613.1891480153644,639.2175350086399,1754674
2015-05-26,639.2175350086399,648.7100651075704,639.2175350086399,646.6853652904948,4278039
2015-05-27,646.6853652904948,657.5413040012082,646.6853652904948,655.5841207351033,1514731
2015-05-28,655.5841207351033,672.8243146687455,655.5841207351033,670.0423988035689,2485265
2015-05-29,670.0423988035689,690.4542492707216,670.0423988035689,686.7466448638401,4034910
2015-06-01,686.7466448638401,701.2778520622647,686.7466448638401,699.2701150221727,2494055
2015-06-02,699.2701150221727,713.5499727312861,699.2701150221727,711.8155080653889,4247749
2015-06-03,711.8155080653889,733.108921007627,711.8155080653889,731.0520584796592,3010214
2015-06-04,731.0520584796592,752.2664516127728,731.0520584796592,749.4738951319816,1869602
2015-06-05,749.4738951319816,758.8293439994623,749.4738951319816,756.7162425129407,3255690
2015-06-08,756.7162425129407,774.9751206357423,756.7162425129407,771.2513894641975,1878812
2015-06-09,771.2513894641975,793.5305609282999,771.2513894641975,786.9485675640811,2413102
2015-06-10,786.9485675640811,796.3975953011903,786.9485675640811,794.3892872869637,1359591
2015-06-11,794.3892872869637,813.5937692560188,794.3892872869637,812.3412070126428,1034978
2015-06-12,812.3412070126428,827.7059858374951,812.3412070126428,821.6184971505565,1170656
2015-06-15,821.6184971505565,850.7720306057923,821.6184971505565,846.0375469704564,3941510
2015-06-16,846.0375469704564,866.1901049152232,846.0375469704564,864.5890007007554,1665044
2015-06-17,864.5890007007554,885.8692496696107,864.5890007007554,882.6529147676422,1458868
2015-06-18,882.6529147676422,900.2627823112855,882.6529147676422,895.089244079406,1598356
2015-06-19,895.089244079406,915.6348731537402,895.089244079406,911.9293651850433,4417119
2015-06-22,911.9293651850433,921.5630785833209,902.3367562203373,911.9499174018291,4956632
2015-06-23,911.9499174018291,925.7411739903971,911.9499174018291,919.8710462569526,1987607
2015-06-24,919.8710462569526,950.1687580527245,919.8710462569526,941.606125439126,3243700
2015-06-25,941.606125439126,944.3687963331051,936.4222642629604,940.3955302980328,2022517
2015-06-26,940.3955302980328,971.829263121484,940.3955302980328,967.1649095991245,1867946
2015-06-29,967.1649095991245,974.8719297683102,964.3692210187766,969.6205753935434,3141271
2015-06-30,969.6205753935434,998.622281268405,969.6205753935434,996.350479125172,4388397
2015-07-01,996.350479125172,1010.43917269003,996.350479125172,1007.8533749695931,4629597
2015-07-02,1007.8533749695931,1039.9515529161042,1007.8533749695931,1035.8615304032426,1106701
2015-07-03,1035.8615304032426,1067.0192233718503,1035.8615304032426,1057.9352341942767,2522288
2015-07-06,1057.9352341942767,1065.9540639889815,1057.9352341942767,1062.8352205534102,4018300
2015-07-07,1062.8352205534102,1102.8823538016177,1062.8352205534102,1097.3683178318881,2921906
2015-07-08,1097.3683178318881,1139.5566934635374,1097.3683178318881,1135.1365217491464,1957466
2015-07-09,1135.1365217491464,1162.1312807518063,1135.1365217491464,1157.0922766630183,2658983
2015-07-10,1157.0922766630183,1179.551884083271,1157.0922766630183,1177.0646581664494,2379071
2015-07-13,1177.0646581664494,1202.7432205766927,1177.0646581664494,1198.724213773255,1448440
2015-07-14,1198.724213773255,1213.2907523811941,1198.724213773255,1211.0093110343992,3565306
2015-07-15,1211.0093110343992,1250.7161969260596,1211.0093110343992,1248.5334852055346,2153060
2015-07-16,1248.5334852055346,1269.5944391846951,1248.5334852055346,1266.7259673535148,2062576
2015-07-17,1266.7259673535148,1295.4226081288994,1266.7259673535148,1291.4120444502241,4667012
2015-07-20,1291.4120444502241,1311.6165232004823,1291.4120444502241,1306.995560040074,3361512
2015-07-21,1306.995560040074,1322.7307046126155,1306.995560040074,1316.853464110198,4757649
2015-07-22,1316.853464110198,1321.345012386794,1309.5326706161654,1315.4388415014796,2976517
2015-07-23,1315.4388415014796,1333.8554073937357,1311.93187413223,1322.8936407629828,2019997
2015-07-24,1322.8936407629828,1327.9362253133404,1317.426657277976,1322.6814412956583,4140161
2015-07-27,1322.6814412956583,1327.0104616579713,1306.7032897767674,1316.8568757173693,4680422
2015-07-28,1316.8568757173693,1330.2794614415286,1297.8774645961644,1314.0784630188466,2106365
2015-07-29,1314.0784630188466,1315.114220177893,1303.925139047286,1309.5196796125895,1063227
2015-07-30,1309.5196796125895,1315.0983918568347,1303.9650737496186,1309.5317328032268,4934514
2015-07-31,1309.5317328032268,1317.1170579723034,1295.947874705715,1306.5324663390093,3874565
2015-08-03,1306.5324663390093,1319.7007592894238,1288.6804076257806,1304.190583457602,2541513
2015-08-04,1304.190583457602,1308.7913040233414,1278.126972495444,1293.4591382593928,1102602
2015-08-05,1293.4591382593928,1296.7974335246804,1278.1388330063455,1287.468133265513,3268746
2015-08-06,1287.468133265513,1310.6890507793642,1287.468133265513,1300.635960109011,2704196
2015-08-07,1300.635960109011,1302.216888705093,1288.8330548060521,1295.5249717555726,2802188
2015-08-10,1295.5249717555726,1295.5249717555726,1284.488193896933,1287.5607545746307,2650983
2015-08-11,1287.5607545746307,1294.3350857577755,1286.775753377802,1290.5554195677887,3655548
2015-08-12,1290.5554195677887,1308.4059629106537,1290.5554195677887,1301.781198960903,2739788
2015-08-13,1301.781198960903,1301.781198960903,1284.4149380092495,1290.5285571836728,4895997
2015-08-14,1290.5285571836728,1296.9522549919618,1281.53429869006,1289.243276841011,4764693
2015-08-17,1289.243276841011,1289.243276841011,1281.3746484673832,1284.7091054703676,1374402
2015-08-18,1284.7091054703676,1284.7091054703676,1264.60583294662,1271.5804480402874,2409018
2015-08-19,1271.5804480402874,1285.508556964127,1270.283164807266,1277.8958608856965,4754423
2015-08-20,1277.8958608856965,1282.0781239184032,1274.5180791813548,1278.298101549879,1072294
2015-08-21,1278.298101549879,1282.1797793638825,1276.6602097626485,1279.4199945632656,2271134
2015-08-24,1279.4199945632656,1282.9464737283472,1265.446269937422,1274.1963718328846,1441353
2015-08-25,1274.1963718328846,1286.2005612097455,1270.457961949804,1278.3292615797748,2552489
2015-08-26,1278.3292615797748,1278.4159684954948,1271.116411611962,1274.7661900537285,3997066
2015-08-27,1274.7661900537285,1283.954617969964,1264.6809187932442,1274.317768381604,1716617
2015-08-28,1274.317768381604,1274.317768381604,1264.3599739540941,1266.4976656979081,1514017
2015-08-31,1266.4976656979081,1266.4976656979081,1252.277683281915,1258.0664757424368,1023844
2015-09-01,1258.0664757424368,1274.367969964669,1258.0664757424368,1269.1261845550239,1234833
2015-09-02,1269.1261845550239,1269.1261845550239,1263.7344173392387,1266.02209291168,4176783
2015-09-03,1266.02209291168,1274.5633442196013,1263.5510655914723,1269.0572049055368,1781442
2015-09-04,1269.0572049055368,1276.361034456446,1262.7563256236278,1269.558680040037,1457227
2015-09-07,1269.558680040037,1272.4185400713625,1261.4755785528162,1266.9470593120893,4911050
2015-09-08,1266.9470593120893,1270.7455813663373,1257.0277613955923,1263.8866713809648,2473736
2015-09-09,1263.8866713809648,1271.653472777418,1263.8866713809648,1269.5269670893304,2778508
2015-09-10,1269.5269670893304,1274.2193099453277,1261.7346191780055,1267.9769645616666,2181485
2015-09-11,1267.9769645616666,1272.25137634214,1262.9589719126052,1267.6051741273725,1592398
2015-09-14,1267.6051741273725,1273.0287698364518,1264.0952117853242,1268.561990810888,3812104
2015-09-15,1268.561990810888,1286.0956515611574,1268.561990810888,1278.2855046171385,3633924
2015-09-16,1278.2855046171385,1288.9738301025081,1278.2855046171385,1284.0790296132357,2498812
2015-09-17,1284.0790296132357,1294.245911386984,1280.724276822728,1287.485094104856,2510630
2015-09-18,1287.485094104856,1296.3271460364833,1270.716383589763,1283.5217648131231,1437954
2015-09-21,1283.5217648131231,1283.5217648131231,1264.8653311399692,1273.3485191351467,3211216
2015-09-22,1273.3485191351467,1284.4780209948099,1273.3485191351467,1281.2759551479433,2857591
2015-09-23,1281.2759551479433,1292.2418398978928,1281.2759551479433,1289.220060095779,4983964
2015-09-24,1289.220060095779,1292.4232341529864,1284.551056947058,1288.4871455500222,2271509
2015-09-25,1288.4871455500222,1295.1296104958587,1288.4871455500222,1293.0465760255474,3796472
2015-09-28,1293.0465760255474,1308.9437880422613,1289.83263055164,1299.3882092969507,2376348
2015-09-29,1299.3882092969507,1312.9108156821956,1299.1302722719563,1306.020543977076,3139568
2015-09-30,1306.020543977076,1319.625549045395,1306.020543977076,1313.2601187679809,2225957
2015-10-01,1313.2601187679809,1315.1110096475004,1303.9785116591047,1309.5447606533025,4993271
2015-10-02,1309.5447606533025,1330.6063128286166,1309.5447606533025,1321.3973262329173,2698569
2015-10-05,1321.3973262329173,1321.3973262329173,1307.6431332581521,1311.225822504345,3022576
2015-10-06,1311.225822504345,1321.1193404642036,1311.225822504345,1317.9206985574713,1473355
2015-10-07,1317.9206985574713,1329.861872949145,1313.3540783527358,1321.6079756509403,2811425
2015-10-08,1321.6079756509403,1332.2948611282345,1321.6079756509403,1328.2432192674135,4676770
2015-10-09,1328.2432192674135,1346.3098580876253,1328.2432192674135,1342.7929463399569,4402442
2015-10-12,1342.7929463399569,1358.5656442847796,1342.7929463399569,1354.0368160792339,3315954
2015-10-13,1354.0368160792339,1356.3523310811734,1331.2323105166313,1343.7923207989022,4832281
2015-10-14,1343.7923207989022,1343.7923207989022,1322.8509657536622,1329.441042172234,1519974
2015-10-15,1329.441042172234,1343.9703985089704,1327.0459366543014,1335.508167581636,3877914
2015-10-16,1335.508167581636,1335.508167581636,1321.7961879454588,1326.8045712012101,2563630
2015-10-19,1326.8045712012101,1332.2455160481213,1320.3737515914727,1326.309633819797,2460889
2015-10-20,1326.309633819797,1338.479860400674,1326.309633819797,1332.6057841994136,4934619
2015-10-21,1332.6057841994136,1332.6057841994136,1316.6101218525787,1318.9503765667773,2610598
2015-10-22,1318.9503765667773,1318.9503765667773,1299.980212634744,1302.0135231476831,3346611
2015-10-23,1302.0135231476831,1314.8560320299543,1293.421625713324,1304.1388288716391,1035527
2015-10-26,1304.1388288716391,1306.9563522343767,1302.1301991008236,1304.5432756676003,1867327
2015-10-27,1304.5432756676003,1312.3150490807154,1293.0216647024674,1302.6683568915914,1959063
2015-10-28,1302.6683568915914,1302.6683568915914,1287.3164436615061,1290.8388692554768,3667520
2015-10-29,1290.8388692554768,1293.6113635617792,1285.9580597434235,1289.7847116526013,4107678
2015-10-30,1289.7847116526013,1289.7847116526013,1280.509579892126,1282.5226144740084,2708203
2015-11-02,1282.5226144740084,1282.565583388075,1257.9918517071505,1270.2787175476128,2955659
2015-11-03,1270.2787175476128,1279.383771144498,1270.177520358777,1274.7806457516376,3650449
2015-11-04,1274.7806457516376,1279.8194750067385,1269.9180875438758,1274.8687812753071,4426008
2015-11-05,1274.8687812753071,1281.1799974612543,1274.8687812753071,1278.534396027937,4088338
2015-11-06,1278.534396027937,1278.534396027937,1268.5405355433436,1271.427989582633,3680414
2015-11-09,1271.427989582633,1273.8287001376248,1260.236801319215,1267.0327507284198,1285836
2015-11-10,1267.0327507284198,1267.59273619985,1252.7083466850188,1260.1505414424344,3264450
2015-11-11,1260.1505414424344,1262.7066965960769,1245.8874721606933,1254.297084378385,1634801
2015-11-12,1254.297084378385,1263.921066405136,1249.5491482301331,1256.7351073176344,4223337
2015-11-13,1256.7351073176344,1256.7351073176344,1247.299485042859,1251.7498221781934,3280081
2015-11-16,1251.7498221781934,1262.1500065260893,1248.7348501834067,1255.442428354748,2991344
2015-11-17,1255.442428354748,1263.182206304825,1254.7102155948046,1258.9462109498147,1161705
2015-11-18,1258.9462109498147,1283.377106686996,1258.9462109498147,1275.1180663746268,3668926
2015-11-19,1275.1180663746268,1275.1180663746268,1257.1807100580995,1265.0132493347653,3028326
2015-11-20,1265.0132493347653,1283.7015661923801,1261.3096360443494,1272.505601118365,2959039
2015-11-23,1272.505601118365,1275.6190134392016,1269.232211835629,1272.4256126374153,1905114
2015-11-24,1272.4256126374153,1282.0489723141905,1263.797741275322,1272.9233567947563,2410148
2015-11-25,1272.9233567947563,1272.9233567947563,1258.7932065410996,1262.444863658233,4324412
2015-11-26,1262.444863658233,1263.4779233254915,1256.0491119383707,1259.763517631931,4060048
2015-11-27,1259.763517631931,1277.4753014507055,1255.0029609702299,1266.2391312104678,4352959
2015-11-30,1266.2391312104678,1279.8412408668228,1252.8409424758356,1266.3410916713292,1284574
2015-12-01,1266.3410916713292,1277.7117135377337,1257.6552701726716,1267.6834918552026,1878534
2015-12-02,1267.6834918552026,1269.4477710833582,1262.8961663868517,1266.1719687351049,4908714
2015-12-03,1266.1719687351049,1277.8320071563,1266.1719687351049,1275.6731995957364,1289691
2015-12-04,1275.6731995957364,1279.2345810940003,1272.8629206496596,1276.04875087183,4843234
2015-12-07,1276.04875087183,1276.04875087183,1256.4100406643804,1259.734116970608,3721476
2015-12-08,1259.734116970608,1260.2634248939053,1250.4602498051313,1255.3618373495183,4321584
2015-12-09,1255.3618373495183,1255.3618373495183,1229.1755645691806,1241.4786549841692,2672898
2015-12-10,1241.4786549841692,1241.4786549841692,1215.187386062445,1218.4829006773107,2869989
2015-12-11,1218.4829006773107,1222.1433678751232,1210.4386138590596,1216.2909908670915,2197137
2015-12-14,1216.2909908670915,1235.6483680520232,1216.2909908670915,1227.7505191763535,2799933
2015-12-15,1227.7505191763535,1234.1317248209086,1225.060244910992,1229.5959848659504,4581593
2015-12-16,1229.5959848659504,1229.5959848659504,1219.972478217643,1222.4068873430815,2609753
2015-12-17,1222.4068873430815,1222.4068873430815,1213.990196627251,1217.1126087471714,1229323
2015-12-18,1217.1126087471714,1236.0608197366314,1217.1126087471714,1227.0802254189816,2837073
2015-12-21,1227.0802254189816,1233.9737572060703,1225.5312650416588,1229.7525111238647,1317940
2015-12-22,1229.7525111238647,1243.3428555239668,1219.7871268085876,1231.5649911662772,1886910
2015-12-23,1231.5649911662772,1239.640239981593,1225.543776969997,1232.592008475795,1740995
2015-12-24,1232.592008475795,1244.4583066615003,1224.0967464929192,1234.2775265772098,4196425
2015-12-25,1234.2775265772098,1244.839293222284,1234.2775265772098,1241.6099077223041,2366937
2015-12-28,1241.6099077223041,1251.7937921742832,1241.6099077223041,1246.9475148921738,4524255
2015-12-29,1246.9475148921738,1253.8698986952552,1245.4816340448226,1249.675766370039,3795222
2015-12-30,1249.675766370039,1250.347368462582,1235.4849001304256,1242.9161342965037,3002872
2015-12-31,1242.9161342965037,1254.7768364244598,1241.0687050357915,1247.9227707301256,1948805
2016-01-01,1247.9227707301256,1249.6676800447137,1238.1210347488077,1243.8943573967606,4411918
2016-01-04,1243.8943573967606,1260.8025198379137,1243.8943573967606,1253.23360817135,3608008
2016-01-05,1253.23360817135,1253.23360817135,1239.7683622335628,1244.6647615008837,2166568
2016-01-06,1244.6647615008837,1247.2055174474206,1242.3886456146122,1244.7970815310164,2178420
2016-01-07,1244.7970815310164,1251.3271436772134,1240.471955519637,1245.8995495984252,4438179
2016-01-08,1245.8995495984252,1245.8995495984252,1232.1899240252785,1237.132673974738,3638974
2016-01-11,1237.132673974738,1253.2146764092147,1237.132673974738,1251.2252319387123,4893046
2016-01-12,1251.2252319387123,1269.8265599537979,1251.2252319387123,1263.2178812143052,3025843
2016-01-13,1263.2178812143052,1263.2178812143052,1258.1916388469404,1260.4932469452199,3681712
2016-01-14,1260.4932469452199,1273.6154722416031,1260.4932469452199,1267.17324505046,4173177
2016-01-15,1267.17324505046,1279.804313543199,1261.7201592396896,1270.7622363914443,4851359
2016-01-18,1270.7622363914443,1270.7622363914443,1241.7157276477126,1251.4730827899514,1852692
2016-01-19,1251.4730827899514,1260.1509364413823,1248.6034366308509,1254.3771865361166,3904276
2016-01-20,1254.3771865361166,1263.7411942049066,1246.021442310283,1254.8813182575948,2873458
2016-01-21,1254.8813182575948,1259.863713515607,1253.0635393717023,1256.4636264436547,3773773
2016-01-22,1256.4636264436547,1256.4636264436547,1246.905264893539,1249.26939605066,1135947
2016-01-25,1249.26939605066,1252.6274029710758,1244.0095033027637,1248.3184531369197,2892266
2016-01-26,1248.3184531369197,1252.206361443916,1243.9342565349486,1248.0703089894323,4967021
2016-01-27,1248.0703089894323,1266.9543361434792,1248.0703089894323,1258.0592206481838,1239370
2016-01-28,1258.0592206481838,1276.1321154416548,1246.819439867959,1261.475777654807,1783116
2016-01-29,1261.475777654807,1268.6136751942972,1255.9014928522506,1262.257584023274,1501103
2016-02-01,1262.257584023274,1288.2596162273744,1261.0314304411918,1274.645523334283,4312490
2016-02-02,1274.645523334283,1274.645523334283,1268.933174919364,1270.9595142773462,4311161
2016-02-03,1270.9595142773462,1270.9595142773462,1266.624766714502,1268.6239902228554,3258650
2016-02-04,1268.6239902228554,1268.6239902228554,1249.945224304772,1255.4762036057762,1726429
2016-02-05,1255.4762036057762,1279.41996199911,1255.4762036057762,1268.2398969771791,4861790
2016-02-08,1268.2398969771791,1284.2459628896536,1268.2398969771791,1276.2664948752115,3745469
2016-02-09,1276.2664948752115,1286.1914174989763,1276.2664948752115,1283.8153867561518,2804537
2016-02-10,1283.8153867561518,1292.2393055192374,1283.8153867561518,1289.3448988652158,1640415
2016-02-11,1289.3448988652158,1295.2866248193254,1285.6403454676174,1290.4634851434714,3254130
2016-02-12,1290.4634851434714,1295.137546628678,1289.614585817795,1292.3760662232364,4020742
2016-02-15,1292.3760662232364,1295.969196571699,1285.286380072004,1290.6277883218515,2012147
2016-02-16,1290.6277883218515,1293.4003339553271,1285.1835970253394,1289.2919654903333,4822825
2016-02-17,1289.2919654903333,1292.167389057689,1287.7917561023826,1289.9795725800357,4088540
2016-02-18,1289.9795725800357,1307.3785935606418,1289.9795725800357,1301.9347233891124,3472942
2016-02-19,1301.9347233891124,1311.7206723583338,1300.859752256764,1306.290212307549,3032361
2016-02-22,1306.290212307549,1308.4574872400447,1303.061672477346,1305.7595798586954,1155556
2016-02-23,1305.7595798586954,1305.7595798586954,1298.467627798419,1301.1584750771906,1481731
2016-02-24,1301.1584750771906,1304.254858002681,1288.2076834615934,1296.2312707321373,3948096
2016-02-25,1296.2312707321373,1319.0078337010084,1296.2312707321373,1308.8248705747717,1352833
2016-02-26,1308.8248705747717,1315.3590401969589,1308.8248705747717,1312.6807299733698,2903393
2016-02-29,1312.6807299733698,1322.249300866188,1303.7757319516008,1313.0125164088943,1750773
2016-03-01,1313.0125164088943,1317.8158908961911,1302.340882440505,1310.0783866683482,4463129
2016-03-02,1310.0783866683482,1310.0783866683482,1295.3659860381395,1301.2125046468352,4422280
2016-03-03,1301.2125046468352,1305.3152205548708,1296.1240096926701,1300.7196151237704,1595796
2016-03-04,1300.7196151237704,1309.6272641771611,1300.7196151237704,1307.5768948132022,2689675
2016-03-07,1307.5768948132022,1307.6633011934855,1301.1348753042348,1304.3990882488602,2122662
2016-03-08,1304.3990882488602,1305.4309411675017,1299.7410258590007,1302.5859835132512,1051590
2016-03-09,1302.5859835132512,1305.8042750184302,1295.915991966494,1300.860133492462,4676849
2016-03-10,1300.860133492462,1303.9175347706662,1299.585864480432,1301.7516996255492,3892457
2016-03-11,1301.7516996255492,1301.7516996255492,1276.9085248893082,1289.3278050572956,4348918
2016-03-14,1289.3278050572956,1301.2313614025081,1274.315803100016,1287.773582251262,2315964
2016-03-15,1287.773582251262,1287.773582251262,1279.2095768971362,1281.4698698816326,4636472
2016-03-16,1281.4698698816326,1292.8705311396986,1281.4698698816326,1288.695254021295,1262592
2016-03-17,1288.695254021295,1290.341165502829,1275.6914643676423,1283.0163149352356,3082545
2016-03-18,1283.0163149352356,1296.842514640407,1278.8605216035235,1287.8515181219652,1461466
2016-03-21,1287.8515181219652,1313.102975806372,1286.7517230416577,1299.9273494240147,3697475
2016-03-22,1299.9273494240147,1301.410718072789,1293.6617927933382,1297.5362554330636,3439362
2016-03-23,1297.5362554330636,1305.6471215972808,1280.2638693567349,1292.9554954770078,4731448
2016-03-24,1292.9554954770078,1299.3512566786994,1289.9184094292832,1294.6348330539913,4096172
2016-03-25,1294.6348330539913,1297.1162556555682,1292.4432292080796,1294.779742431824,3639754
2016-03-28,1294.779742431824,1294.779742431824,1282.836889109377,1287.218428811312,2515613
2016-03-29,1287.218428811312,1296.3032717864971,1285.8712305525762,1291.0872511695368,1349636
2016-03-30,1291.0872511695368,1315.0594311325265,1291.0872511695368,1306.9321157709958,4668366
2016-03-31,1306.9321157709958,1309.0547155661827,1300.5909473476906,1304.8228314569367,1619336
2016-04-01,1304.8228314569367,1305.9000454912143,1300.482828529034,1303.191437010124,1467350
2016-04-04,1303.191437010124,1303.191437010124,1292.1548041311864,1295.0104966155159,1010534
2016-04-05,1295.0104966155159,1306.6066590618655,1288.6793233116034,1297.6429911867344,4394085
2016-04-06,1297.6429911867344,1297.6429911867344,1281.8935328336556,1288.0347187518216,1445451
2016-04-07,1288.0347187518216,1288.0347187518216,1272.7236990662002,1279.7727979708475,2003339
2016-04-08,1279.7727979708475,1295.2718835854914,1279.7727979708475,1290.0568093390177,1108863
2016-04-11,1290.0568093390177,1290.0568093390177,1279.6777736354425,1283.3005249812159,4341287
2016-04-12,1283.3005249812159,1317.532739830855,1283.3005249812159,1312.2944732710546,2539196
2016-04-13,1312.2944732710546,1349.8478999318584,1312.2944732710546,1345.8024875316441,3732498
2016-04-14,1345.8024875316441,1406.4397623235905,1345.8024875316441,1398.9919790452739,3466589
2016-04-15,1398.9919790452739,1427.8464810260411,1398.9919790452739,1424.219604060776,3460024
2016-04-18,1424.219604060776,1448.8719896926455,1424.219604060776,1444.2582913287322,4444583
2016-04-19,1444.2582913287322,1461.5659691962696,1444.2582913287322,1453.5993053013433,4487483
2016-04-20,1453.5993053013433,1485.5572297887036,1453.5993053013433,1483.277545237546,2634710
2016-04-21,1483.277545237546,1549.9238418554087,1483.277545237546,1534.8829100845294,1932201
2016-04-22,1534.8829100845294,1583.1627247787105,1534.8829100845294,1580.3092338013023,1643409
2016-04-25,1580.3092338013023,1619.8229427279462,1574.2319844687884,1597.0274635983671,1422008
2016-04-26,1597.0274635983671,1624.2022984827888,1597.0274635983671,1615.3074330736679,4635710
2016-04-27,1615.3074330736679,1645.1863163301236,1615.3074330736679,1639.4696663921777,2221075
2016-04-28,1639.4696663921777,1682.9139012373855,1639.4696663921777,1677.0507062770785,4667726
2016-04-29,1677.0507062770785,1728.9965898927576,1677.0507062770785,1707.14854366431,3465674
2016-05-02,1707.14854366431,1748.6527800066935,1707.14854366431,1744.9525619440585,4909749
2016-05-03,1744.9525619440585,1788.979618628946,1744.9525619440585,1785.0295745624405,3435570
2016-05-04,1785.0295745624405,1832.0801275108436,1785.0295745624405,1815.396969170498,1094147
2016-05-05,1815.396969170498,1863.9675863919836,1815.396969170498,1850.975592035652,4078578
2016-05-06,1850.975592035652,1909.0791757043805,1850.975592035652,1891.81907835364,3363297
2016-05-09,1891.81907835364,1932.8966695007764,1891.81907835364,1928.0669050492352,1975512
2016-05-10,1928.0669050492352,1985.024887040752,1928.0669050492352,1976.336462308188,3522128
2016-05-11,1976.336462308188,2076.7728214733515,1976.336462308188,2052.8379916271233,1577180
2016-05-12,2052.8379916271233,2110.377271958804,2052.8379916271233,2106.0469834213445,3137101
2016-05-13,2106.0469834213445,2155.5225271731156,2106.0469834213445,2149.3433194188397,4346935
2016-05-16,2149.3433194188397,2165.209358490428,2146.9700571465933,2156.0897078185103,1751456
2016-05-17,2156.0897078185103,2211.6931161824755,2156.0897078185103,2207.576204777207,3389123
2016-05-18,2207.576204777207,2222.1581516719516,2195.3484872701347,2208.753319471043,4682870
2016-05-19,2208.753319471043,2233.5551005473944,2208.753319471043,2221.8062987100125,4158010
2016-05-20,2221.8062987100125,2295.008247813868,2221.8062987100125,2285.230853426812,3146578
2016-05-23,2285.230853426812,2356.197821679313,2285.230853426812,2347.074571987309,1319013
2016-05-24,2347.074571987309,2403.729864763111,2347.074571987309,2390.4968833233156,1148556
2016-05-25,2390.4968833233156,2411.583167726679,2383.2749498587827,2397.4290587927308,1708827
2016-05-26,2397.4290587927308,2440.3421092778444,2397.4290587927308,2436.4748227152486,2384908
2016-05-27,2436.4748227152486,2485.7764484498002,2436.4748227152486,2468.667030934099,3309668
2016-05-30,2468.667030934099,2551.5991501361013,2468.667030934099,2533.761849092052,3909310
2016-05-31,2533.761849092052,2659.867306302862,2533.761849092052,2641.642600959845,3998406
2016-06-01,2641.642600959845,2711.929707833167,2641.642600959845,2700.205981163322,1811306
2016-06-02,2700.205981163322,2738.382298759992,2700.205981163322,2733.167095095594,2427815
2016-06-03,2733.167095095594,2764.762343211423,2733.167095095594,2755.83730774012,4105871
2016-06-06,2755.83730774012,2813.9769261353863,2755.83730774012,2809.4081867780023,4106598
2016-06-07,2809.4081867780023,2865.2041605191303,2809.4081867780023,2860.629508061326,1839989
2016-06-08,2860.629508061326,2893.114816110567,2860.629508061326,2884.90140135413,1881373
2016-06-09,2884.90140135413,2958.612284617059,2884.90140135413,2945.956163206245,2730775
2016-06-10,2945.956163206245,3001.146814180564,2940.792943131713,2970.9698786561385,2229408
2016-06-13,2970.9698786561385,3070.825501929359,2970.9698786561385,3063.4296482906834,2169629
2016-06-14,3063.4296482906834,3169.638383404948,3063.4296482906834,3157.251794971952,2940791
2016-06-15,3157.251794971952,3276.4781218087833,3157.251794971952,3254.645159665943,1510723
2016-06-16,3254.645159665943,3318.857531929904,3254.645159665943,3304.309402163228,1128011
2016-06-17,3304.309402163228,3402.230034087668,3304.309402163228,3387.396941556275,4535410
2016-06-20,3387.396941556275,3466.314900058789,3387.396941556275,3450.671162006872,3166522
2016-06-21,3450.671162006872,3514.589785665852,3450.671162006872,3506.267959569789,2362149
2016-06-22,3506.267959569789,3570.5860076730883,3506.267959569789,3564.5019632485405,2996019
2016-06-23,3564.5019632485405,3599.227720511264,3564.5019632485405,3589.4636260895677,4005850
2016-06-24,3589.4636260895677,3630.8346876344754,3588.0171852393064,3609.425936436891,2798128
2016-06-27,3609.425936436891,3735.1685921753988,3609.425936436891,3710.284659244463,4564968
2016-06-28,3710.284659244463,3788.6914300304156,3710.284659244463,3777.3949745746822,4229925
2016-06-29,3777.3949745746822,3905.1557729732785,3777.3949745746822,3861.118095516402,2131243
2016-06-30,3861.118095516402,3995.012415420599,3861.118095516402,3977.0176784999994,3473911
2016-07-01,3977.0176784999994,3995.806222239286,3977.0176784999994,3987.631046351382,1022257
2016-07-04,3987.631046351382,4056.42470516367,3987.631046351382,4036.1154530111485,2874267
2016-07-05,4036.1154530111485,4134.143349283894,4036.1154530111485,4123.914478782977,3100816
2016-07-06,4123.914478782977,4252.33478118171,4123.914478782977,4222.562422036492,4779358
2016-07-07,4222.562422036492,4313.814848980276,4222.562422036492,4291.091466431484,1941848
2016-07-08,4291.091466431484,4429.48962738264,4291.091466431484,4421.076317988696,3861626
2016-07-11,4421.076317988696,4531.784197057289,4421.076317988696,4518.799565163315,4495604
2016-07-12,4518.799565163315,4562.900228806881,4518.799565163315,4554.345249653458,2796307
2016-07-13,4554.345249653458,4628.422858269823,4554.345249653458,4603.0419588292025,1659128
2016-07-14,4603.0419588292025,4758.069014216463,4603.0419588292025,4732.178968886581,3352274
2016-07-15,4732.178968886581,4862.305370471072,4732.178968886581,4848.771882897807,3885440
2016-07-18,4848.771882897807,4861.468769744892,4845.863576574708,4853.6661731598,2806593
2016-07-19,4853.6661731598,5028.751368599735,4853.6661731598,5016.1529528270785,1102705
2016-07-20,5016.1529528270785,5165.537019372413,5016.1529528270785,5146.47396246254,3646990
2016-07-21,5146.47396246254,5346.080308510342,5146.47396246254,5318.538238800157,2084248
2016-07-22,5318.538238800157,5413.918633386772,5318.538238800157,5404.501725493568,3427335
2016-07-25,5404.501725493568,5514.749087358568,5404.501725493568,5496.610312169142,1787186
2016-07-26,5496.610312169142,5560.135281115678,5496.610312169142,5544.625562129924,3517594
2016-07-27,5544.625562129924,5837.601979997653,5544.625562129924,5796.181318811288,4408451
2016-07-28,5796.181318811288,5934.418474319667,5796.181318811288,5901.9353001514,1165474
2016-07-29,5901.9353001514,6141.566251931344,5901.9353001514,6113.669188019532,3396510
2016-08-01,6113.669188019532,6216.742989459886,6113.669188019532,6196.3692526230825,3855698
2016-08-02,6196.3692526230825,6380.21158140554,6196.3692526230825,6330.448842940404,3638615
2016-08-03,6330.448842940404,6362.205767629768,6330.448842940404,6351.25370565168,3097601
2016-08-04,6351.25370565168,6485.967725744786,6351.25370565168,6453.961915790942,1329250
2016-08-05,6453.961915790942,6691.676018883461,6453.961915790942,6646.532321239623,2356691
2016-08-08,6646.532321239623,6732.946217461373,6646.532321239623,6696.265410383139,2234494
2016-08-09,6696.265410383139,6929.143645253983,6696.265410383139,6901.989920802859,2494391
2016-08-10,6901.989920802859,7079.115377592611,6901.989920802859,7063.305839277913,4569847
2016-08-11,7063.305839277913,7145.232312906597,7063.305839277913,7130.834509419862,1185718
2016-08-12,7130.834509419862,7277.081273717391,7130.834509419862,7237.683128279129,3452852
2016-08-15,7237.683128279129,7374.177474047561,7237.683128279129,7349.211071814083,3222999
2016-08-16,7349.211071814083,7534.484011361724,7349.211071814083,7492.5560125836055,4030538
2016-08-17,7492.5560125836055,7628.261890635562,7492.5560125836055,7602.236245878904,2436291
2016-08-18,7602.236245878904,7763.612397009034,7602.236245878904,7691.38859014375,3007057
2016-08-19,7691.38859014375,7842.61794809434,7691.38859014375,7821.789338148419,3103195
2016-08-22,7821.789338148419,7916.162599193082,7821.789338148419,7897.903972822325,1821175
2016-08-23,7897.903972822325,7973.528602038143,7897.903972822325,7954.016481867395,1138291
2016-08-24,7954.016481867395,8144.40313580397,7954.016481867395,8109.264846145723,4655845
2016-08-25,8109.264846145723,8369.504156704572,8109.264846145723,8343.044752277216,4247298
2016-08-26,8343.044752277216,8395.554398273629,8343.044752277216,8382.309481536153,2055527
2016-08-29,8382.309481536153,8619.895686994021,8382.309481536153,8550.249735279665,2766986
2016-08-30,8550.249735279665,8699.731393479364,8550.249735279665,8665.681852159827,1680023
2016-08-31,8665.681852159827,8786.27907478771,8665.681852159827,8754.319174388034,1060416
2016-09-01,8754.319174388034,9025.603403089252,8754.319174388034,9004.118213948837,3595610
2016-09-02,9004.118213948837,9202.940737255882,9004.118213948837,9137.54396687324,3303753
2016-09-05,9137.54396687324,9474.774432666623,9137.54396687324,9457.20282125716,1345116
2016-09-06,9457.20282125716,9619.51278573099,9457.20282125716,9572.595887334977,4824003
2016-09-07,9572.595887334977,9853.063887061911,9572.595887334977,9801.04607902797,4058414
2016-09-08,9801.04607902797,9990.967720474559,9801.04607902797,9974.790888406058,1608802
2016-09-09,9974.790888406058,10181.513064771912,9974.790888406058,10099.074607460849,3848275
2016-09-12,10099.074607460849,10406.418902327434,10099.074607460849,10360.405840609421,3863605
2016-09-13,10360.405840609421,10602.649291063335,10360.405840609421,10551.55713386884,2532840
2016-09-14,10551.55713386884,10852.464335395214,10551.55713386884,10826.236385607759,3857223
2016-09-15,10826.236385607759,11063.410686234338,10826.236385607759,11037.641222958284,3060412
2016-09-16,11037.641222958284,11184.359401471733,11037.641222958284,11138.545544816716,2706709
2016-09-19,11138.545544816716,11408.861317969504,11138.545544816716,11349.947426573202,2947780
2016-09-20,11349.947426573202,11633.139220311563,11349.947426573202,11582.843259530136,2926345
2016-09-21,11582.843259530136,11966.888469553887,11582.843259530136,11925.517386369462,1298716
2016-09-22,11925.517386369462,12200.433182681614,11911.467749438021,12055.950466059818,2468062
2016-09-23,12055.950466059818,12315.176376459805,12055.950466059818,12292.327887752734,1318482
2016-09-26,12292.327887752734,12357.60507881655,12292.327887752734,12326.515466158438,2367721
2016-09-27,12326.515466158438,12707.380460311546,12326.515466158438,12653.352168325775,2409588
2016-09-28,12653.352168325775,12862.719925438394,12653.352168325775,12769.575362270523,4467988
2016-09-29,12769.575362270523,12874.337772812409,12714.26708550282,12794.302429157613,1026126
2016-09-30,12794.302429157613,13065.356608228973,12794.302429157613,13042.612096874682,2765327
2016-10-03,13042.612096874682,13483.963228617837,13042.612096874682,13447.674538984062,1742180
2016-10-04,13447.674538984062,13631.59964176276,13391.651089534711,13511.625365648735,4458981
2016-10-05,13511.625365648735,13792.148492200682,13477.544669437479,13634.846580819081,2462303
2016-10-06,13634.846580819081,13875.97818760447,13634.846580819081,13806.199121366599,2711428
2016-10-07,13806.199121366599,14006.016862521778,13806.199121366599,13926.382547730795,3508805
2016-10-10,13926.382547730795,14314.715935044163,13926.382547730795,14257.750777907662,4086943
2016-10-11,14257.750777907662,14472.49598961481,14257.750777907662,14427.793355289414,3062585
2016-10-12,14427.793355289414,14662.223220730188,14427.793355289414,14612.250567190762,4229220
2016-10-13,14612.250567190762,15013.50560561121,14612.250567190762,14989.729624961987,1694595
2016-10-14,14989.729624961987,15295.638028458494,14989.729624961987,15176.274617001993,3353174
2016-10-17,15176.274617001993,15607.142605582136,15176.274617001993,15545.480005468964,4037576
2016-10-18,15545.480005468964,15750.742135194674,15545.480005468964,15705.38311790733,2737747
2016-10-19,15705.38311790733,15931.972604039307,15705.38311790733,15829.119782688256,4177641
2016-10-20,15829.119782688256,15935.96965358629,15774.36377002469,15855.16671180549,4439787
2016-10-21,15855.16671180549,16522.551846558647,15855.16671180549,16467.366850751227,3651145
2016-10-24,16467.366850751227,16791.1641714012,16467.366850751227,16743.975958072573,4681504
2016-10-25,16743.975958072573,17265.7959804283,16743.975958072573,17119.699621717027,3751736
2016-10-26,17119.699621717027,17518.735808523925,17119.699621717027,17456.778031479836,2307850
2016-10-27,17456.778031479836,17866.796350435092,17456.778031479836,17833.837760965445,2013809
2016-10-28,17833.837760965445,18288.869026174973,17833.837760965445,18199.375522305516,2351646
2016-10-31,18199.375522305516,18964.822140767996,18199.375522305516,18910.646617496746,4353250
2016-11-01,18910.646617496746,19200.981764753295,18910.646617496746,19092.39181361557,4630054
2016-11-02,19092.39181361557,19214.121152436695,19092.39181361557,19176.88288224303,3340374
2016-11-03,19176.88288224303,19415.536127141742,19176.88288224303,19366.358219447113,4932872
2016-11-04,19366.358219447113,19684.14165503154,19306.26005660642,19495.20085581898,1709870
2016-11-07,19495.20085581898,20062.464616256548,19495.20085581898,20030.726625383464,2949168
2016-11-08,20030.726625383464,20680.268425385384,20030.726625383464,20595.668874337858,3737399
2016-11-09,20595.668874337858,20854.898513665245,20595.668874337858,20809.592885307917,1744668
2016-11-10,20809.592885307917,21047.56696501058,20809.592885307917,20936.440718600457,3509594
2016-11-11,20936.440718600457,21421.03731072059,20936.440718600457,21280.887742016006,2028786
2016-11-14,21280.887742016006,22096.608804878477,21280.887742016006,22002.54900765958,3274698
2016-11-15,22002.54900765958,22002.54900765958,21682.495304753265,21822.22284485672,2262277
2016-11-16,21822.22284485672,22503.639789145167,21822.22284485672,22373.588968849166,2883927
2016-11-17,22373.588968849166,22615.32908829733,22373.588968849166,22580.375695325896,2596439
2016-11-18,22580.375695325896,23393.509786992818,22580.375695325896,23266.902019532175,4067425
2016-11-21,23266.902019532175,23626.365901549256,23266.902019532175,23481.440552753946,4964501
2016-11-22,23481.440552753946,23940.135570875897,23481.440552753946,23884.049616013188,3920020
2016-11-23,23884.049616013188,24152.357213460862,23851.58310770126,24001.970160581062,2264829
2016-11-24,24001.970160581062,24347.317212040725,24001.970160581062,24247.448426124196,3356225
2016-11-25,24247.448426124196,25195.85304214062,24247.448426124196,25068.428030975316,1360353
2016-11-28,25068.428030975316,25832.366742003072,25068.428030975316,25775.50276890469,1268272
2016-11-29,25775.50276890469,26412.4180328519,25775.50276890469,26187.48083860338,3205135
2016-11-30,26187.48083860338,26535.02326512853,26187.48083860338,26483.354232665388,1927833
2016-12-01,26483.354232665388,26619.808270974252,26403.147058771294,26511.477664872775,4835089
2016-12-02,26511.477664872775,26993.66001429699,26511.477664872775,26937.343006918327,4915539
2016-12-05,26937.343006918327,27559.66069752178,26937.343006918327,27467.765351907226,1789529
2016-12-06,27467.765351907226,28140.99556145516,27467.765351907226,27994.03280516734,2609926
2016-12-07,27994.03280516734,28736.326794249573,27994.03280516734,28527.65731818444,3043447
2016-12-08,28527.65731818444,29204.808296831096,28527.65731818444,29087.17785536099,3531736
2016-12-09,29087.17785536099,30228.548242222758,29087.17785536099,30044.30948773779,4054478
2016-12-12,30044.30948773779,31381.533736066736,30044.30948773779,31206.04285382931,1526391
2016-12-13,31206.04285382931,31893.07137147882,31206.04285382931,31787.414856460888,3135294
2016-12-14,31787.414856460888,32382.901209466872,31787.414856460888,32179.57430182008,3285458
2016-12-15,32179.57430182008,32893.98111044472,32179.57430182008,32802.25481512683,1159214
2016-12-16,32802.25481512683,33510.11451406663,32802.25481512683,33258.98643240948,3435024
2016-12-19,33258.98643240948,33792.868806419814,33258.98643240948,33677.24019900901,2135356
2016-12-20,33677.24019900901,34444.49828156029,33677.24019900901,34331.03325044928,4048369
2016-12-21,34331.03325044928,34821.813707278525,34331.03325044928,34659.47672429596,3222127
2016-12-22,34659.47672429596,35726.19780106486,34659.47672429596,35562.73968712284,4875683
2016-12-23,35562.73968712284,36426.95757659008,35562.73968712284,36237.03926461452,1683459
2016-12-26,36237.03926461452,37322.940333658466,36237.03926461452,37052.37565822845,2824068
2016-12-27,37052.37565822845,37821.24909546153,37052.37565822845,37725.63954203586,3445810
2016-12-28,37725.63954203586,38271.223561522966,37725.63954203586,38205.79094155271,2250725
2016-12-29,38205.79094155271,38677.55158195117,38205.79094155271,38607.73131277566,2714101
2016-12-30,38607.73131277566,39411.621014971286,38607.73131277566,39288.27905681186,1639022
2017-01-02,39288.27905681186,40147.48121062117,39288.27905681186,39858.44614522636,3235099
2017-01-03,39858.44614522636,40879.013584655164,39858.44614522636,40748.84450506119,2337119
2017-01-04,40748.84450506119,41744.6244669951,40748.84450506119,41562.01552731748,3503141
2017-01-05,41562.01552731748,42098.27910276909,41555.828288755896,41827.05369576249,2773726
2017-01-06,41827.05369576249,42998.415044207424,41827.05369576249,42691.66963163093,3179874
2017-01-09,42691.66963163093,43094.91785949787,42691.66963163093,42972.21349136388,4856911
2017-01-10,42972.21349136388,43935.323176003934,42972.21349136388,43566.74367982652,4718925
2017-01-11,43566.74367982652,44482.59541633829,43566.74367982652,44309.838270982786,3044965
2017-01-12,44309.838270982786,44451.44831837305,44101.52128818498,44276.48480327902,3311251
2017-01-13,44276.48480327902,45273.53916664255,44276.48480327902,45202.53078059019,3700157
2017-01-16,45202.53078059019,46531.128636456175,45202.53078059019,46174.82969133018,2717326
2017-01-17,46174.82969133018,47353.01550650535,46174.82969133018,47025.35888297184,3934233
2017-01-18,47025.35888297184,47967.593910802956,47025.35888297184,47766.32934044908,1083456
2017-01-19,47766.32934044908,48737.76677295068,47766.32934044908,48543.19917254284,1054652
2017-01-20,48543.19917254284,49373.10759486727,48543.19917254284,49040.01965674734,1082312
2017-01-23,49040.01965674734,49978.38168204809,49040.01965674734,49888.55893555295,1931777
2017-01-24,49888.55893555295,50895.202583408114,49888.55893555295,50610.64004898268,1517207
2017-01-25,50610.64004898268,51880.588680101384,50610.64004898268,51669.25541403285,3161209
2017-01-26,51669.25541403285,52452.22253487345,51669.25541403285,52080.472370674026,4379576
2017-01-27,52080.472370674026,53561.13372711098,52080.472370674026,53244.778155558146,1229276
2017-01-30,53244.778155558146,54599.49276349954,53244.778155558146,54385.93030077833,3384554
2017-01-31,54385.93030077833,55706.83863708005,54385.93030077833,55396.65864355337,1602644
2017-02-01,55396.65864355337,56615.83694925088,55396.65864355337,56261.287019833304,4029540
2017-02-02,56261.287019833304,58092.81808442922,56261.287019833304,57697.266292457614,4010273
2017-02-03,57697.266292457614,58040.845608496486,57697.266292457614,57890.781938829125,4678331
2017-02-06,57890.781938829125,59649.5041298715,57890.781938829125,59315.15761552136,3696339
2017-02-07,59315.15761552136,60765.3019225083,59315.15761552136,60645.61882396737,3744535
2017-02-08,60645.61882396737,62293.63736593023,60645.61882396737,62030.38650665475,1554235
2017-02-09,62030.38650665475,63973.413556540305,62030.38650665475,63508.76451940251,1340882
2017-02-10,63508.76451940251,64541.70537422128,63508.76451940251,64363.818322813255,1471857
2017-02-13,64363.818322813255,65710.52367124411,64363.818322813255,65484.09628872412,4471362
2017-02-14,65484.09628872412,67419.21885928803,65484.09628872412,67210.95010552765,4373107
2017-02-15,67210.95010552765,69501.74731639707,67210.95010552765,68844.60583511372,2759272
2017-02-16,68844.60583511372,70686.39405219001,68844.60583511372,70363.80854039584,2889638
2017-02-17,70363.80854039584,71127.41801547217,70283.68461100648,70705.55131323932,1216103
2017-02-20,70705.55131323932,72716.10221810966,70705.55131323932,72499.97838952516,2264445
2017-02-21,72499.97838952516,74938.92495806087,72499.97838952516,74797.84417378243,1515859
2017-02-22,74797.84417378243,77411.64545791352,74797.84417378243,77049.01356729137,3876864
2017-02-23,77049.01356729137,79010.7930538877,77049.01356729137,78770.19456816422,1818592
2017-02-24,78770.19456816422,79733.03977611913,78504.18420932448,79118.61199272181,3675973
2017-02-27,79118.61199272181,81881.42402970279,79118.61199272181,81446.71260700283,4463021
2017-02-28,81446.71260700283,83384.74454868409,81446.71260700283,82955.71279837326,4977114
2017-03-01,82955.71279837326,82955.71279837326,82314.82068999918,82513.95732852792,3196016
2017-03-02,82513.95732852792,84838.43818390809,82513.95732852792,84475.4852307384,1413975
2017-03-03,84475.4852307384,85177.44257230537,84475.4852307384,84904.47558112057,3669679
2017-03-06,84904.47558112057,85811.84110530329,84904.47558112057,85501.82901690752,4074071
2017-03-07,85501.82901690752,87399.48786607943,85501.82901690752,86668.96413076052,4206265
2017-03-08,86668.96413076052,90276.63936971781,86668.96413076052,89505.28500486627,2840569
2017-03-09,89505.28500486627,91106.54798802178,89505.28500486627,90963.46451377892,3432989
2017-03-10,90963.46451377892,93184.20097323078,90963.46451377892,93029.23714080072,1992395
2017-03-13,93029.23714080072,96693.12020656996,93029.23714080072,96515.94314576102,1592652
2017-03-14,96515.94314576102,100209.56497237468,96515.94314576102,99984.75486812761,2993521
2017-03-15,99984.75486812761,102172.64325706128,99984.75486812761,101881.11230602734,2930208
2017-03-16,101881.11230602734,104244.60865668251,101881.11230602734,103672.67024841974,1081856
2017-03-17,103672.67024841974,104789.91775009084,103672.67024841974,104438.94539864932,4856735
2017-03-20,104438.94539864932,106015.0246221062,104438.94539864932,105802.43961771126,1498274
2017-03-21,105802.43961771126,108531.12998207434,105802.43961771126,108368.52791895739,1833569
2017-03-22,108368.52791895739,111178.90607682722,108368.52791895739,110964.74607843214,1435219
2017-03-23,110964.74607843214,113553.76593805573,110964.74607843214,113306.36657330432,3350053
2017-03-24,113306.36657330432,117341.16368355176,113306.36657330432,116699.66751756708,3769072
2017-03-27,116699.66751756708,118313.60941500569,116699.66751756708,118132.30996469667,4169448
2017-03-28,118132.30996469667,120693.20245552732,118132.30996469667,120428.71167535006,3833440
2017-03-29,120428.71167535006,123928.95199467141,120428.71167535006,123717.91241911768,1098218
2017-03-30,123717.91241911768,127614.53146635044,123717.91241911768,126914.96378816693,1975037
2017-03-31,126914.96378816693,131442.9523895795,126914.96378816693,130812.45350739197,3974243
2017-04-03,130812.45350739197,131843.98414539383,130349.47396786587,131096.72905662985,2228822
2017-04-04,131096.72905662985,131096.72905662985,130006.55790188375,130302.421840762,3948041
2017-04-05,130302.421840762,130302.421840762,128469.07234958849,129030.86934563756,4090484
2017-04-06,129030.86934563756,130260.1896719027,128771.9074021663,129516.0485370345,1615319
2017-04-07,129516.0485370345,129816.7140032354,129181.54057338396,129499.12728830968,2550571
2017-04-10,129499.12728830968,130232.19703794004,129297.85591706239,129765.02647750122,2712295
2017-04-11,129765.02647750122,129765.02647750122,127366.67482436947,128464.1746795531,2394211
2017-04-12,128464.1746795531,129288.72546356295,127170.7061864534,128229.71582500818,4187714
2017-04-13,128229.71582500818,128229.71582500818,127611.61907559917,127819.85353527943,4782177
2017-04-14,127819.85353527943,127819.85353527943,126972.58308549464,127216.92473914735,1446539
2017-04-17,127216.92473914735,127216.92473914735,124843.41798799663,125567.57886833553,3177274
2017-04-18,125567.57886833553,125643.33464698956,125197.02704669385,125420.18084684171,1573631
2017-04-19,125420.18084684171,126697.40749009339,125420.18084684171,126203.26669663141,3152773
2017-04-20,126203.26669663141,127885.01685950493,125282.88189142644,126583.94937546569,3798269
2017-04-21,126583.94937546569,126943.82342431131,125480.3731493136,126212.09828681246,3442242
2017-04-24,126212.09828681246,126531.59475578625,126054.08569550938,126292.84022564781,1339116
2017-04-25,126292.84022564781,127577.36634759564,126292.84022564781,126956.70308098024,1164887
2017-04-26,126956.70308098024,126956.70308098024,124209.17220605662,124931.09678369794,4476576
2017-04-27,124931.09678369794,125193.80182770167,124716.94416005547,124955.37299387857,2596092
2017-04-28,124955.37299387857,125862.01322274309,124955.37299387857,125479.76926615716,3472614
2017-05-01,125479.76926615716,127500.5237316782,124699.44228033622,126099.98300600721,4154596
2017-05-02,126099.98300600721,128127.48495066859,126099.98300600721,127481.00471724552,1098521
2017-05-03,127481.00471724552,128632.92002313488,127481.00471724552,128415.81427447558,3604925
2017-05-04,128415.81427447558,129236.7464729571,128172.40377654124,128704.57512474917,4537350
2017-05-05,128704.57512474917,129215.20963960698,128704.57512474917,128979.92685379175,4560258
2017-05-08,128979.92685379175,130443.69577545738,128807.46083933741,129625.5783073974,4086331
2017-05-09,129625.5783073974,129634.66693391041,128825.03780580098,129229.8523698557,2241920
2017-05-10,129229.8523698557,129479.78379482322,128980.90303350153,129230.34341416237,3021128
2017-05-11,129230.34341416237,130391.27932774769,129230.34341416237,129964.66708152585,2902294
2017-05-12,129964.66708152585,132300.46458213052,129964.66708152585,131508.0151041482,1521996
2017-05-15,131508.0151041482,132097.89504468633,130638.97357276658,131368.43430872646,1938916
2017-05-16,131368.43430872646,131730.33156180978,130907.99795026908,131319.16475603942,3571388
2017-05-17,131319.16475603942,131825.93954107637,131104.89256028231,131465.41605067934,1741777
2017-05-18,131465.41605067934,133292.87573946425,131465.41605067934,132511.86579465508,2231974
2017-05-19,132511.86579465508,132723.61900158704,132183.9336272286,132453.77631440782,1364217
2017-05-22,132453.77631440782,133906.79568920002,132453.77631440782,133588.6827771213,4273925
2017-05-23,133588.6827771213,133588.6827771213,132346.2613842826,132758.3514054869,1795464
2017-05-24,132758.3514054869,132821.8635257415,132320.62890622494,132571.24621598324,3673539
2017-05-25,132571.24621598324,133014.030285362,131742.8584169202,132378.4443511411,1655517
2017-05-26,132378.4443511411,133987.36940766012,131956.27651162163,132971.82295964088,2192866
2017-05-29,132971.82295964088,135114.69114176714,132410.46213295608,133762.5766373616,2756085
2017-05-30,133762.5766373616,133762.5766373616,132086.94577334408,132492.1311749665,3559250
2017-05-31,132492.1311749665,132492.1311749665,131322.50711270983,131731.06231449798,2644074
2017-06-01,131731.06231449798,132300.51851785782,131657.34897732385,131978.93374759084,3139340
2017-06-02,131978.93374759084,132295.0845632779,130572.91950169191,131434.00203248492,4056365
2017-06-05,131434.00203248492,131434.00203248492,129799.06405907926,130220.97840983036,2896998
2017-06-06,130220.97840983036,131281.3019091004,130220.97840983036,131044.19917987705,4112810
2017-06-07,131044.19917987705,131742.6799697898,131044.19917987705,131427.95575100774,4775851
2017-06-08,131427.95575100774,132068.75302482268,131427.95575100774,131804.54956754428,3163105
2017-06-09,131804.54956754428,132131.65488388843,130685.76950679412,131408.71219534127,3685044
2017-06-12,131408.71219534127,132763.6113165181,131408.71219534127,132208.05588314775,3626613
2017-06-13,132208.05588314775,132564.7408300665,131414.8511057905,131989.79596792848,4582349
2017-06-14,131989.79596792848,133318.01376206602,131989.79596792848,132834.55873038908,2873567
2017-06-15,132834.55873038908,132834.55873038908,131800.929167365,132067.51279771712,4383818
2017-06-16,132067.51279771712,132137.99013312647,130593.1905606792,131365.59034690284,2241284
2017-06-19,131365.59034690284,131722.05489790882,131309.6287641059,131515.84183100736,4476294
2017-06-20,131515.84183100736,131679.86322203052,130215.27126624587,130947.56724413819,3014180
2017-06-21,130947.56724413819,132157.8377044257,130793.27632001098,131475.55701221834,1371147
2017-06-22,131475.55701221834,132185.9433934704,131148.98866315023,131667.46602831033,3523968
2017-06-23,131667.46602831033,131667.46602831033,130607.4763122854,130921.21408905338,2326623
2017-06-26,130921.21408905338,131274.4929613974,130678.06062873562,130976.2767950665,4819573
2017-06-27,130976.2767950665,130976.2767950665,128406.89629547545,128636.76996183053,3083805
2017-06-28,128636.76996183053,128636.76996183053,126574.72641852518,127242.13233229732,4266329
2017-06-29,127242.13233229732,127242.13233229732,122705.7184709841,123892.41578172387,2754998
2017-06-30,123892.41578172387,123892.41578172387,120532.95544883533,120870.46530864466,1266331
2017-07-03,120870.46530864466,120870.46530864466,119020.3443861456,119917.08368599018,3284122
2017-07-04,119917.08368599018,120963.75568838771,119442.64015208698,120203.19792023735,3560204
2017-07-05,120203.19792023735,121330.82007201838,119073.19253385605,120202.00630293721,3509787
2017-07-06,120202.00630293721,120202.00630293721,117223.8716216779,117873.96150533966,1363625
2017-07-07,117873.96150533966,117873.96150533966,114825.6235138711,115774.45498839508,1079519
2017-07-10,115774.45498839508,116162.75580048747,114305.88279422704,115234.31929735726,3488501
2017-07-11,115234.31929735726,115234.31929735726,112035.53675374566,112786.24130946513,2919366
2017-07-12,112786.24130946513,112786.24130946513,109215.3226449851,109429.32898944119,4397198
2017-07-13,109429.32898944119,109429.32898944119,106977.47632246683,107368.6385916793,1889961
2017-07-14,107368.6385916793,107368.6385916793,104786.5110381258,105706.05324011605,3796732
2017-07-17,105706.05324011605,105706.05324011605,102422.81885173813,102715.47083886254,1973709
2017-07-18,102715.47083886254,102715.47083886254,98559.40777915517,98970.22735399846,1477818
2017-07-19,98970.22735399846,98970.22735399846,95355.09373369947,95568.88833990229,3289026
2017-07-20,95568.88833990229,95568.88833990229,93797.06302969645,94293.4539426759,2694936
2017-07-21,94293.4539426759,94293.4539426759,91422.20359888091,91692.4854527018,2743371
2017-07-24,91692.4854527018,91692.4854527018,89591.9759227649,89729.03108153757,1780507
2017-07-25,89729.03108153757,89729.03108153757,87857.3477081778,88125.17730784282,1723203
2017-07-26,88125.17730784282,88125.17730784282,86658.49457950635,86908.29275917352,3642715
2017-07-27,86908.29275917352,86908.29275917352,84107.03853659864,84879.06859922547,2550790
2017-07-28,84879.06859922547,84879.06859922547,83358.24508275541,83604.792468767,3842276
2017-07-31,83604.792468767,83604.792468767,81003.63508626884,81188.56355931713,2621279
2017-08-01,81188.56355931713,81188.56355931713,78956.12548804497,79271.12186649024,3947549
2017-08-02,79271.12186649024,79271.12186649024,76526.01716142287,76873.63370014579,2533474
2017-08-03,76873.63370014579,76873.63370014579,75645.59774005829,76206.19161038726,2425468
2017-08-04,76206.19161038726,76206.19161038726,74217.27129100038,74661.4286815045,2010073
2017-08-07,74661.4286815045,74661.4286815045,72242.06259490589,72616.2225752603,3391798
2017-08-08,72616.2225752603,72616.2225752603,70774.0167316643,70908.01903457966,2592428
2017-08-09,70908.01903457966,70908.01903457966,69110.40752448338,69332.63538057172,1832503
2017-08-10,69332.63538057172,69332.63538057172,67793.56285181959,68431.6715056484,1191663
2017-08-11,68431.6715056484,68431.6715056484,65247.74903277793,65971.11756765442,4719454
2017-08-14,65971.11756765442,65971.11756765442,63779.02613376704,63967.43893110404,2487329
2017-08-15,63967.43893110404,63967.43893110404,62174.530982112345,62446.224627247844,4753180
2017-08-16,62446.224627247844,63154.16967351551,62403.08937304842,62778.62952328197,2685360
2017-08-17,62778.62952328197,62778.62952328197,61869.66220706246,62123.01904419119,1121429
2017-08-18,62123.01904419119,62123.01904419119,60614.87419849232,60811.321515455784,4984449
2017-08-21,60811.321515455784,60811.321515455784,59546.76321810247,60028.07144039522,3254961
2017-08-22,60028.07144039522,60373.79660844062,59751.301922226485,60062.54926533355,4827176
2017-08-23,60062.54926533355,60062.54926533355,58261.89091447556,58720.905718852686,3872054
2017-08-24,58720.905718852686,58720.905718852686,57022.31749711021,57331.32637014681,1802169
2017-08-25,57331.32637014681,57331.32637014681,56447.524706374206,56879.523150930334,1923780
2017-08-28,56879.523150930334,56879.523150930334,55863.904906118696,56023.01735477848,2906581
2017-08-29,56023.01735477848,56023.01735477848,54706.23946168484,55278.65809779765,1132335
2017-08-30,55278.65809779765,55278.65809779765,53498.331823574605,53892.14641336696,2273174
2017-08-31,53892.14641336696,53974.839277703395,53727.75643124132,53851.29785447236,1008419
2017-09-01,53851.29785447236,54016.84155680811,53372.97590727544,53694.908732041775,3312722
2017-09-04,53694.908732041775,53694.908732041775,52836.30326939676,52924.89570610717,3827421
2017-09-05,52924.89570610717,52924.89570610717,52071.736730018594,52228.55747515194,1933232
2017-09-06,52228.55747515194,52228.55747515194,49959.38063588865,50125.17721581818,1049000
2017-09-07,50125.17721581818,50125.17721581818,49076.76114475795,49442.32683561492,1803869
2017-09-08,49442.32683561492,49442.32683561492,48007.50627458931,48357.50849679069,2545516
2017-09-11,48357.50849679069,48357.50849679069,47121.73589537559,47600.18431541882,2361985
2017-09-12,47600.18431541882,47600.18431541882,46726.65807529449,46973.032567027105,4193783
2017-09-13,46973.032567027105,46973.032567027105,45478.36536318276,45873.25682230448,3790595
2017-09-14,45873.25682230448,45873.25682230448,44049.13360069126,44180.31262812425,1210307
2017-09-15,44180.31262812425,44180.31262812425,43157.54512596318,43459.23450849092,2721053
2017-09-18,43459.23450849092,43459.23450849092,42203.693354498675,42267.85015819941,3826930
2017-09-19,42267.85015819941,42267.85015819941,41203.10802547006,41282.92721069148,4923820
2017-09-20,41282.92721069148,41282.92721069148,40131.74166007095,40207.709307558776,2724624
2017-09-21,40207.709307558776,40207.709307558776,39131.99413497856,39266.215937785135,2840213
2017-09-22,39266.215937785135,39266.215937785135,37471.06571824644,37574.03013282098,2558284
2017-09-25,37574.03013282098,37574.03013282098,37155.9012920224,37279.80561045103,4701453
2017-09-26,37279.80561045103,37279.80561045103,36524.791240724044,36628.65643271097,2935925
2017-09-27,36628.65643271097,36628.65643271097,36130.699013740654,36303.17392166699,2413621
2017-09-28,36303.17392166699,36392.351200762125,36199.36053140479,36295.85586608346,2407822
2017-09-29,36295.85586608346,36295.85586608346,35504.268382892034,35578.13911596282,3192560
2017-10-02,35578.13911596282,35578.13911596282,33995.207587556,34225.30305506405,4447088
2017-10-03,34225.30305506405,34225.30305506405,33135.36814887352,33234.86151045098,2882950
2017-10-04,33234.86151045098,33234.86151045098,32106.681854845996,32169.051247452513,3679926
2017-10-05,32169.051247452513,32169.051247452513,31249.90710449392,31364.22191135218,2382353
2017-10-06,31364.22191135218,31364.22191135218,30665.803653576804,30761.918441713653,2550720
2017-10-09,30761.918441713653,30761.918441713653,29357.97430663336,29530.768858747317,2332203
2017-10-10,29530.768858747317,29530.768858747317,28938.888007619564,29041.28912790892,1481167
2017-10-11,29041.28912790892,29041.28912790892,27778.728860942803,28021.836302807384,1569374
2017-10-12,28021.836302807384,28021.836302807384,27355.261257057635,27544.726783914466,3017107
2017-10-13,27544.726783914466,27544.726783914466,26918.805507236626,26963.6732114446,3422414
2017-10-16,26963.6732114446,26963.6732114446,26256.651035542553,26339.833244790814,4996069
2017-10-17,26339.833244790814,26339.833244790814,25664.048608674384,25793.797160763155,2008656
2017-10-18,25793.797160763155,25793.797160763155,25049.034420660944,25138.691971051667,4566408
2017-10-19,25138.691971051667,25138.691971051667,24435.966964736137,24481.950822062605,2895162
2017-10-20,24481.950822062605,24481.950822062605,23405.66162486194,23580.340213553714,1271708
2017-10-23,23580.340213553714,23580.340213553714,22897.770417827556,23101.74718764503,4522674
2017-10-24,23101.74718764503,23132.793684517495,22999.331867448687,23066.06277598309,2424508
2017-10-25,23066.06277598309,23167.263412775883,22955.86409711139,23061.563754943636,4828162
2017-10-26,23061.563754943636,23061.563754943636,22797.19525431743,22905.16428759604,2878459
2017-10-27,22905.16428759604,22905.16428759604,22458.407674083188,22608.72601806365,4506219
2017-10-30,22608.72601806365,22608.72601806365,21879.30131902778,22003.607959882476,2622013
2017-10-31,22003.607959882476,22003.607959882476,21801.419968428963,21880.993027962046,3982843
2017-11-01,21880.993027962046,21880.993027962046,21365.648073959073,21431.09190112881,1447763
2017-11-02,21431.09190112881,21431.09190112881,20921.246135637964,20987.70928931154,1771771
2017-11-03,20987.70928931154,20987.70928931154,20410.247128006624,20506.833199723285,1745136
2017-11-06,20506.833199723285,20506.833199723285,20037.802350250317,20115.5550089678,3063429
2017-11-07,20115.5550089678,20115.5550089678,19433.51904039074,19625.698015852275,3139608
2017-11-08,19625.698015852275,19625.698015852275,19117.44904481909,19216.741219982934,1777247
2017-11-09,19216.741219982934,19216.741219982934,18461.763776944557,18623.981791584916,3884014
2017-11-10,18623.981791584916,18623.981791584916,18122.830274852262,18181.911095420583,4171484
2017-11-13,18181.911095420583,18264.75024506195,18181.911095420583,18232.92162335931,3865342
2017-11-14,18232.92162335931,18232.92162335931,17763.507107024987,17855.574166319282,3178020
2017-11-15,17855.574166319282,17855.574166319282,17404.769707499512,17455.848468844317,3688037
2017-11-16,17455.848468844317,17455.848468844317,17130.191981281194,17199.661946915112,4479467
2017-11-17,17199.661946915112,17199.661946915112,16928.486609073298,16977.463267482144,3695005
2017-11-20,16977.463267482144,16977.463267482144,16398.46293032865,16448.824303181907,3488632
2017-11-21,16448.824303181907,16448.824303181907,16022.455062457135,16085.772632906353,1034302
2017-11-22,16085.772632906353,16085.772632906353,15867.828723696148,15911.768944163901,2437468
2017-11-23,15911.768944163901,15927.205657971272,15754.404874150981,15840.805266061127,1872428
2017-11-24,15840.805266061127,15840.805266061127,15393.36395145074,15416.62449773898,2282616
2017-11-27,15416.62449773898,15416.62449773898,15095.020223525018,15121.048631720238,2346464
2017-11-28,15121.048631720238,15121.048631720238,14699.736726777459,14739.989335399137,4287610
2017-11-29,14739.989335399137,14739.989335399137,14590.3688099421,14664.860822721568,2024965
2017-11-30,14664.860822721568,14664.860822721568,13967.682484735007,14085.325995259416,2190497
2017-12-01,14085.325995259416,14085.325995259416,13668.498610149642,13709.227832915181,2552845
2017-12-04,13709.227832915181,13709.227832915181,13323.711358438251,13362.49994219037,1953599
2017-12-05,13362.49994219037,13362.49994219037,13045.58645274177,13183.915425109277,2597535
2017-12-06,13183.915425109277,13183.915425109277,12973.963814906692,13000.16796262055,4954635
2017-12-07,13000.16796262055,13000.16796262055,12879.615274633192,12921.542200604015,2359018
2017-12-08,12921.542200604015,12921.542200604015,12333.32168974359,12459.72203861795,1937677
2017-12-11,12459.72203861795,12459.72203861795,12271.380101428731,12304.034697940082,1041595
2017-12-12,12304.034697940082,12304.034697940082,11975.415611891229,12021.868747717175,4884937
2017-12-13,12021.868747717175,12021.868747717175,11649.49832626339,11701.410780387972,4460367
2017-12-14,11701.410780387972,11701.410780387972,11496.038260563882,11530.519695311847,2028638
2017-12-15,11530.519695311847,11530.519695311847,11133.747152905346,11193.812425593915,4827374
2017-12-18,11193.812425593915,11193.812425593915,10688.593189982263,10737.45039856233,2610500
2017-12-19,10737.45039856233,10737.45039856233,10403.595785830266,10482.949363976708,3462750
2017-12-20,10482.949363976708,10482.949363976708,10088.429241526761,10116.27981673115,4447991
2017-12-21,10116.27981673115,10116.27981673115,9756.676578861743,9848.30808016198,2091127
2017-12-22,9848.30808016198,9848.30808016198,9671.402753761427,9687.933776379467,4418499
2017-12-25,9687.933776379467,9687.933776379467,9492.287744259334,9524.401429589449,2801304
2017-12-26,9524.401429589449,9524.401429589449,9465.264400219534,9485.056074802322,1177189
2017-12-27,9485.056074802322,9485.056074802322,9218.925103153068,9276.41758860268,4648702
2017-12-28,9276.41758860268,9276.41758860268,8934.05856319263,8948.650995473445,1429742
2017-12-29,8948.650995473445,8948.650995473445,8674.815916230365,8702.017506675904,3398686
2018-01-01,8702.017506675904,8702.017506675904,8400.743229597227,8447.97218036179,3153492
2018-01-02,8447.97218036179,8447.97218036179,8152.694688552684,8176.131206162554,3787281
2018-01-03,8176.131206162554,8176.131206162554,7996.055304609489,8048.204775132355,3880472
2018-01-04,8048.204775132355,8048.204775132355,7790.032696427145,7835.311059794892,3800092
2018-01-05,7835.311059794892,7835.311059794892,7464.753797914952,7523.6715275997385,3698349
2018-01-08,7523.6715275997385,7523.6715275997385,7385.525560743736,7425.632279555374,4923360
2018-01-09,7425.632279555374,7425.632279555374,7211.023895688065,7268.8455067103805,4706705
2018-01-10,7268.8455067103805,7268.8455067103805,7108.049941051859,7149.406547049969,3620177
2018-01-11,7149.406547049969,7149.406547049969,6986.332570008639,7013.9768791473925,1438853
2018-01-12,7013.9768791473925,7013.9768791473925,6888.167146688581,6918.001458573652,1432697
2018-01-15,6918.001458573652,6918.001458573652,6748.269318311851,6782.271566875244,4095630
2018-01-16,6782.271566875244,6782.271566875244,6688.964206857887,6730.468745083687,3021975
2018-01-17,6730.468745083687,6730.468745083687,6612.488120369088,6624.462704033415,4035591
2018-01-18,6624.462704033415,6624.462704033415,6505.536080736805,6517.945823438702,4688810
2018-01-19,6517.945823438702,6517.945823438702,6382.762601093239,6414.301810612675,4289423
2018-01-22,6414.301810612675,6414.301810612675,6179.772015680448,6192.582633304768,1518008
2018-01-23,6192.582633304768,6192.582633304768,6033.827417620275,6058.535775664264,2722783
2018-01-24,6058.535775664264,6058.535775664264,5907.370873999808,5921.654277859426,1204374
2018-01-25,5921.654277859426,5921.654277859426,5782.6100303639305,5815.511391594394,2099835
2018-01-26,5815.511391594394,5815.511391594394,5564.261652158246,5620.186149860927,1201527
2018-01-29,5620.186149860927,5620.186149860927,5585.424765016273,5599.622719227475,4462463
2018-01-30,5599.622719227475,5599.622719227475,5481.623903946195,5493.475636197332,1279748
2018-01-31,5493.475636197332,5493.475636197332,5303.55556798553,5317.062689500756,1517914
2018-02-01,5317.062689500756,5317.062689500756,5103.4066873568545,5119.858844564548,1654633
2018-02-02,5119.858844564548,5119.858844564548,4981.718197407681,5003.060155287063,1335251
2018-02-05,5003.060155287063,5003.060155287063,4877.142421869368,4898.512437328109,4083834
2018-02-06,4898.512437328109,4898.512437328109,4757.210190505776,4765.356561413747,2792091
2018-02-07,4765.356561413747,4765.356561413747,4665.123375810673,4674.438982528414,3397954
2018-02-08,4674.438982528414,4674.438982528414,4526.466830901043,4550.978832867475,4668693
2018-02-09,4550.978832867475,4550.978832867475,4467.206982421596,4485.0651064750455,3926858
2018-02-12,4485.0651064750455,4485.0651064750455,4353.464816488023,4362.867632067165,2730962
2018-02-13,4362.867632067165,4362.867632067165,4250.331325633665,4273.930565566446,3226205
2018-02-14,4273.930565566446,4273.930565566446,4202.632646942365,4230.28686087318,3599684
2018-02-15,4230.28686087318,4266.453252029576,4230.28686087318,4254.470094514634,2415645
2018-02-16,4254.470094514634,4254.470094514634,4100.497772590729,4126.51081433446,3052317
2018-02-19,4126.51081433446,4126.51081433446,4015.7012352106417,4024.8126346817025,4146141
2018-02-20,4024.8126346817025,4024.8126346817025,3881.8176562937406,3910.5145687124495,4412887
2018-02-21,3910.5145687124495,3910.5145687124495,3855.1488121176694,3862.975550627526,1679097
2018-02-22,3862.975550627526,3862.975550627526,3731.1129252138703,3741.3652441381814,3720149
2018-02-23,3741.3652441381814,3741.3652441381814,3622.6259018562955,3648.4163730940636,2439432
2018-02-26,3648.4163730940636,3648.4163730940636,3560.7679609934835,3574.368067567899,3940427
2018-02-27,3574.368067567899,3574.368067567899,3442.788994566367,3467.899133017237,2661343
2018-02-28,3467.899133017237,3467.899133017237,3355.8847955231595,3365.3420835144952,1467683
2018-03-01,3365.3420835144952,3365.3420835144952,3267.481362681883,3282.0289046314133,3721192
2018-03-02,3282.0289046314133,3282.0289046314133,3133.8530495491327,3147.4512707264034,4200709
2018-03-05,3147.4512707264034,3147.4512707264034,3034.3319783990087,3039.0065228005274,4043977
2018-03-06,3039.0065228005274,3039.0065228005274,2958.796196715728,2965.6742594750926,1378360
2018-03-07,2965.6742594750926,2965.6742594750926,2905.003019303949,2910.7568121122417,3267011
2018-03-08,2910.7568121122417,2910.7568121122417,2835.218802660475,2847.134654424674,1230475
2018-03-09,2847.134654424674,2847.134654424674,2730.557520631333,2739.684683866763,3432142
2018-03-12,2739.684683866763,2739.684683866763,2662.9178686413748,2672.1847081882056,1580908
2018-03-13,2672.1847081882056,2672.1847081882056,2634.4888176345185,2640.0767425584663,2124061
2018-03-14,2640.0767425584663,2640.0767425584663,2590.0342383546154,2601.9504838092835,3021405
2018-03-15,2601.9504838092835,2601.9504838092835,2541.374663383758,2547.862493769085,3372774
2018-03-16,2547.862493769085,2547.862493769085,2461.2670998699664,2474.296279665071,4432413
2018-03-19,2474.296279665071,2474.296279665071,2426.960691658189,2440.4285172548766,4373475
2018-03-20,2440.4285172548766,2440.4285172548766,2353.9349945405766,2377.4915989576784,1456577
2018-03-21,2377.4915989576784,2377.4915989576784,2296.683554424489,2302.142984438758,2757163
2018-03-22,2302.142984438758,2302.142984438758,2212.9093917384544,2237.6326506150726,4880972
2018-03-23,2237.6326506150726,2237.6326506150726,2218.9106599523093,2225.2886447451556,4006602
2018-03-26,2225.2886447451556,2225.2886447451556,2172.4828738517995,2185.6825132383506,3837117
2018-03-27,2185.6825132383506,2185.6825132383506,2163.899708455239,2167.306323097278,3032238
2018-03-28,2167.306323097278,2167.306323097278,2099.500396544659,2113.5715104080773,3219896
2018-03-29,2113.5715104080773,2113.5715104080773,2086.6497547623467,2091.1285373580145,3051366
2018-03-30,2091.1285373580145,2091.1285373580145,2028.6757542092596,2036.7277439013942,4718609
2018-04-02,2036.7277439013942,2036.7277439013942,1989.0009018917804,1992.7868221217807,3432140
2018-04-03,1992.7868221217807,2008.4691456562173,1992.7868221217807,2002.4787460115328,2382099
2018-04-04,2002.4787460115328,2005.6802920712914,1949.9020267355488,1977.7911594034201,1559886
2018-04-05,1977.7911594034201,1977.7911594034201,1924.8819422789547,1928.3232328385718,4728522
2018-04-06,1928.3232328385718,1928.3232328385718,1881.2321255474046,1888.1211829463778,1861148
2018-04-09,1888.1211829463778,1888.1211829463778,1850.0948234405446,1856.5182528009243,1021186
2018-04-10,1856.5182528009243,1856.5182528009243,1836.2936032867403,1841.8602538366827,1701860
2018-04-11,1841.8602538366827,1841.8602538366827,1790.380039345436,1796.013900756114,2919726
2018-04-12,1796.013900756114,1796.013900756114,1720.8873867151212,1728.8192899249761,3140393
2018-04-13,1728.8192899249761,1728.8192899249761,1685.9204902532924,1689.408402518453,2023366
2018-04-16,1689.408402518453,1689.408402518453,1643.9139849536982,1655.8801576741744,3676638
2018-04-17,1655.8801576741744,1655.8801576741744,1618.6829160734362,1624.576372010097,1095636
2018-04-18,1624.576372010097,1624.576372010097,1609.0612491047134,1613.4754814149062,3830082
2018-04-19,1613.4754814149062,1613.4754814149062,1582.1207860305676,1586.3156401478834,3089636
2018-04-20,1586.3156401478834,1586.3156401478834,1555.8357711824935,1567.484756407404,1833697
2018-04-23,1567.484756407404,1567.484756407404,1513.1125088819613,1518.87527197627,3953221
2018-04-24,1518.87527197627,1518.87527197627,1495.0616735166038,1501.680107629539,2334911
2018-04-25,1501.680107629539,1505.5989480931926,1500.6510953090396,1503.125021701116,4342779
2018-04-26,1503.125021701116,1503.125021701116,1473.8218431479893,1484.6803142038966,1583279
2018-04-27,1484.6803142038966,1484.6803142038966,1456.2674932691198,1458.7511997793165,1024178
2018-04-30,1458.7511997793165,1458.7511997793165,1428.9626383422856,1431.8224803296466,3615638
2018-05-01,1431.8224803296466,1437.3174812220489,1420.2319888917405,1428.7747350568945,1121325
2018-05-02,1428.7747350568945,1428.7747350568945,1381.406004364321,1386.9519055729422,2682132
2018-05-03,1386.9519055729422,1386.9519055729422,1350.9783176830672,1357.6719311907032,3596944
2018-05-04,1357.6719311907032,1357.6719311907032,1329.9083770153136,1336.7666018814195,2091437
2018-05-07,1336.7666018814195,1336.7666018814195,1304.6478638805315,1319.9768281706656,2113660
2018-05-08,1319.9768281706656,1319.9768281706656,1284.1044161026534,1287.8046645887775,1899726
2018-05-09,1287.8046645887775,1287.8046645887775,1255.6983120247066,1266.0062705535786,1026333
2018-05-10,1266.0062705535786,1266.0062705535786,1233.1756897669704,1237.1676417613864,4796318
2018-05-11,1237.1676417613864,1237.1676417613864,1207.9823620633674,1213.9147187988394,3690747
2018-05-14,1213.9147187988394,1213.9147187988394,1183.2541484497133,1188.0329457719758,2927111
2018-05-15,1188.0329457719758,1188.0329457719758,1148.3467326887069,1150.7097778567625,1786892
2018-05-16,1150.7097778567625,1150.7097778567625,1121.9516729594898,1127.4526262123063,4964475
2018-05-17,1127.4526262123063,1127.4526262123063,1104.4723651379395,1114.7930415594076,1715676
2018-05-18,1114.7930415594076,1114.7930415594076,1076.143072999935,1081.7169281035062,2284929
2018-05-21,1081.7169281035062,1081.7169281035062,1051.1205419842752,1057.474659282678,2629313
2018-05-22,1057.474659282678,1057.474659282678,1036.2469550337796,1043.3550468186218,1862460
2018-05-23,1043.3550468186218,1043.3550468186218,1005.3542697586586,1011.3254542968513,3417802
2018-05-24,1011.3254542968513,1011.3254542968513,987.1680303791867,992.9460132074388,3863602
2018-05-25,992.9460132074388,992.9460132074388,960.3683707145307,962.5605761711686,1089827
2018-05-28,962.5605761711686,962.5605761711686,951.815055494162,954.2308705339846,4648512
2018-05-29,954.2308705339846,959.9297433790259,954.2308705339846,957.2159087295132,2512924
2018-05-30,957.2159087295132,963.6720544671008,951.1858252345921,957.4289398508465,1655290
2018-05-31,957.4289398508465,957.4289398508465,931.8834132917657,936.1818618142684,1161141
2018-06-01,936.1818618142684,936.1818618142684,922.9334990179777,924.38783456256,4447829
2018-06-04,924.38783456256,924.38783456256,903.9193194657654,907.0185661536613,2541843
2018-06-05,907.0185661536613,907.0185661536613,886.0827468083997,889.8043142650739,3349679
2018-06-06,889.8043142650739,889.8043142650739,882.6331312517834,885.7802370823395,1354072
2018-06-07,885.7802370823395,885.7802370823395,852.6804459701583,856.3796003632269,4617007
2018-06-08,856.3796003632269,856.3796003632269,843.7785384769736,848.2893360123974,4449223
2018-06-11,848.2893360123974,848.2893360123974,825.9072003833171,830.9080911480374,4784884
2018-06-12,830.9080911480374,830.9080911480374,821.7417701326859,825.9936073087833,3969059
2018-06-13,825.9936073087833,825.9936073087833,808.1282904055519,811.020270820466,2707305
2018-06-14,811.020270820466,811.020270820466,786.159145492273,789.3443591723169,2075131
2018-06-15,789.3443591723169,789.3443591723169,766.1850070436127,775.7450639197465,4764386
2018-06-18,775.7450639197465,775.7450639197465,762.2325991658809,765.9393910531179,2973351
2018-06-19,765.9393910531179,765.9393910531179,748.9450893725788,750.8945312997611,1721653
2018-06-20,750.8945312997611,750.8945312997611,738.1511184909302,739.541293403079,3045400
2018-06-21,739.541293403079,739.541293403079,718.993039016805,720.8924641932681,2775426
2018-06-22,720.8924641932681,720.8924641932681,686.2093568082355,691.0916066735773,1432950
2018-06-25,691.0916066735773,691.0916066735773,680.9919257754499,683.489761985646,2773025
2018-06-26,683.489761985646,683.489761985646,671.8097671724476,674.5986519626786,1115396
2018-06-27,674.5986519626786,674.5986519626786,657.359331598118,662.1062883085334,1980536
2018-06-28,662.1062883085334,662.1062883085334,646.7252411737584,649.3171131766245,4509412
2018-06-29,649.3171131766245,649.3171131766245,639.7697970358113,643.0596166866377,2935764
2018-07-02,643.0596166866377,643.0596166866377,622.675543580376,627.2589555962065,2046853
2018-07-03,627.2589555962065,627.2589555962065,607.2120907777033,610.2819782849831,4010641
2018-07-04,610.2819782849831,610.2819782849831,591.0790383671167,596.9256528456696,3627660
2018-07-05,596.9256528456696,596.9256528456696,591.0770849552894,592.0851659444869,1433444
2018-07-06,592.0851659444869,592.0851659444869,569.151179119925,572.0305728845453,1092811
2018-07-09,572.0305728845453,580.3128955260895,572.0305728845453,577.1745949947756,2923952
2018-07-10,577.1745949947756,600.9217116375922,577.1745949947756,595.9908436941092,2836634
2018-07-11,595.9908436941092,611.7296837001137,595.9908436941092,607.3332044745596,3102064
2018-07-12,607.3332044745596,616.3142277555203,606.8519993107843,611.5831135331523,3570757
2018-07-13,611.5831135331523,623.2529655366618,611.5831135331523,621.6208249919654,1786067
2018-07-16,621.6208249919654,644.6046761068003,621.6208249919654,639.8408572937924,3554856
2018-07-17,639.8408572937924,662.2602792250194,639.8408572937924,660.2650521733175,3568311
2018-07-18,660.2650521733175,675.8873261369978,660.2650521733175,670.6503698817662,2297970
2018-07-19,670.6503698817662,689.1975322022885,670.6503698817662,686.7883689531939,2011017
2018-07-20,686.7883689531939,709.1010670835619,686.7883689531939,705.4283865320248,4209440
2018-07-23,705.4283865320248,722.0564267346607,705.4283865320248,714.9895759888841,3283436
2018-07-24,714.9895759888841,737.9710873991667,714.9895759888841,731.827838437102,3810366
2018-07-25,731.827838437102,749.4256954045932,731.827838437102,746.2311037513496,3286834
2018-07-26,746.2311037513496,759.0114043562357,746.2311037513496,757.1557449517265,2877568
2018-07-27,757.1557449517265,771.3260264560143,757.1557449517265,768.5725334843783,3995216
2018-07-30,768.5725334843783,786.5611447301329,768.5725334843783,784.4591927696607,1309272
2018-07-31,784.4591927696607,804.243393563712,784.4591927696607,800.3825650478632,4739415
2018-08-01,800.3825650478632,813.9735253409011,800.3825650478632,811.8641333553151,3860551
2018-08-02,811.8641333553151,834.2735956155303,811.8641333553151,824.6433204595389,4704374
2018-08-03,824.6433204595389,852.2011023173854,824.6433204595389,850.317248038892,1615790
2018-08-06,850.317248038892,870.5461095317764,850.317248038892,869.1418020110673,3008386
2018-08-07,869.1418020110673,904.736486944334,869.1418020110673,894.2173631785524,3073167
2018-08-08,894.2173631785524,927.0336987205566,894.2173631785524,922.8486135146478,2051142
2018-08-09,922.8486135146478,949.9783922396085,922.8486135146478,946.7397084138128,3654660
2018-08-10,946.7397084138128,990.8846100422743,946.7397084138128,987.1738850438151,1968917
2018-08-13,987.1738850438151,1005.1653667032607,987.1738850438151,998.7701768709044,3501664
2018-08-14,998.7701768709044,1030.8353877088794,998.7701768709044,1026.8197343309917,4146046
2018-08-15,1026.8197343309917,1053.4552410693307,1026.8197343309917,1044.0893639189435,4474649
2018-08-16,1044.0893639189435,1092.2033235408094,1044.0893639189435,1084.3471868675697,4040932
2018-08-17,1084.3471868675697,1128.828293076458,1084.3471868675697,1124.4728052256075,2857858
2018-08-20,1124.4728052256075,1131.9652409159023,1118.0101351476499,1124.987688031776,4176210
2018-08-21,1124.987688031776,1138.567695363177,1124.987688031776,1136.5878158506569,3245705
2018-08-22,1136.5878158506569,1173.0534012201779,1136.5878158506569,1166.8700717708814,4333923
2018-08-23,1166.8700717708814,1203.598714433067,1166.8700717708814,1199.4241972851728,3737122
2018-08-24,1199.4241972851728,1235.9798207335323,1199.4241972851728,1232.2472106680345,3260001
2018-08-27,1232.2472106680345,1262.212811281946,1232.2472106680345,1256.0189188516483,3539650
2018-08-28,1256.0189188516483,1292.0661544183129,1256.0189188516483,1286.8557008888322,4589972
2018-08-29,1286.8557008888322,1323.4805364560393,1286.8557008888322,1320.9962584810512,4990206
2018-08-30,1320.9962584810512,1353.3631704568115,1320.9962584810512,1346.3875070936524,3628639
2018-08-31,1346.3875070936524,1393.826482626145,1346.3875070936524,1387.1467225976737,1054008
2018-09-03,1387.1467225976737,1391.82847480958,1375.265755213273,1383.5471150114265,3525521
2018-09-04,1383.5471150114265,1428.614899552324,1383.5471150114265,1419.9868892667948,3209027
2018-09-05,1419.9868892667948,1441.1889374827178,1419.9868892667948,1433.7032155295526,4348135
2018-09-06,1433.7032155295526,1484.6961450195404,1433.7032155295526,1476.121874399569,4215837
2018-09-07,1476.121874399569,1505.9825888435046,1476.121874399569,1502.2686510683964,3608323
2018-09-10,1502.2686510683964,1526.5936044200278,1502.2686510683964,1518.9620515415825,1850667
2018-09-11,1518.9620515415825,1568.2034449385624,1518.9620515415825,1555.0207244432547,4071446
2018-09-12,1555.0207244432547,1578.6378165722163,1555.0207244432547,1571.9497141718243,1571548
2018-09-13,1571.9497141718243,1596.3566010816837,1571.9497141718243,1589.0404560985867,4719406
2018-09-14,1589.0404560985867,1604.169350557986,1587.6632971186423,1595.9163238383142,2131586
2018-09-17,1595.9163238383142,1634.374933637697,1595.9163238383142,1627.4084168965267,2581694
2018-09-18,1627.4084168965267,1674.8405151572024,1627.4084168965267,1668.0419330435755,3312177
2018-09-19,1668.0419330435755,1731.59128312377,1668.0419330435755,1718.4672741390486,4004324
2018-09-20,1718.4672741390486,1762.7736221520686,1718.4672741390486,1750.4010726986485,1249262
2018-09-21,1750.4010726986485,1823.17113735206,1750.4010726986485,1803.7507629616175,2194010
2018-09-24,1803.7507629616175,1845.198316380543,1803.7507629616175,1840.1497494468792,2676091
2018-09-25,1840.1497494468792,1879.5700205228127,1840.1497494468792,1875.2360966868087,2945875
2018-09-26,1875.2360966868087,1934.1234256664188,1875.2360966868087,1923.496478055995,2936692
2018-09-27,1923.496478055995,1985.4480146404749,1923.496478055995,1982.324555389893,4494205
2018-09-28,1982.324555389893,2018.7290571831497,1982.324555389893,2015.2027074663965,3344369
2018-10-01,2015.2027074663965,2062.261245224061,2015.2027074663965,2050.594470810304,4894293
2018-10-02,2050.594470810304,2099.7207161218253,2050.594470810304,2088.3083603344085,4077124
2018-10-03,2088.3083603344085,2144.1418589124573,2088.3083603344085,2131.803002139843,4790283
2018-10-04,2131.803002139843,2162.893181367808,2131.803002139843,2155.244132938764,3533770
2018-10-05,2155.244132938764,2236.4409478039247,2155.244132938764,2220.5050558933726,4030532
2018-10-08,2220.5050558933726,2269.3015239786255,2220.5050558933726,2256.024040893318,3264065
2018-10-09,2256.024040893318,2324.5573987845364,2256.024040893318,2311.577357271631,4393497
2018-10-10,2311.577357271631,2350.126258308145,2311.577357271631,2338.727467347048,2075358
2018-10-11,2338.727467347048,2412.7031026459995,2338.727467347048,2393.8934632922574,4538050
2018-10-12,2393.8934632922574,2459.1345833605264,2393.8934632922574,2451.145652164859,2699981
2018-10-15,2451.145652164859,2505.3274832174143,2451.145652164859,2489.857051195977,3439672
2018-10-16,2489.857051195977,2602.199696089224,2489.857051195977,2589.97145026425,1840208
2018-10-17,2589.97145026425,2656.0703751977326,2589.97145026425,2651.380708334772,1974069
2018-10-18,2651.380708334772,2760.914408013978,2651.380708334772,2751.521473166111,2363757
2018-10-19,2751.521473166111,2863.362166175097,2751.521473166111,2832.942816077984,1070878
2018-10-22,2832.942816077984,2878.6836186037453,2832.942816077984,2870.839805830354,4356977
2018-10-23,2870.839805830354,2926.704641965524,2870.839805830354,2917.284630710419,4044594
2018-10-24,2917.284630710419,3006.076847422381,2917.284630710419,2988.35266190985,3097417
2018-10-25,2988.35266190985,3061.5215407370006,2988.35266190985,3049.947766131608,4041194
2018-10-26,3049.947766131608,3127.030204982011,3049.947766131608,3112.45526044242,3758750
2018-10-29,3112.45526044242,3183.251259709238,3112.45526044242,3165.7963644931906,3924129
2018-10-30,3165.7963644931906,3176.7043564747264,3165.7963644931906,3171.8596130602873,2334965
2018-10-31,3171.8596130602873,3241.7874467377424,3171.8596130602873,3228.1463983501776,3320356
2018-11-01,3228.1463983501776,3255.473454317176,3186.736782019876,3221.105118168526,1021746
2018-11-02,3221.105118168526,3322.959616272012,3221.105118168526,3297.5039196923804,3631577
2018-11-05,3297.5039196923804,3354.38560016856,3297.5039196923804,3339.5122140865674,1509070
2018-11-06,3339.5122140865674,3400.864209891095,3339.5122140865674,3382.411029416162,3873711
2018-11-07,3382.411029416162,3475.0611400892813,3382.411029416162,3442.6414942331685,3858015
2018-11-08,3442.6414942331685,3550.5622626328673,3442.6414942331685,3520.8814554547125,3126621
2018-11-09,3520.8814554547125,3554.156598691632,3520.8814554547125,3540.879844610936,2102510
2018-11-12,3540.879844610936,3561.943293184494,3537.6198556547683,3549.7815744196314,3634248
2018-11-13,3549.7815744196314,3593.8057191670027,3549.7815744196314,3582.9341960303473,2061147
2018-11-14,3582.9341960303473,3603.134726247318,3559.7435263460306,3581.4391262966747,1897229
2018-11-15,3581.4391262966747,3629.2548247369714,3581.4391262966747,3618.440778601586,3712398
2018-11-16,3618.440778601586,3769.949885162996,3618.440778601586,3748.3747544899134,3136650
2018-11-19,3748.3747544899134,3830.7230089898103,3736.7518906626715,3783.7374498262407,1645382
2018-11-20,3783.7374498262407,3893.0644596452285,3783.7374498262407,3884.0596603755703,3514534
2018-11-21,3884.0596603755703,3928.8462875631626,3884.0596603755703,3908.4657393075854,4050697
2018-11-22,3908.4657393075854,4009.335618175353,3908.4657393075854,3998.326062776398,3274757
2018-11-23,3998.326062776398,4075.37349756059,3998.326062776398,4065.5085836867174,2431197
2018-11-26,4065.5085836867174,4173.554723711128,4065.5085836867174,4144.387061430413,2028717
2018-11-27,4144.387061430413,4286.535149960283,4144.387061430413,4250.847147688305,1333149
2018-11-28,4250.847147688305,4436.245878606311,4250.847147688305,4410.519173915631,1507002
2018-11-29,4410.519173915631,4529.371806421695,4410.519173915631,4507.3171182861715,4318365
2018-11-30,4507.3171182861715,4631.782156909083,4507.3171182861715,4603.068712956292,3617969
2018-12-03,4603.068712956292,4664.8795237299355,4603.068712956292,4650.325302349973,4088863
2018-12-04,4650.325302349973,4788.05110795258,4650.325302349973,4770.4589999875325,1450290
2018-12-05,4770.4589999875325,4869.46379871051,4770.4589999875325,4854.129400348307,3480852
2018-12-06,4854.129400348307,5021.530463672867,4854.129400348307,4991.59868683806,4176964
2018-12-07,4991.59868683806,5105.730990898415,4991.59868683806,5089.249009966349,1723449
2018-12-10,5089.249009966349,5292.390990797576,5089.249009966349,5279.630471836761,1728298
2018-12-11,5279.630471836761,5296.170654627866,5264.894180057677,5280.532417342771,3551843
2018-12-12,5280.532417342771,5389.405536657111,5280.532417342771,5370.481040327007,4087852
2018-12-13,5370.481040327007,5562.051004808444,5370.481040327007,5525.230465419332,4638138
2018-12-14,5525.230465419332,5629.00075391747,5525.230465419332,5616.358522614531,2422719
2018-12-17,5616.358522614531,5754.9699118251865,5613.418914958567,5684.194413391877,2099382
2018-12-18,5684.194413391877,5806.245790208304,5684.194413391877,5782.765131121973,4605287
2018-12-19,5782.765131121973,5828.6770198522345,5782.765131121973,5818.622395293448,3244200
2018-12-20,5818.622395293448,5973.772730872973,5818.622395293448,5941.916313998905,1902515
2018-12-21,5941.916313998905,6222.53825179384,5941.916313998905,6205.764840497053,1348154
2018-12-24,6205.764840497053,6416.9426355882015,6205.764840497053,6400.938099436566,1630463
2018-12-25,6400.938099436566,6484.778619618522,6400.938099436566,6457.96987500014,4865128
2018-12-26,6457.96987500014,6557.911456465691,6457.96987500014,6530.729168497381,3700405
2018-12-27,6530.729168497381,6656.743249870967,6530.729168497381,6634.912074790479,4075128
2018-12-28,6634.912074790479,6861.000347031244,6634.912074790479,6834.252443226451,4094611
2018-12-31,6834.252443226451,6945.694612847894,6834.252443226451,6914.794996096046,3359280
2019-01-01,6914.794996096046,7031.467073257992,6914.794996096046,7005.362808399101,2397930
2019-01-02,7005.362808399101,7233.626700070636,7005.362808399101,7207.449972330058,2018863
2019-01-03,7207.449972330058,7474.739118181843,7207.449972330058,7413.918373228121,2887981
2019-01-04,7413.918373228121,7564.5497361244425,7413.918373228121,7534.482426904249,3926103
2019-01-07,7534.482426904249,7633.6791160859875,7534.482426904249,7600.954387412051,3647228
2019-01-08,7600.954387412051,7657.533962774313,7600.954387412051,7635.178078022814,2859658
2019-01-09,7635.178078022814,7757.678451184568,7635.178078022814,7734.512498645886,2180781
2019-01-10,7734.512498645886,7765.408645352755,7667.955778420652,7716.682211886703,4329416
2019-01-11,7716.682211886703,7973.898202357651,7716.682211886703,7928.8770735729695,2556016
2019-01-14,7928.8770735729695,8068.043707969078,7928.8770735729695,8037.500255331153,1608718
2019-01-15,8037.500255331153,8254.771636834104,8037.500255331153,8236.934239930373,3264334
2019-01-16,8236.934239930373,8612.55958089973,8236.934239930373,8555.565617108956,1444346
2019-01-17,8555.565617108956,8899.497382074387,8555.565617108956,8827.033346860759,2211591
2019-01-18,8827.033346860759,8931.041298650658,8827.033346860759,8901.962957785061,2093661
2019-01-21,8901.962957785061,9222.19541547095,8901.962957785061,9157.382439727839,1583917
2019-01-22,9157.382439727839,9472.782989542915,9157.382439727839,9446.55948463734,3622302
2019-01-23,9446.55948463734,9657.733288625579,9446.55948463734,9564.985661880672,4634417
2019-01-24,9564.985661880672,9738.816955427244,9564.985661880672,9665.1026611113,1945363
2019-01-25,9665.1026611113,9866.242599587873,9665.1026611113,9847.802879844836,1490541
2019-01-28,9847.802879844836,9907.151736795755,9847.802879844836,9887.05392270957,2256566
2019-01-29,9887.05392270957,10247.822268414078,9887.05392270957,10230.20735866134,4947638
2019-01-30,10230.20735866134,10230.294571228134,10147.18103292664,10188.737802077387,4227088
2019-01-31,10188.737802077387,10317.084359111937,10188.737802077387,10279.742852555026,4378072
2019-02-01,10279.742852555026,10539.846497170834,10279.742852555026,10457.627103925915,2181296
2019-02-04,10457.627103925915,10705.267638476877,10457.627103925915,10643.03172479192,2787640
2019-02-05,10643.03172479192,10912.889835761473,10643.03172479192,10873.573007737874,1493116
2019-02-06,10873.573007737874,11158.016811577827,10873.573007737874,11120.560626185948,4442725
2019-02-07,11120.560626185948,11414.408373673443,11120.560626185948,11319.216985118428,3483220
2019-02-08,11319.216985118428,11734.786851115827,11319.216985118428,11674.287954116491,1257149
2019-02-11,11674.287954116491,11691.274095303863,11624.759462163393,11658.016778733627,3993888
2019-02-12,11658.016778733627,11997.293280692324,11658.016778733627,11891.157935248257,3250251
2019-02-13,11891.157935248257,12069.861788869488,11891.157935248257,12044.00873297548,1217661
2019-02-14,12044.00873297548,12345.803805952019,12044.00873297548,12300.848837336038,2414255
2019-02-15,12300.848837336038,12596.932800529743,12300.848837336038,12574.021148042078,3416635
2019-02-18,12574.021148042078,12793.267139684594,12574.021148042078,12710.848015238511,2203040
2019-02-19,12710.848015238511,12943.66792894611,12710.848015238511,12883.594922738459,1751036
2019-02-20,12883.594922738459,13329.739037547755,12883.594922738459,13243.380484028401,4579236
2019-02-21,13243.380484028401,13586.485003511596,13243.380484028401,13554.474943469771,4766410
2019-02-22,13554.474943469771,14206.110697577302,13554.474943469771,14138.561348104637,1152949
2019-02-25,14138.561348104637,14294.185649433532,14134.937191138284,14214.561420285907,1223518
2019-02-26,14214.561420285907,14606.155609896916,14214.561420285907,14541.751478686845,4448165
2019-02-27,14541.751478686845,15234.521529978721,14541.751478686845,15197.438243704326,2163019
2019-02-28,15197.438243704326,15678.569730034815,15197.438243704326,15620.519518642031,1314845
2019-03-01,15620.519518642031,16024.05885777949,15620.519518642031,15967.460651786465,2924296
2019-03-04,15967.460651786465,16287.623966209941,15967.460651786465,16253.588471822175,3709755
2019-03-05,16253.588471822175,16655.52894007121,16253.588471822175,16490.6967491992,2373357
2019-03-06,16490.6967491992,16824.41606840816,16490.6967491992,16785.4655290267,2142550
2019-03-07,16785.4655290267,17114.41812719568,16785.4655290267,17028.732343929252,2334107
2019-03-08,17028.732343929252,17552.831387575,17028.732343929252,17496.15544139424,3107646
2019-03-11,17496.15544139424,17806.05078446388,17496.15544139424,17776.41696825164,2389216
2019-03-12,17776.41696825164,18204.40337692712,17776.41696825164,18053.52437538002,4701179
2019-03-13,18053.52437538002,18226.683672283543,18053.52437538002,18197.562490259697,4121709
2019-03-14,18197.562490259697,18668.797224293474,18197.562490259697,18552.489591685695,4189631
2019-03-15,18552.489591685695,18943.275722540395,18552.489591685695,18757.65755311763,1989961
2019-03-18,18757.65755311763,19218.972704820015,18757.65755311763,19098.9062065031,1396651
2019-03-19,19098.9062065031,19763.448410295954,19098.9062065031,19679.85970589221,4704832
2019-03-20,19679.85970589221,20179.95657560825,19679.85970589221,20145.47040426503,2220802
2019-03-21,20145.47040426503,20730.591777626138,20145.47040426503,20650.059097234167,3002022
2019-03-22,20650.059097234167,21181.848526294256,20650.059097234167,21136.59326041871,2952099
2019-03-25,21136.59326041871,21657.070593837714,21136.59326041871,21571.832859026545,3509559
2019-03-26,21571.832859026545,22077.782770835154,21571.832859026545,21975.802483104235,3867278
2019-03-27,21975.802483104235,22464.609860755223,21975.802483104235,22347.67564672905,1642461
2019-03-28,22347.67564672905,23089.11861864216,22347.67564672905,22964.274166576797,1022396
2019-03-29,22964.274166576797,23374.266568289793,22964.274166576797,23174.571847480212,3834432
2019-04-01,23174.571847480212,24081.647265426967,23174.571847480212,23948.770003450052,4455716
2019-04-02,23948.770003450052,24635.340883309756,23948.770003450052,24435.90668037307,4255092
2019-04-03,24435.90668037307,24914.601125847817,24435.90668037307,24741.673085223458,4367352
2019-04-04,24741.673085223458,25266.89316101358,24741.673085223458,25115.48362314266,1282197
2019-04-05,25115.48362314266,25506.30919961775,25115.48362314266,25447.763882264866,4824798
2019-04-08,25447.763882264866,26059.214515393636,25447.763882264866,25997.488131506863,2049381
2019-04-09,25997.488131506863,26492.289262609975,25997.488131506863,26330.8167338433,1809858
2019-04-10,26330.8167338433,27335.682357286558,26330.8167338433,27158.165541331957,4071548
2019-04-11,27158.165541331957,27585.76703731077,27158.165541331957,27489.050040608818,1852924
2019-04-12,27489.050040608818,27600.94336434054,27227.329337230727,27414.136350785633,3196800
2019-04-15,27414.136350785633,27846.374033510398,27414.136350785633,27762.022154283284,4331412
2019-04-16,27762.022154283284,27801.6653676233,27717.647640904757,27759.65650426403,4405848
2019-04-17,27759.65650426403,28396.290137827942,27759.65650426403,28303.782178378144,3058880
2019-04-18,28303.782178378144,29379.734107142714,28303.782178378144,29169.639589068836,2976026
2019-04-19,29169.639589068836,30081.044257543428,29169.639589068836,29941.981579990585,1980943
2019-04-22,29941.981579990585,30198.56868086878,29941.981579990585,30140.320408403204,2129446
2019-04-23,30140.320408403204,30633.567667434476,30140.320408403204,30513.3806323767,1067948
2019-04-24,30513.3806323767,31760.992510671826,30513.3806323767,31666.369465786796,2787866
2019-04-25,31666.369465786796,32465.659486509885,31666.369465786796,32400.55785458303,1866374
2019-04-26,32400.55785458303,33227.637225387894,32400.55785458303,33049.90349106444,3469364
2019-04-29,33049.90349106444,34303.3489414983,33049.90349106444,34059.92921816546,3700131
2019-04-30,34059.92921816546,35739.06221484956,34059.92921816546,35576.52969375511,2267379
2019-05-01,35576.52969375511,36990.91474458315,35576.52969375511,36749.33606472966,3931285
2019-05-02,36749.33606472966,37652.57178906957,36749.33606472966,37535.556966525386,4990168
2019-05-03,37535.556966525386,38524.12360201552,37535.556966525386,38419.40228820621,2417046
2019-05-06,38419.40228820621,39534.21020633982,38419.40228820621,39424.86870135159,3387936
2019-05-07,39424.86870135159,40079.905828019684,39424.86870135159,39971.81049759434,4670536
2019-05-08,39971.81049759434,40490.42623269551,39971.81049759434,40348.05736621048,1409707
2019-05-09,40348.05736621048,41510.06094538151,40348.05736621048,41176.180699829034,3038738
2019-05-10,41176.180699829034,41705.57771945108,41176.180699829034,41609.67890637281,1934576
2019-05-13,41609.67890637281,42643.82158982085,41609.67890637281,42416.29816929169,3070258
2019-05-14,42416.29816929169,43454.78183781718,42416.29816929169,43305.39596792995,2197013
2019-05-15,43305.39596792995,45584.881079667444,43305.39596792995,45185.29936928698,2578562
2019-05-16,45185.29936928698,45787.78590443087,45185.29936928698,45704.45586880485,1494007
2019-05-17,45704.45586880485,46862.07143465504,45704.45586880485,46562.8820175152,2613317
2019-05-20,46562.8820175152,47571.80875720484,46562.8820175152,47417.635497236886,3908056
2019-05-21,47417.635497236886,48741.66963564543,47417.635497236886,48573.350521888555,2435943
2019-05-22,48573.350521888555,50266.43761397437,48573.350521888555,50053.24661090433,1698166
2019-05-23,50053.24661090433,50914.16789728141,50053.24661090433,50808.80862646743,4298607
2019-05-24,50808.80862646743,51862.38636726134,50808.80862646743,51407.665617871105,1664891
2019-05-27,51407.665617871105,51908.21538407468,51276.520421992274,51592.367903033475,2760725
2019-05-28,51592.367903033475,52566.08818699992,51592.367903033475,52146.36442956918,1936300
2019-05-29,52146.36442956918,53764.91249055867,52146.36442956918,53469.0261107079,1925446
2019-05-30,53469.0261107079,54695.687520839456,53469.0261107079,54562.81366163326,4558314
2019-05-31,54562.81366163326,55366.8791094989,54562.81366163326,55100.020576368406,2741132
2019-06-03,55100.020576368406,56221.792000132315,55100.020576368406,55996.6260316506,4532434
2019-06-04,55996.6260316506,57284.337865101865,55996.6260316506,57134.18234115887,4702248
2019-06-05,57134.18234115887,59038.86389176024,57134.18234115887,58564.63882718149,3639054
2019-06-06,58564.63882718149,59563.545001036975,58564.63882718149,59388.412344164346,3555822
2019-06-07,59388.412344164346,60765.20494966765,59388.412344164346,60427.4482169308,4004674
2019-06-10,60427.4482169308,61250.027106636095,59824.29984220708,60537.163474421584,1420115
2019-06-11,60537.163474421584,61194.586782551414,60537.163474421584,61050.89043858795,3455344
2019-06-12,61050.89043858795,63402.180694846036,61050.89043858795,63259.53806144236,2676569
2019-06-13,63259.53806144236,63524.84521625731,62756.19706572251,63140.52114098991,3117430
2019-06-14,63140.52114098991,64409.28367093492,63140.52114098991,64190.041271649025,2866549
2019-06-17,64190.041271649025,66051.81192792102,64190.041271649025,65614.54553096481,4466598
2019-06-18,65614.54553096481,67043.02985602601,65614.54553096481,66681.20888556418,1055631
2019-06-19,66681.20888556418,67647.86512116263,66681.20888556418,67475.94385699577,4094763
2019-06-20,67475.94385699577,69042.23459780816,67475.94385699577,68784.24941791334,4845726
2019-06-21,68784.24941791334,70453.86679913635,68784.24941791334,70156.51899211768,4445056
2019-06-24,70156.51899211768,71752.62255052541,70156.51899211768,71502.03865917315,4664693
2019-06-25,71502.03865917315,72065.74191617721,71113.21205498769,71589.47698558246,1712297
2019-06-26,71589.47698558246,73308.52159217504,71589.47698558246,72915.74103898306,1406131
2019-06-27,72915.74103898306,74392.5998275026,72915.74103898306,73750.54410491826,1958980
2019-06-28,73750.54410491826,75055.41134409056,73750.54410491826,74821.59679908381,3208989
2019-07-01,74821.59679908381,76951.77917517406,74821.59679908381,76487.85487732851,1350819
2019-07-02,76487.85487732851,78763.45915803539,76487.85487732851,78507.69165169998,2250065
2019-07-03,78507.69165169998,81197.61519060993,78507.69165169998,80781.88466910292,1575020
2019-07-04,80781.88466910292,82387.99350662158,80781.88466910292,81996.51053931392,1847278
2019-07-05,81996.51053931392,84817.22590171361,81996.51053931392,84394.09078429706,3038968
2019-07-08,84394.09078429706,87440.40216189958,84394.09078429706,87072.52927942599,2096933
2019-07-09,87072.52927942599,90473.85854087962,87072.52927942599,89803.67925466594,3185018
2019-07-10,89803.67925466594,93479.21898086289,89803.67925466594,92847.81558191366,1214165
2019-07-11,92847.81558191366,94889.6816622922,92847.81558191366,94569.50886912123,4015964
2019-07-12,94569.50886912123,96522.79995014079,94569.50886912123,96296.22334963447,3752851
2019-07-15,96296.22334963447,99494.66736449434,96296.22334963447,99016.64055790064,3519132
2019-07-16,99016.64055790064,99873.0686299278,99016.64055790064,99643.88689981202,2466635
2019-07-17,99643.88689981202,102466.36718666038,99643.88689981202,101845.44788080367,4588858
2019-07-18,101845.44788080367,104095.06267770557,101845.44788080367,103342.00665657241,3799085
2019-07-19,103342.00665657241,105570.70450380938,103342.00665657241,105027.73278421395,2312033
2019-07-22,105027.73278421395,106014.80108281373,104583.62751550793,105299.21429916083,4261288
2019-07-23,105299.21429916083,106993.29270717327,105299.21429916083,106467.46242814734,4802438
2019-07-24,106467.46242814734,109514.25448689742,106467.46242814734,108574.99231006549,3290672
2019-07-25,108574.99231006549,112819.28020500882,108574.99231006549,111711.13012171746,2884331
2019-07-26,111711.13012171746,115250.91443457636,111711.13012171746,115051.32261568504,2374450
2019-07-29,115051.32261568504,117550.62101852763,115051.32261568504,117259.93239610539,2278747
2019-07-30,117259.93239610539,119885.11368078644,117259.93239610539,119383.1716443071,1560036
2019-07-31,119383.1716443071,121475.78191593259,119383.1716443071,120779.143917544,1246674
2019-08-01,120779.143917544,124906.6999658713,120779.143917544,123680.68952843928,3605767
2019-08-02,123680.68952843928,126050.29246139457,123680.68952843928,125848.09714085962,3404578
2019-08-05,125848.09714085962,130461.04044539706,125848.09714085962,129127.5532470665,3698852
2019-08-06,129127.5532470665,134377.71082780685,129127.5532470665,133972.01462272744,4478887
2019-08-07,133972.01462272744,136822.36362739556,133972.01462272744,136608.0815327051,4124859
2019-08-08,136608.0815327051,137869.85425160162,136608.0815327051,137294.7359424459,1901073
2019-08-09,137294.7359424459,139517.72444613074,137294.7359424459,138858.72831867897,1550768
2019-08-12,138858.72831867897,139833.3123544796,138858.72831867897,139611.13789100118,2951469
2019-08-13,139611.13789100118,141484.13162317555,139611.13789100118,140732.06218962552,1184624
2019-08-14,140732.06218962552,145714.758689065,140732.06218962552,145383.6378397366,3441032
2019-08-15,145383.6378397366,149064.31341319616,145383.6378397366,148620.8365299373,4516480
2019-08-16,148620.8365299373,149766.68793272652,148620.8365299373,149333.95730361392,3914497
2019-08-19,149333.95730361392,153720.19876911363,149333.95730361392,153296.7312294283,3425635
2019-08-20,153296.7312294283,158567.53115700858,153296.7312294283,158294.7793372168,4327166
2019-08-21,158294.7793372168,162068.77626099778,158294.7793372168,160891.01228737726,1376730
2019-08-22,160891.01228737726,163738.1225834174,160891.01228737726,163021.22402906753,2632988
2019-08-23,163021.22402906753,166141.79187153478,163021.22402906753,165731.65123315467,3836062
2019-08-26,165731.65123315467,171431.35898248645,165731.65123315467,169517.96732677906,4912910
2019-08-27,169517.96732677906,174752.30397697468,169517.96732677906,173993.19106352737,1225133
2019-08-28,173993.19106352737,180341.69822025276,173993.19106352737,179530.03168659445,1268333
2019-08-29,179530.03168659445,186254.9435583805,179530.03168659445,185297.3948275953,3528425
2019-08-30,185297.3948275953,193015.01606217393,185297.3948275953,191199.86517309787,3686286
2019-09-02,191199.86517309787,198826.90771406997,191199.86517309787,197627.85441788685,3219492
2019-09-03,197627.85441788685,203943.47773292445,197627.85441788685,202887.49800460893,1387230
2019-09-04,202887.49800460893,205013.16566047515,202665.2940562941,203839.2298583846,3861077
2019-09-05,203839.2298583846,208342.2114218812,203839.2298583846,207649.05797872177,3028252
2019-09-06,207649.05797872177,212959.86726656213,207649.05797872177,212453.89212556064,1376147
2019-09-09,212453.89212556064,217270.14714429562,212453.89212556064,215889.0033063077,1114942
2019-09-10,215889.0033063077,222523.49271982955,215889.0033063077,222174.09534960226,4634346
2019-09-11,222174.09534960226,226246.67780555348,222174.09534960226,225817.27512256827,4372756
2019-09-12,225817.27512256827,229086.57301121976,225817.27512256827,228243.12390742748,4761515
2019-09-13,228243.12390742748,237998.67413195717,228243.12390742748,236104.49954045945,1668146
2019-09-16,236104.49954045945,243796.19571044671,236104.49954045945,242399.0556738548,4938703
2019-09-17,242399.0556738548,248244.4517889291,242399.0556738548,247778.5058897628,3098738
2019-09-18,247778.5058897628,256837.48706311066,247778.5058897628,255030.26194832186,4063937
2019-09-19,255030.26194832186,264065.7928588381,255030.26194832186,262840.6510411559,3592787
2019-09-20,262840.6510411559,270020.84355148167,262840.6510411559,268993.84480782313,2246550
2019-09-23,268993.84480782313,268993.84480782313,266588.38019455894,267762.7637609373,2351932
2019-09-24,267762.7637609373,272684.33249477117,267762.7637609373,271309.04205137084,4914122
2019-09-25,271309.04205137084,276308.04937260173,271309.04205137084,275496.48242973286,4719451
2019-09-26,275496.48242973286,279038.1893374733,275496.48242973286,278294.9732322489,3456965
2019-09-27,278294.9732322489,285583.7974819801,278294.9732322489,284413.78200844093,3335564
2019-09-30,284413.78200844093,294518.4119544408,284413.78200844093,293492.8448238376,3873794
2019-10-01,293492.8448238376,299405.6126379155,293492.8448238376,297939.5385235804,4432943
2019-10-02,297939.5385235804,301359.66002778435,297939.5385235804,300517.2140750198,3645354
2019-10-03,300517.2140750198,316016.9986604336,300517.2140750198,312622.15207074,1922766
2019-10-04,312622.15207074,319473.2966428293,312622.15207074,317463.30115271604,1826591
2019-10-07,317463.30115271604,320985.42816745536,317463.30115271604,319898.3560237206,4818600
2019-10-08,319898.3560237206,328941.4080565256,319898.3560237206,327056.6487583668,4412526
2019-10-09,327056.6487583668,335705.8926729414,327056.6487583668,334990.00491922896,1795056
2019-10-10,334990.00491922896,340939.2525019855,334990.00491922896,339327.95768750925,3587337
2019-10-11,339327.95768750925,351166.01677882555,339327.95768750925,348796.7468123777,2611617
2019-10-14,348796.7468123777,355363.20869750826,348796.7468123777,354072.92740129697,1883547
2019-10-15,354072.92740129697,359883.31916918606,354072.92740129697,357886.4666247231,3297732
2019-10-16,357886.4666247231,368279.5445943211,357886.4666247231,365683.3485062956,2511924
2019-10-17,365683.3485062956,376460.1709077159,365683.3485062956,375815.58928121976,4334543
2019-10-18,375815.58928121976,383113.56459389813,375815.58928121976,380949.788350043,1574189
2019-10-21,380949.788350043,392023.7225191872,380949.788350043,389828.3014729112,3851660
2019-10-22,389828.3014729112,398123.29420185654,389828.3014729112,397260.41063245636,2731366
2019-10-23,397260.41063245636,418178.9406640486,397260.41063245636,416425.9755600886,4636950
2019-10-24,416425.9755600886,425468.5200259254,416425.9755600886,424536.51152898924,4958180
2019-10-25,424536.51152898924,434436.5263151692,424536.51152898924,432489.0907712344,3147275
2019-10-28,432489.0907712344,446827.3316329453,432489.0907712344,444259.9954659563,2534987
2019-10-29,444259.9954659563,459612.52427877777,444259.9954659563,457116.8378256543,4180598
2019-10-30,457116.8378256543,475152.2667649656,457116.8378256543,472050.91641485,2581754
2019-10-31,472050.91641485,484684.49971713946,472050.91641485,483043.33827066584,2690290
2019-11-01,483043.33827066584,492548.3685311984,483043.33827066584,489804.0302721359,4212192
2019-11-04,489804.0302721359,498051.2871078521,489804.0302721359,496966.6985906839,1119845
2019-11-05,496966.6985906839,513183.32211641676,496966.6985906839,509438.83919949265,1331164
2019-11-06,509438.83919949265,523380.3959828979,509438.83919949265,522586.9455412179,1905886
2019-11-07,522586.9455412179,541781.3936380267,522586.9455412179,540344.7161601384,1478827
2019-11-08,540344.7161601384,554686.245503735,540344.7161601384,553412.5773400009,1162519
2019-11-11,553412.5773400009,572426.6570007268,553412.5773400009,570347.9334077046,3983084
2019-11-12,570347.9334077046,592034.5310097734,570347.9334077046,590405.7643272757,1258743
2019-11-13,590405.7643272757,604101.4259446571,590405.7643272757,603186.8715283755,1521340
2019-11-14,603186.8715283755,610693.1896948655,601886.6387125227,606289.9142036941,1159080
2019-11-15,606289.9142036941,612287.1094223188,606289.9142036941,611265.8744517998,3445414
2019-11-18,611265.8744517998,617716.9837224277,611265.8744517998,614702.393665698,1696643
2019-11-19,614702.393665698,638880.7957360296,614702.393665698,636779.9857084587,4267055
2019-11-20,636779.9857084587,645326.9983042314,636779.9857084587,644119.4570935839,3650386
2019-11-21,644119.4570935839,666441.7339056456,644119.4570935839,664936.3774388423,3252238
2019-11-22,664936.3774388423,687646.0034277227,664936.3774388423,682129.8495418753,1730301
2019-11-25,682129.8495418753,712958.3445861248,682129.8495418753,707472.8092468582,1320744
2019-11-26,707472.8092468582,730692.1794672991,707472.8092468582,728718.8814559077,4826974
2019-11-27,728718.8814559077,745070.1044942095,728718.8814559077,742547.2676625681,1825767
2019-11-28,742547.2676625681,758136.006238138,742547.2676625681,755912.8923719311,2736013
2019-11-29,755912.8923719311,775588.2015800045,755912.8923719311,771674.9439945819,3161514
2019-12-02,771674.9439945819,793746.9706762764,771674.9439945819,788460.8877268835,3344905
2019-12-03,788460.8877268835,802834.1441192054,788460.8877268835,800045.3992205271,4816455
2019-12-04,800045.3992205271,817073.7572988186,800045.3992205271,815785.2660112357,1674519
2019-12-05,815785.2660112357,849984.6861571184,815785.2660112357,845229.5672802387,3615395
2019-12-06,845229.5672802387,852226.9082980441,843267.4563954371,847747.1823467406,3521822
2019-12-09,847747.1823467406,869813.7401820266,847747.1823467406,866893.451913215,3787574
2019-12-10,866893.451913215,878621.2278609981,866893.451913215,876369.0064644889,4900500
2019-12-11,876369.0064644889,897669.5309439247,876369.0064644889,895535.521618076,3381739
2019-12-12,895535.521618076,922364.5234502092,895535.521618076,920967.4388477878,4279307
2019-12-13,920967.4388477878,940838.039413557,920967.4388477878,938856.2166212668,2303865
2019-12-16,938856.2166212668,968771.3521471162,938856.2166212668,964890.5767043581,2021132
2019-12-17,964890.5767043581,971108.8199211713,964890.5767043581,968848.1776697562,3430851
2019-12-18,968848.1776697562,1001638.7468171681,968848.1776697562,998950.1850682134,2723691
2019-12-19,998950.1850682134,1015673.2534740631,998950.1850682134,1012904.2280839438,1038257
2019-12-20,1012904.2280839438,1043297.3237343889,1012904.2280839438,1039466.7103004853,2886829
2019-12-23,1039466.7103004853,1068125.3872559033,1039466.7103004853,1062152.5317277475,2656663
2019-12-24,1062152.5317277475,1062152.5317277475,1052274.676651758,1055932.968217344,4193681
2019-12-25,1055932.968217344,1072453.7391503274,1055932.968217344,1069068.097262224,4247437
2019-12-26,1069068.097262224,1095407.838027409,1069068.097262224,1092806.8438208592,3430141
2019-12-27,1092806.8438208592,1135224.2895626624,1092806.8438208592,1131644.9376680031,1817822
2019-12-30,1131644.9376680031,1169814.3513325078,1131644.9376680031,1157528.6934363176,3094244
2019-12-31,1157528.6934363176,1189032.2524122854,1157528.6934363176,1183662.1710551935,3593573
2020-01-01,1183662.1710551935,1193435.9725349273,1183662.1710551935,1190614.007310839,1187643
2020-01-02,1190614.007310839,1234620.7818621753,1190614.007310839,1231465.7204910307,3881751
2020-01-03,1231465.7204910307,1286168.1275130776,1231465.7204910307,1278348.5686394724,2780256
2020-01-06,1278348.5686394724,1306848.8844050735,1278348.5686394724,1304280.828667025,1625988
2020-01-07,1304280.828667025,1339037.4957276345,1304280.828667025,1327500.1961907858,2368637
2020-01-08,1327500.1961907858,1339533.8795137708,1325580.744407833,1332557.311960802,4431241
2020-01-09,1332557.311960802,1376502.620471447,1332557.311960802,1370979.2175592324,2027349
2020-01-10,1370979.2175592324,1441001.253965272,1370979.2175592324,1435446.48986606,1975407
2020-01-13,1435446.48986606,1477321.2101103915,1435446.48986606,1474449.1941237743,4454597
2020-01-14,1474449.1941237743,1530691.58532292,1474449.1941237743,1522570.8443457733,4850718
2020-01-15,1522570.8443457733,1564591.2110985422,1522570.8443457733,1561275.9243175925,2555361
2020-01-16,1561275.9243175925,1582155.5819430365,1561275.9243175925,1577122.6269162428,2378193
2020-01-17,1577122.6269162428,1632855.87961462,1577122.6269162428,1629746.0459661786,2095507
2020-01-20,1629746.0459661786,1650633.2763070625,1629746.0459661786,1642220.5312769036,3446369
2020-01-21,1642220.5312769036,1676322.1323625608,1642220.5312769036,1671605.359569448,1392945
2020-01-22,1671605.359569448,1716876.3492523863,1671605.359569448,1709698.7674755522,4794458
2020-01-23,1709698.7674755522,1775867.9245081046,1709698.7674755522,1758987.8384132844,1528920
2020-01-24,1758987.8384132844,1812784.0582769327,1758987.8384132844,1801484.732446023,4279779
2020-01-27,1801484.732446023,1864518.7185091136,1801484.732446023,1844483.1915672913,4571916
2020-01-28,1844483.1915672913,1880099.138272679,1844483.1915672913,1867327.335970678,2942953
2020-01-29,1867327.335970678,1885807.2539772647,1867327.335970678,1880597.097815016,3152345
2020-01-30,1880597.097815016,1928758.1814882474,1880597.097815016,1919365.2434343917,1777824
2020-01-31,1919365.2434343917,1949195.195079162,1919365.2434343917,1944121.316587993,3040758
2020-02-03,1944121.316587993,1968243.5040676869,1944121.316587993,1957578.8037491841,3459299
2020-02-04,1957578.8037491841,1980630.3503268228,1957578.8037491841,1971948.4800312354,3675280
2020-02-05,1971948.4800312354,2008931.855657151,1971948.4800312354,2001722.3686352032,3351375
2020-02-06,2001722.3686352032,2015383.607989906,1993963.053144488,2004673.3305671972,3511927
2020-02-07,2004673.3305671972,2031774.9079694292,2003733.9949403314,2017754.4514548804,1255822
2020-02-10,2017754.4514548804,2044616.3545221281,2005616.6300984733,2025116.4923103007,1091905
2020-02-11,2025116.4923103007,2074837.1469142213,2025116.4923103007,2069309.7886163453,2529996
2020-02-12,2069309.7886163453,2128236.16785442,2069309.7886163453,2119138.4419861077,1751553
2020-02-13,2119138.4419861077,2219790.3213546225,2119138.4419861077,2204055.3065614873,4682812
2020-02-14,2204055.3065614873,2223922.7020451655,2204055.3065614873,2215130.027685396,3779093
2020-02-17,2215130.027685396,2249710.7220636047,2215130.027685396,2244378.671935059,3103013
2020-02-18,2244378.671935059,2322763.554853954,2244378.671935059,2309748.700753371,3728018
2020-02-19,2309748.700753371,2368770.0787247713,2309748.700753371,2350936.7446241323,1724201
2020-02-20,2350936.7446241323,2403900.2614250565,2350936.7446241323,2390267.96482137,4063297
2020-02-21,2390267.96482137,2502655.9736353597,2390267.96482137,2478927.060001155,3575615
2020-02-24,2478927.060001155,2529919.41945086,2478927.060001155,2520116.7593401084,4210297
2020-02-25,2520116.7593401084,2550743.4865658064,2520116.7593401084,2541381.633854194,2815495
2020-02-26,2541381.633854194,2562716.287448114,2541381.633854194,2558740.7962623327,3683546
2020-02-27,2558740.7962623327,2634740.3131849696,2558740.7962623327,2618505.1597633623,4655220
2020-02-28,2618505.1597633623,2688617.259453249,2618505.1597633623,2678868.0300935595,2349334
2020-03-02,2678868.0300935595,2703883.7338441713,2678868.0300935595,2695699.2944297986,2960199
2020-03-03,2695699.2944297986,2735103.1914671063,2695699.2944297986,2723049.9603515286,3708361
2020-03-04,2723049.9603515286,2824949.1022177185,2723049.9603515286,2792071.451830592,1104508
2020-03-05,2792071.451830592,2876664.1749720713,2792071.451830592,2864030.5816237824,3099059
2020-03-06,2864030.5816237824,2912186.62495294,2864030.5816237824,2902889.116074082,1645736
2020-03-09,2902889.116074082,3002089.689274396,2902889.116074082,2979009.1447975747,3586772
2020-03-10,2979009.1447975747,3076650.2684338517,2979009.1447975747,3055624.9281438566,1701630
2020-03-11,3055624.9281438566,3080843.494588155,3043662.778019197,3062253.136303676,1273253
2020-03-12,3062253.136303676,3123286.4151287214,3062253.136303676,3113942.0170443663,4804882
2020-03-13,3113942.0170443663,3202286.0135219507,3113942.0170443663,3189147.6275906777,1924770
2020-03-16,3189147.6275906777,3248484.869771956,3189147.6275906777,3234654.34998263,2437324
2020-03-17,3234654.34998263,3239107.168988661,3221213.599490447,3230160.384239554,3183701
2020-03-18,3230160.384239554,3313417.2531269295,3230160.384239554,3285621.7625099802,2395341
2020-03-19,3285621.7625099802,3401641.5984561574,3285621.7625099802,3376045.1342975637,3219699
2020-03-20,3376045.1342975637,3512938.1359403287,3376045.1342975637,3496921.2428655266,4904381
2020-03-23,3496921.2428655266,3500873.92889928,3479625.5180135826,3490249.723456431,1152625
2020-03-24,3490249.723456431,3665753.6610186994,3490249.723456431,3651266.1589621445,1824733
2020-03-25,3651266.1589621445,3700610.40967519,3651266.1589621445,3683136.734721148,2518456
2020-03-26,3683136.734721148,3813912.039153611,3683136.734721148,3792046.015098628,3488019
2020-03-27,3792046.015098628,3926021.782329515,3792046.015098628,3914688.2941527246,3031907
2020-03-30,3914688.2941527246,4048898.0089810435,3914688.2941527246,4031464.123213613,4790908
2020-03-31,4031464.123213613,4127868.107427102,4031464.123213613,4118125.2210030593,1619054
2020-04-01,4118125.2210030593,4184985.219475014,4118125.2210030593,4152659.0917347847,4639860
2020-04-02,4152659.0917347847,4288821.465736199,4152659.0917347847,4261731.124043847,1311895
2020-04-03,4261731.124043847,4337213.612157903,4261731.124043847,4316484.431620595,1641453
2020-04-06,4316484.431620595,4316484.431620595,4285343.43217935,4293922.385762257,2730947
2020-04-07,4293922.385762257,4523067.170289023,4293922.385762257,4501271.545181167,2884260
2020-04-08,4501271.545181167,4640822.870766573,4501271.545181167,4623170.5709101595,4759263
2020-04-09,4623170.5709101595,4823534.478393909,4623170.5709101595,4799686.789089001,2008250
2020-04-10,4799686.789089001,4877122.723598028,4799686.789089001,4851925.485413148,2882331
2020-04-13,4851925.485413148,5035490.599669515,4851925.485413148,5020166.138609691,3799830
2020-04-14,5020166.138609691,5228378.958589758,5020166.138609691,5200383.5345074795,3506775
2020-04-15,5200383.5345074795,5396436.851617032,5200383.5345074795,5385233.742705553,1984236
2020-04-16,5385233.742705553,5532024.7645271635,5385233.742705553,5491796.406947932,1557457
2020-04-17,5491796.406947932,5582998.75874832,5488192.376799126,5535595.567773723,1707727
2020-04-20,5535595.567773723,5648837.6216712855,5535595.567773723,5636492.159251359,2620759
2020-04-21,5636492.159251359,5664476.5625283,5585649.625576741,5625063.094052521,2087666
2020-04-22,5625063.094052521,5659995.876790444,5623654.29353162,5641825.085161032,3081564
2020-04-23,5641825.085161032,5784014.916657363,5641825.085161032,5759848.61208218,1522850
2020-04-24,5759848.61208218,5869250.948145009,5759848.61208218,5817942.53355307,1203478
2020-04-27,5817942.53355307,5941684.27620593,5817942.53355307,5924733.9606755385,3865699
2020-04-28,5924733.9606755385,6079637.351930299,5924733.9606755385,6036770.694600722,3792006
2020-04-29,6036770.694600722,6320721.751087378,6036770.694600722,6274059.673150425,2118022
2020-04-30,6274059.673150425,6513258.406578315,6274059.673150425,6480954.731934262,2619952
2020-05-01,6480954.731934262,6623970.38894379,6480954.731934262,6607665.654706305,2600181
2020-05-04,6607665.654706305,6833585.751828416,6607665.654706305,6819699.007119643,1349842
2020-05-05,6819699.007119643,6913513.949407545,6819699.007119643,6902918.897675207,2101346
2020-05-06,6902918.897675207,7037975.452863248,6902918.897675207,7017721.547286761,2047319
2020-05-07,7017721.547286761,7280657.655493228,7017721.547286761,7221952.985772247,2520808
2020-05-08,7221952.985772247,7341590.786633662,7211849.018031632,7276719.902332647,3722309
2020-05-11,7276719.902332647,7414360.518115257,7276719.902332647,7401953.654199404,2221042
2020-05-12,7401953.654199404,7484760.355156457,7401953.654199404,7452224.328876263,3399329
2020-05-13,7452224.328876263,7656925.643624318,7452224.328876263,7610023.1228096625,2413934
2020-05-14,7610023.1228096625,7911634.881476956,7610023.1228096625,7886458.411749722,3020536
2020-05-15,7886458.411749722,8011440.0869918065,7886458.411749722,7984873.771609705,3835691
2020-05-18,7984873.771609705,8187830.019888736,7984873.771609705,8162607.4396665655,3192023
2020-05-19,8162607.4396665655,8287046.568895088,8162607.4396665655,8252614.724159159,1695354
2020-05-20,8252614.724159159,8369067.389218717,8252614.724159159,8322799.173291069,4955971
2020-05-21,8322799.173291069,8412308.497385168,8322799.173291069,8386397.883094766,3746688
2020-05-22,8386397.883094766,8690844.47096663,8386397.883094766,8676127.138516273,3527429
2020-05-25,8676127.138516273,9119642.786095066,8676127.138516273,9054617.586282786,2389320
2020-05-26,9054617.586282786,9304702.63524665,9054617.586282786,9279447.698298471,2264993
2020-05-27,9279447.698298471,9416316.606227074,9279447.698298471,9370167.857326794,1374286
2020-05-28,9370167.857326794,9442996.11111491,9370167.857326794,9407983.171756355,2717164
2020-05-29,9407983.171756355,9442685.732941993,9330395.470315311,9386540.601628652,1478989
2020-06-01,9386540.601628652,9521878.584199194,9337187.200451752,9429532.892325474,2734069
2020-06-02,9429532.892325474,9527087.889032787,9358901.696851393,9442994.79294209,4601971
2020-06-03,9442994.79294209,9522261.176811548,9388881.463367952,9455571.32008975,4704771
2020-06-04,9455571.32008975,9519127.478841804,9453875.921550915,9486501.70019636,1167829
2020-06-05,9486501.70019636,9486501.70019636,9434498.616643697,9449376.41592378,3291151
2020-06-08,9449376.41592378,9449376.41592378,9405944.542495172,9423051.698944787,2105091
2020-06-09,9423051.698944787,9423051.698944787,9306377.05065486,9322863.301841905,1717245
2020-06-10,9322863.301841905,9338133.126321249,9256422.992421642,9297278.059371445,4454106
2020-06-11,9297278.059371445,9297278.059371445,9186344.942392826,9217578.517075187,1411171
2020-06-12,9217578.517075187,9271184.69892713,9150443.77872703,9210814.238827081,1317874
2020-06-15,9210814.238827081,9218571.13358659,9099955.953036647,9159263.543311618,1383485
2020-06-16,9159263.543311618,9258450.618664382,9076010.626982853,9167230.622823618,1843948
2020-06-17,9167230.622823618,9294701.501830142,9094107.81782699,9194404.659828566,2167298
2020-06-18,9194404.659828566,9194404.659828566,9097654.898636062,9117762.431088405,2075211
2020-06-19,9117762.431088405,9143049.974369211,9009958.871637937,9076504.423003573,1853167
2020-06-22,9076504.423003573,9076504.423003573,8998190.050460218,9029191.440613788,4343153
2020-06-23,9029191.440613788,9118361.603894686,9029191.440613788,9074637.958032638,4264470
2020-06-24,9074637.958032638,9185479.517396808,9074637.958032638,9171641.858581174,1463020
2020-06-25,9171641.858581174,9266352.494094942,9171641.858581174,9220657.908569358,1607253
2020-06-26,9220657.908569358,9260778.192340283,9144226.747598488,9202502.469969384,4782232
2020-06-29,9202502.469969384,9332260.40887772,9202502.469969384,9284931.724050852,3977968
2020-06-30,9284931.724050852,9284931.724050852,9158684.718662066,9200471.721801518,1479559
2020-07-01,9200471.721801518,9308124.969273487,9200471.721801518,9284820.049488217,1484857
2020-07-02,9284820.049488217,9302882.681308208,9193428.553787475,9248155.617547842,3262081
2020-07-03,9248155.617547842,9248155.617547842,9030283.63007647,9094505.953265876,1003157
2020-07-06,9094505.953265876,9269408.10745994,9094505.953265876,9242851.345049838,4093039
2020-07-07,9242851.345049838,9399197.666054508,9242851.345049838,9331095.868284997,4793311
2020-07-08,9331095.868284997,9331095.868284997,9243701.586103644,9272291.268989181,3234394
2020-07-09,9272291.268989181,9361720.979732748,9201952.984307528,9281836.982020138,4421195
2020-07-10,9281836.982020138,9309169.223336713,9230517.781972134,9269843.502654424,3029882
2020-07-13,9269843.502654424,9298174.29798987,9253267.725335853,9275721.011662861,4478465
2020-07-14,9275721.011662861,9295327.696804004,9091160.779886955,9193244.23834548,2750280
2020-07-15,9193244.23834548,9209209.168252267,9105545.75928139,9157377.463766828,2156655
2020-07-16,9157377.463766828,9232486.729288224,9138574.584881276,9185530.65708475,2010698
2020-07-17,9185530.65708475,9234473.39807392,9164891.587700238,9199682.492887078,1012603
2020-07-20,9199682.492887078,9283214.627823366,9199682.492887078,9267473.478147129,4970257
2020-07-21,9267473.478147129,9289380.439103559,9254914.486743722,9272147.46292364,1097896
2020-07-22,9272147.46292364,9474060.365278296,9272147.46292364,9402987.446999604,2615356
2020-07-23,9402987.446999604,9409221.635959541,9311051.48992188,9360136.562940711,2217912
2020-07-24,9360136.562940711,9407208.430755282,9338965.779786997,9373087.10527114,3558226
2020-07-27,9373087.10527114,9373087.10527114,9190523.380841302,9263443.42977184,3916048
2020-07-28,9263443.42977184,9263443.42977184,9162404.92000369,9194113.548052672,3329847
2020-07-29,9194113.548052672,9300001.204622015,9194113.548052672,9269107.942275621,1328682
2020-07-30,9269107.942275621,9269107.942275621,9187498.891804654,9216881.093675863,4847436
2020-07-31,9216881.093675863,9301050.677963378,9193908.2133109,9247479.445637139,4383721
2020-08-03,9247479.445637139,9271848.062220862,9217534.86235551,9244691.462288186,1976217
2020-08-04,9244691.462288186,9244691.462288186,9135485.794798413,9187447.390021933,3196416
2020-08-05,9187447.390021933,9190239.49198622,9149941.037766213,9170090.264876217,1619921
2020-08-06,9170090.264876217,9180583.313115427,9107384.687810548,9143984.000462987,3188869
2020-08-07,9143984.000462987,9152907.66854432,9087001.291852457,9119954.480198389,4596541
2020-08-10,9119954.480198389,9191074.589402072,9119954.480198389,9164381.580037761,4441960
2020-08-11,9164381.580037761,9273771.316175463,9131334.501650488,9202552.908912975,3035873
2020-08-12,9202552.908912975,9222119.550547943,9122296.572563311,9172208.061555626,2847562
2020-08-13,9172208.061555626,9172208.061555626,9104514.96105976,9124432.040390281,3564696
2020-08-14,9124432.040390281,9192664.32211464,9093314.398837578,9142989.360476108,3306005
2020-08-17,9142989.360476108,9227527.992061747,9052935.78425713,9140231.888159439,3500599
2020-08-18,9140231.888159439,9274093.46716398,9124723.823400283,9199408.64528213,4855297
2020-08-19,9199408.64528213,9441710.767923197,9199408.64528213,9347572.210118035,4129417
2020-08-20,9347572.210118035,9440521.977672055,9346449.026312735,9393485.501992395,3831471
2020-08-21,9393485.501992395,9442463.688390112,9336030.94387426,9389247.316132186,4351039
2020-08-24,9389247.316132186,9412655.222639473,9342063.064209556,9377359.143424515,1136878
2020-08-25,9377359.143424515,9377359.143424515,9311934.701089714,9327199.743860077,3805742
2020-08-26,9327199.743860077,9327199.743860077,9256721.857642688,9275504.393975295,1951240
2020-08-27,9275504.393975295,9275504.393975295,9177853.461457448,9219740.150201945,1019824
2020-08-28,9219740.150201945,9223981.57708617,9174148.374610465,9199064.975848317,1018583
2020-08-31,9199064.975848317,9205401.405730955,9148792.011124946,9177096.70842795,4348835
2020-09-01,9177096.70842795,9239087.181209054,9177096.70842795,9220095.459940234,3466285
2020-09-02,9220095.459940234,9293484.720240792,9104934.58109329,9199209.650667042,1169668
2020-09-03,9199209.650667042,9217847.176146844,9161985.071048973,9189916.123597909,3167581
2020-09-04,9189916.123597909,9189916.123597909,9061252.88147568,9124531.738429425,4430728
2020-09-07,9124531.738429425,9246088.095138203,9124531.738429425,9217665.95277594,4672070
2020-09-08,9217665.95277594,9266103.94304681,9217665.95277594,9246940.975883387,1004378
2020-09-09,9246940.975883387,9383550.124233764,9246940.975883387,9346840.737986619,2103101
2020-09-10,9346840.737986619,9422471.477932865,9346840.737986619,9390183.064700006,4097707
2020-09-11,9390183.064700006,9528690.033857087,9390183.064700006,9471896.083101321,1842268
2020-09-14,9471896.083101321,9478243.974403622,9429606.480179364,9453925.227291493,3554904
2020-09-15,9453925.227291493,9544150.005542066,9438081.16373362,9491115.584637843,3614424
2020-09-16,9491115.584637843,9775399.31343038,9491115.584637843,9640951.868918985,1103841
2020-09-17,9640951.868918985,9640951.868918985,9526694.21832027,9562945.564380743,1763892
2020-09-18,9562945.564380743,9714924.949214859,9534609.41673954,9624767.1829772,4014909
2020-09-21,9624767.1829772,9801366.150138704,9624767.1829772,9715914.700035008,4263246
2020-09-22,9715914.700035008,9777286.650441129,9686183.745033711,9731735.19773742,3318161
2020-09-23,9731735.19773742,9809709.15959625,9725031.873433981,9767370.516515115,4289316
2020-09-24,9767370.516515115,9922757.722017953,9742450.365945896,9832604.043981925,1484165
2020-09-25,9832604.043981925,9832604.043981925,9734006.764044467,9781996.435311053,1949019
2020-09-28,9781996.435311053,9829139.165709775,9763749.195872951,9796444.180791363,4507149
2020-09-29,9796444.180791363,9796444.180791363,9688798.898095788,9733908.506437168,1220085
2020-09-30,9733908.506437168,9733908.506437168,9641473.109962326,9684448.077540984,3364661
2020-10-01,9684448.077540984,9716830.589499494,9562469.51100176,9639650.050250627,3511302
2020-10-02,9639650.050250627,9684787.793725582,9563184.513151096,9623986.153438339,2850595
2020-10-05,9623986.153438339,9695614.929578785,9555873.103142941,9625744.016360864,2460851
2020-10-06,9625744.016360864,9702912.96775513,9588207.677085774,9645560.322420452,4781416
2020-10-07,9645560.322420452,9645560.322420452,9506356.785305366,9554269.106198383,4598497
2020-10-08,9554269.106198383,9731014.145623634,9554269.106198383,9664958.824828947,1812534
2020-10-09,9664958.824828947,9785259.5311968,9664958.824828947,9725881.15410859,3566534
2020-10-12,9725881.15410859,9812139.425085295,9708547.182408284,9760343.30374679,1705301
2020-10-13,9760343.30374679,9760343.30374679,9707059.855772218,9729260.616917795,1577105
2020-10-14,9729260.616917795,9742707.111863967,9687161.448946215,9714934.280405091,4569583
2020-10-15,9714934.280405091,9787136.191261927,9690733.24502586,9738934.718143893,3460203
2020-10-16,9738934.718143893,9796758.29070568,9711984.18296972,9754371.2368377,1641764
2020-10-19,9754371.2368377,9754371.2368377,9579937.542961027,9644145.474410245,2022252
2020-10-20,9644145.474410245,9714830.308767185,9644145.474410245,9680787.11696995,4270586
2020-10-21,9680787.11696995,9862474.150322733,9680787.11696995,9846331.86113331,4276380
2020-10-22,9846331.86113331,9846331.86113331,9672227.835037291,9723142.410925336,1839518
2020-10-23,9723142.410925336,9799127.66815355,9723142.410925336,9773755.341043092,1790967
2020-10-26,9773755.341043092,9871648.520447634,9700482.484334696,9786065.502391165,4255741
2020-10-27,9786065.502391165,9806854.92906499,9731575.265538823,9769215.097301906,4989739
2020-10-28,9769215.097301906,9858083.886390751,9769215.097301906,9841892.385779241,2632341
2020-10-29,9841892.385779241,9841892.385779241,9691903.425743211,9758978.986150943,4907527
2020-10-30,9758978.986150943,9799489.667128773,9718855.17193761,9759172.419533191,3469473
2020-11-02,9759172.419533191,9886045.907514025,9759172.419533191,9837524.931595424,4762900
2020-11-03,9837524.931595424,9872558.389107479,9756310.591070335,9814434.490088908,3428834
2020-11-04,9814434.490088908,9814434.490088908,9748719.286874618,9778456.910753163,3303686
2020-11-05,9778456.910753163,9809644.10888181,9741152.96635435,9775398.53761808,2578950
2020-11-06,9775398.53761808,9775398.53761808,9717724.950128654,9738689.727466075,4608376
2020-11-09,9738689.727466075,9838141.448066616,9738689.727466075,9822363.414016247,3073837
2020-11-10,9822363.414016247,9822363.414016247,9692892.584751558,9756587.41482465,1467996
2020-11-11,9756587.41482465,9847554.580571229,9751546.520545864,9799550.550558547,3597643
2020-11-12,9799550.550558547,9799550.550558547,9643743.05755766,9713494.95589473,2018144
2020-11-13,9713494.95589473,9760653.491261892,9713494.95589473,9744886.39713671,1545673
2020-11-16,9744886.39713671,9747144.230325652,9711405.092978034,9729274.661651844,1116196
2020-11-17,9729274.661651844,9729274.661651844,9524228.926918993,9565281.321843795,4663580
2020-11-18,9565281.321843795,9582974.737020982,9535449.429844413,9559212.083432699,1601562
2020-11-19,9559212.083432699,9690235.957072565,9559212.083432699,9649922.417818034,4293392
2020-11-20,9649922.417818034,9649922.417818034,9548721.096045818,9581605.900847234,4293837
2020-11-23,9581605.900847234,9601454.60997629,9435539.73385232,9518497.171914306,1832534
2020-11-24,9518497.171914306,9620295.500187967,9518497.171914306,9603886.145855097,3153367
2020-11-25,9603886.145855097,9648263.219600406,9571459.153450249,9609861.186525328,1900982
2020-11-26,9609861.186525328,9731780.547240393,9609861.186525328,9700222.469279775,3493693
2020-11-27,9700222.469279775,9772350.096264096,9661170.813147737,9716760.454705916,2578198
2020-11-30,9716760.454705916,9716760.454705916,9628235.657604357,9660727.106494896,4295709
2020-12-01,9660727.106494896,9708203.433317056,9601287.622225516,9654745.527771285,4086566
2020-12-02,9654745.527771285,9783351.22500398,9654745.527771285,9726063.888746846,3130975
2020-12-03,9726063.888746846,9819958.8692469,9726063.888746846,9779186.958418155,3067243
2020-12-04,9779186.958418155,9808982.948448377,9740698.94189957,9774840.945173973,1710854
2020-12-07,9774840.945173973,9804164.006853776,9742774.485891974,9773469.246372875,2259598
2020-12-08,9773469.246372875,9822107.10139481,9702691.568514243,9762399.334954526,3762505
2020-12-09,9762399.334954526,9762399.334954526,9706525.59922053,9723503.319541521,4073994
2020-12-10,9723503.319541521,9918711.825052513,9723503.319541521,9836075.744830903,2361851
2020-12-11,9836075.744830903,9865986.288060423,9795963.29252629,9830974.790293356,1782279
2020-12-14,9830974.790293356,9830974.790293356,9721214.523966648,9756944.354774643,2230030
2020-12-15,9756944.354774643,9760024.255344378,9688535.442561662,9724279.84895302,3834043
2020-12-16,9724279.84895302,9784689.477379993,9724279.84895302,9764552.205579579,2767693
2020-12-17,9764552.205579579,9822213.911475232,9764552.205579579,9799087.21816819,4014498
2020-12-18,9799087.21816819,9831869.097925132,9740130.390960546,9785999.74444284,1643771
2020-12-21,9785999.74444284,9785999.74444284,9720655.317092828,9741111.012810668,1407917
2020-12-22,9741111.012810668,9772836.918077232,9704982.63639704,9738909.777237136,3469190
2020-12-23,9738909.777237136,9738909.777237136,9592414.432116443,9634770.098532358,3279952
2020-12-24,9634770.098532358,9634770.098532358,9537389.209227877,9555885.382229177,3313897
2020-12-25,9555885.382229177,9630369.72279872,9555885.382229177,9603047.118500888,3375795
2020-12-28,9603047.118500888,9603047.118500888,9548557.023860266,9573777.926068865,3680324
2020-12-29,9573777.926068865,9627687.462678004,9563572.206680153,9595629.834679078,4884848
2020-12-30,9595629.834679078,9694796.445815677,9595629.834679078,9667017.965340339,2250357
2020-12-31,9667017.965340339,9759407.499434417,9647796.860741213,9703602.180087814,2195373
2021-01-01,9703602.180087814,9747901.079998739,9655995.067904277,9701948.073951509,2016648
2021-01-04,9701948.073951509,9857935.184091901,9701948.073951509,9826459.47275968,2839870
2021-01-05,9826459.47275968,9928784.516634114,9794394.764524737,9861589.640579425,2982668
2021-01-06,9861589.640579425,9861589.640579425,9815255.369226443,9833977.13932317,4743781
2021-01-07,9833977.13932317,9894451.909272263,9833977.13932317,9872893.852610283,1680880
2021-01-08,9872893.852610283,9948189.675443992,9834732.720069952,9891461.197756972,1522198
2021-01-11,9891461.197756972,9891461.197756972,9801006.295982815,9832590.13287414,4260579
2021-01-12,9832590.13287414,9856313.215625497,9806783.05321026,9831548.134417878,4588168
2021-01-13,9831548.134417878,9857833.370549042,9774357.434356393,9816095.402452717,1151536
2021-01-14,9816095.402452717,9816095.402452717,9657081.455596417,9691895.232071247,2462174
2021-01-15,9691895.232071247,9701410.392240925,9656457.915312847,9678934.153776886,3251448
2021-01-18,9678934.153776886,9738437.042841438,9580837.115528043,9659637.07918474,2374182
2021-01-19,9659637.07918474,9701453.225378571,9561567.784001516,9631510.504690044,1623715
2021-01-20,9631510.504690044,9631510.504690044,9495860.294573661,9532337.636807514,4980082
2021-01-21,9532337.636807514,9534699.414169313,9489339.232191874,9512019.323180594,1505746
2021-01-22,9512019.323180594,9563484.13505666,9457784.89840984,9510634.51673325,2561661
2021-01-25,9510634.51673325,9551289.361882774,9483882.83929166,9517586.100587217,3523947
2021-01-26,9517586.100587217,9517586.100587217,9437169.957121529,9451755.947197929,1989063
2021-01-27,9451755.947197929,9511588.388281098,9451755.947197929,9490779.77207516,3929607
2021-01-28,9490779.77207516,9490779.77207516,9385576.232276144,9420986.284398442,1829399
2021-01-29,9420986.284398442,9427091.271575907,9394403.74759533,9410747.509585619,4826789
2021-02-01,9410747.509585619,9512479.499814807,9410747.509585619,9489472.869836072,3782455
2021-02-02,9489472.869836072,9489472.869836072,9426048.768715015,9450342.444464074,4879826
2021-02-03,9450342.444464074,9488820.656315908,9356681.67048231,9422751.163399108,3543406
2021-02-04,9422751.163399108,9513993.212994138,9422751.163399108,9487860.110758517,2116750
2021-02-05,9487860.110758517,9545472.43727867,9388162.026073448,9466817.231676059,1956033
2021-02-08,9466817.231676059,9503903.85085483,9398748.729683854,9451326.290269343,3384601
2021-02-09,9451326.290269343,9542227.686558727,9390526.419109933,9466377.05283433,2980326
2021-02-10,9466377.05283433,9575771.891823474,9466377.05283433,9529486.084744653,4710970
2021-02-11,9529486.084744653,9529486.084744653,9367306.077633232,9400596.278084742,2146220
2021-02-12,9400596.278084742,9400596.278084742,9328533.93018162,9355759.49598055,2086478
2021-02-15,9355759.49598055,9355759.49598055,9263763.804274276,9301734.140221113,4349118
2021-02-16,9301734.140221113,9301734.140221113,9222750.619378729,9244687.831545446,4108827
2021-02-17,9244687.831545446,9245657.425658176,9158921.196949197,9202289.311303686,2431121
2021-02-18,9202289.311303686,9229308.051401773,9094408.880560236,9161858.465981005,3070014
2021-02-19,9161858.465981005,9253911.854690868,9119695.146327283,9186803.500509076,3462539
2021-02-22,9186803.500509076,9190800.559665417,9097148.329801632,9143974.444733525,4380993
2021-02-23,9143974.444733525,9223086.163495488,9095252.304659605,9159169.234077547,4654327
2021-02-24,9159169.234077547,9254524.378783744,9125035.051405156,9189779.715094449,2891934
2021-02-25,9189779.715094449,9213325.07444637,9098518.323128352,9155921.698787361,1955123
2021-02-26,9155921.698787361,9231929.617457105,9110754.51285645,9171342.065156778,1328058
2021-03-01,9171342.065156778,9293864.392725762,9171342.065156778,9271410.075293867,4808886
2021-03-02,9271410.075293867,9313111.793869339,9271410.075293867,9295526.509351764,4058598
2021-03-03,9295526.509351764,9302773.809837993,9225989.181294158,9264381.495566076,2941396
2021-03-04,9264381.495566076,9283226.553693801,9249934.39313275,9266580.473413276,4261894
2021-03-05,9266580.473413276,9266580.473413276,9184057.717983784,9220284.013656072,3561116
2021-03-08,9220284.013656072,9257768.974855943,9220284.013656072,9242394.22285886,3104410
2021-03-09,9242394.22285886,9346752.858225958,9242394.22285886,9297666.237040706,2088082
2021-03-10,9297666.237040706,9312011.85391873,9200291.337484295,9256151.595701512,1706283
2021-03-11,9256151.595701512,9275017.045761382,9225645.006283043,9250331.026022213,3777861
2021-03-12,9250331.026022213,9343888.275292175,9250331.026022213,9319630.84184661,1536267
2021-03-15,9319630.84184661,9319630.84184661,9277868.44809269,9295989.072090149,3895111
2021-03-16,9295989.072090149,9336905.897642955,9287030.560215501,9311968.228929227,2548605
2021-03-17,9311968.228929227,9315433.356276613,9201494.414481008,9258463.88537881,3368925
2021-03-18,9258463.88537881,9258463.88537881,9191140.394580733,9217994.743949471,1111031
2021-03-19,9217994.743949471,9217994.743949471,9176431.598593123,9195867.405158816,4450153
2021-03-22,9195867.405158816,9371211.855694601,9195867.405158816,9323213.200912317,3630726
2021-03-23,9323213.200912317,9397021.60479639,9213080.812198536,9305051.208497463,2886513
2021-03-24,9305051.208497463,9332394.869412756,9228698.470032388,9280546.669722572,3091422
2021-03-25,9280546.669722572,9302661.516616976,9206857.51347516,9254759.515046068,1060087
2021-03-26,9254759.515046068,9273888.550658729,9229417.262625653,9251652.906642191,4401902
2021-03-29,9251652.906642191,9381969.287977045,9206460.145811124,9294214.716894085,4653639
2021-03-30,9294214.716894085,9355406.82963546,9264756.47651396,9310081.65307471,4861299
2021-03-31,9310081.65307471,9503528.12852481,9310081.65307471,9430014.797572006,3271717
2021-04-01,9430014.797572006,9497285.194761261,9392105.30937314,9444695.2520672,4589705
2021-04-02,9444695.2520672,9550356.110544097,9444695.2520672,9529007.335278012,3459985
2021-04-05,9529007.335278012,9569904.726014357,9520959.5215201,9545432.123767229,4997522
2021-04-06,9545432.123767229,9634949.128351467,9525832.76263568,9580390.945493573,3394278
2021-04-07,9580390.945493573,9580390.945493573,9454194.97476059,9496985.857504288,2369888
2021-04-08,9496985.857504288,9548091.16486737,9433889.41779386,9490990.291330615,1164918
2021-04-09,9490990.291330615,9522926.018917788,9453930.84738452,9488428.433151154,1456993
2021-04-12,9488428.433151154,9509973.242980724,9442051.607265493,9476012.425123109,2150184
2021-04-13,9476012.425123109,9476012.425123109,9301587.449500235,9355272.190563044,3834539
2021-04-14,9355272.190563044,9443257.216595395,9355272.190563044,9408781.877651358,1359364
2021-04-15,9408781.877651358,9429070.157332191,9350799.450131696,9389934.803731943,1618845
2021-04-16,9389934.803731943,9437879.000680324,9299400.164108263,9368639.582394293,3599221
2021-04-19,9368639.582394293,9399568.438646697,9316646.312781047,9358107.375713872,3893064
2021-04-20,9358107.375713872,9446676.70437136,9358107.375713872,9426324.96034672,4418860
2021-04-21,9426324.96034672,9567927.10140787,9426324.96034672,9527088.40975116,3726678
2021-04-22,9527088.40975116,9792016.66391384,9527088.40975116,9745319.068994693,3642256
2021-04-23,9745319.068994693,10025697.271758012,9745319.068994693,9954412.959847368,2528100
2021-04-26,9954412.959847368,10137187.599790666,9954412.959847368,10116007.443932416,4254341
2021-04-27,10116007.443932416,10326236.018858675,10116007.443932416,10260270.571134772,3568778
2021-04-28,10260270.571134772,10398219.482174726,10260270.571134772,10379861.750299845,2330533
2021-04-29,10379861.750299845,10627962.631181395,10379861.750299845,10581401.79996931,1717359
2021-04-30,10581401.79996931,10991200.600557067,10581401.79996931,10917967.883139797,1125903
2021-05-03,10917967.883139797,11057745.546655828,10917967.883139797,11020809.599579709,4790976
2021-05-04,11020809.599579709,11465741.944214689,11020809.599579709,11409107.773088655,2638586
2021-05-05,11409107.773088655,11754638.665175896,11409107.773088655,11733580.683520574,4664580
2021-05-06,11733580.683520574,11993283.945195733,11733580.683520574,11915103.431606634,1675121
2021-05-07,11915103.431606634,12265805.42055935,11915103.431606634,12246709.681597117,1557640
2021-05-10,12246709.681597117,12354774.360583173,12246709.681597117,12312118.939553348,2220897
2021-05-11,12312118.939553348,12373927.379645443,12312118.939553348,12345167.751568656,1800868
2021-05-12,12345167.751568656,12550133.817287356,12315556.829609042,12432845.3234482,1955366
2021-05-13,12432845.3234482,12669245.860931836,12432845.3234482,12630559.085666353,1300686
2021-05-14,12630559.085666353,12884570.62027764,12630559.085666353,12842069.168980842,1722630
2021-05-17,12842069.168980842,13065319.509949075,12842069.168980842,13032755.606832238,1541276
2021-05-18,13032755.606832238,13384984.985364595,13032755.606832238,13306368.235247925,3750927
2021-05-19,13306368.235247925,13379574.885835972,13197193.431369128,13288384.15860255,4429380
2021-05-20,13288384.15860255,13665842.005687596,13288384.15860255,13619975.773817953,3390640
2021-05-21,13619975.773817953,13758350.924798679,13619975.773817953,13699066.89429152,3158475
2021-05-24,13699066.89429152,13911024.468127305,13699066.89429152,13882517.865696205,4291020
2021-05-25,13882517.865696205,14143675.884164082,13882517.865696205,14102854.183268392,4554609
2021-05-26,14102854.183268392,14279004.512048304,14102854.183268392,14221852.566782529,4936894
2021-05-27,14221852.566782529,14369036.279376587,14221852.566782529,14311308.066553464,4662651
2021-05-28,14311308.066553464,14482622.824164826,14311308.066553464,14453550.781374602,1950160
2021-05-31,14453550.781374602,14835217.189313877,14453550.781374602,14740898.40733023,2878422
2021-06-01,14740898.40733023,15234107.88533263,14740898.40733023,15122685.049113339,4752292
2021-06-02,15122685.049113339,15564619.555783743,15122685.049113339,15510466.258956078,4830087
2021-06-03,15510466.258956078,15696918.6330747,15510466.258956078,15666425.387195913,4070682
2021-06-04,15666425.387195913,15985784.59415231,15666425.387195913,15855742.05163311,4137001
2021-06-07,15855742.05163311,16109081.892258732,15855742.05163311,16026888.42955971,3251356
2021-06-08,16026888.42955971,16446678.864352766,16026888.42955971,16419517.11555303,4867335
2021-06-09,16419517.11555303,16536264.194490237,16290481.610725995,16413372.902608115,4890491
2021-06-10,16413372.902608115,17037187.06951204,16413372.902608115,16944893.60129904,3914582
2021-06-11,16944893.60129904,17278362.7088354,16944893.60129904,17201641.803033277,3049662
2021-06-14,17201641.803033277,17565327.588566523,17201641.803033277,17410895.4985853,1064654
2021-06-15,17410895.4985853,17856004.11065151,17410895.4985853,17818215.35422845,1113204
2021-06-16,17818215.35422845,18416871.51606244,17818215.35422845,18358573.94834067,1367085
2021-06-17,18358573.94834067,18842040.37754513,18358573.94834067,18788638.827857334,1499616
2021-06-18,18788638.827857334,19418952.800243795,18788638.827857334,19362207.958280362,2152339
2021-06-21,19362207.958280362,19828172.54079491,19362207.958280362,19775466.950936753,2251254
2021-06-22,19775466.950936753,20583493.175292987,19775466.950936753,20414143.06604318,2088839
2021-06-23,20414143.06604318,21227734.820969153,20414143.06604318,21076614.679048862,3785197
2021-06-24,21076614.679048862,21522456.929649834,21076614.679048862,21477180.211514935,1948066
2021-06-25,21477180.211514935,22341363.29169417,21477180.211514935,22215824.657910038,3265202
2021-06-28,22215824.657910038,22911867.87547079,22215824.657910038,22696738.10130453,4134398
2021-06-29,22696738.10130453,23261757.60994369,22696738.10130453,23170394.78997036,3732849
2021-06-30,23170394.78997036,23562028.823924962,23170394.78997036,23420293.598441478,1235466
2021-07-01,23420293.598441478,24033095.45076236,23420293.598441478,23821066.345201347,1074970
2021-07-02,23821066.345201347,24617519.276025288,23821066.345201347,24482716.173881613,3156572
2021-07-05,24482716.173881613,24710852.459625095,24482716.173881613,24650998.880083255,1991795
2021-07-06,24650998.880083255,25383202.4935448,24650998.880083255,25304157.664948445,1031692
2021-07-07,25304157.664948445,25984569.085849784,25304157.664948445,25898455.1482018,3218868
2021-07-08,25898455.1482018,26555782.821972,25898455.1482018,26488308.37006209,1708415
2021-07-09,26488308.37006209,26672736.58140205,26194487.57975411,26433612.080578078,3617334
2021-07-12,26433612.080578078,27032661.81947281,26433612.080578078,26934993.489312768,3306441
2021-07-13,26934993.489312768,27697208.559780505,26934993.489312768,27648302.149964403,2727774
2021-07-14,27648302.149964403,28151783.4364682,27648302.149964403,27990324.10120682,2872475
2021-07-15,27990324.10120682,28656035.22348281,27990324.10120682,28575407.720993526,1872816
2021-07-16,28575407.720993526,28575407.720993526,28376419.188812703,28467371.74287319,1503725
2021-07-19,28467371.74287319,29526498.166218124,28467371.74287319,29227847.12922666,2239209
2021-07-20,29227847.12922666,29767402.289541725,29227847.12922666,29618789.222865324,1933676
2021-07-21,29618789.222865324,30581668.94593612,29618789.222865324,30469250.385001212,4043736
2021-07-22,30469250.385001212,30564711.847393908,30469250.385001212,30517152.22822701,4216223
2021-07-23,30517152.22822701,31525574.54472653,30517152.22822701,31338755.56551326,3870428
2021-07-26,31338755.56551326,32215601.205191717,31338755.56551326,31891276.852627497,2440575
2021-07-27,31891276.852627497,32966570.53435468,31891276.852627497,32786657.55266699,1989081
2021-07-28,32786657.55266699,33300369.718585283,32786657.55266699,33138881.40588836,4901453
2021-07-29,33138881.40588836,33727707.944161296,33138881.40588836,33596709.294030085,4802299
2021-07-30,33596709.294030085,35134946.99178156,33596709.294030085,35022033.33929079,4295053
2021-08-02,35022033.33929079,35632371.90470772,35022033.33929079,35431807.88725031,1175876
2021-08-03,35431807.88725031,36106732.59205086,35431807.88725031,35890285.84123484,3237950
2021-08-04,35890285.84123484,36578487.05183918,35890285.84123484,36508825.474335484,1937636
2021-08-05,36508825.474335484,37265865.790628254,36465489.81585143,36865677.803239845,1425839
2021-08-06,36865677.803239845,38202029.013992816,36865677.803239845,38041861.32254734,2752920
2021-08-09,38041861.32254734,39626711.86817772,38041861.32254734,39458925.72178335,4719692
2021-08-10,39458925.72178335,40280310.58765867,39458925.72178335,39970271.546403326,4217426
2021-08-11,39970271.546403326,40153197.426282614,39970271.546403326,40079777.228401475,2198826
2021-08-12,40079777.228401475,41618576.73490102,40079777.228401475,41351098.665175624,3260947
2021-08-13,41351098.665175624,42822056.0660012,41351098.665175624,42636452.29260558,4811978
2021-08-16,42636452.29260558,43955577.25916907,42636452.29260558,43839507.66793872,3702077
2021-08-17,43839507.66793872,45294884.91309758,43839507.66793872,45223306.74041483,2558143
2021-08-18,45223306.74041483,45831018.32236236,45223306.74041483,45735449.26320902,4805157
2021-08-19,45735449.26320902,46762634.833881855,45735449.26320902,46573095.65897472,2935254
2021-08-20,46573095.65897472,47226430.38253843,46493439.38166084,46859934.882099636,2468179
2021-08-23,46859934.882099636,47301448.13296541,46859934.882099636,47132583.40127557,3581674
2021-08-24,47132583.40127557,48890406.161745586,47132583.40127557,48537653.4612009,1725768
2021-08-25,48537653.4612009,49499917.6119702,48537653.4612009,49182275.599540435,1269077
2021-08-26,49182275.599540435,51437149.09400385,49182275.599540435,51287066.29539102,2637790
2021-08-27,51287066.29539102,52589582.17730605,51287066.29539102,52350852.423483595,1359102
2021-08-30,52350852.423483595,53185225.781370744,52350852.423483595,53062601.622046895,3253619
2021-08-31,53062601.622046895,54836654.76333367,53062601.622046895,54547232.3015318,4025096
2021-09-01,54547232.3015318,56748651.5319,54547232.3015318,56620715.71012221,1537772
2021-09-02,56620715.71012221,58147482.193994336,56620715.71012221,58028380.852839656,1470166
2021-09-03,58028380.852839656,58578727.45061419,58028380.852839656,58482658.834656365,1154435
2021-09-06,58482658.834656365,60150440.60732471,58482658.834656365,59869284.31424295,1223756
2021-09-07,59869284.31424295,62454626.11217763,59869284.31424295,61890230.71472906,3904013
2021-09-08,61890230.71472906,62994435.0943164,61890230.71472906,62822767.36769175,3392237
2021-09-09,62822767.36769175,63940882.32965714,62822767.36769175,63593199.42788224,4955034
2021-09-10,63593199.42788224,65948262.37278364,63593199.42788224,65511455.163793445,1624712
2021-09-13,65511455.163793445,67028247.57761619,65511455.163793445,66913379.17063204,4725603
2021-09-14,66913379.17063204,67735694.6672602,66913379.17063204,67513898.57636072,4110898
2021-09-15,67513898.57636072,68854582.62504579,67513898.57636072,68607794.81244898,2504776
2021-09-16,68607794.81244898,69855145.8321143,68607794.81244898,69461507.33742139,3518441
2021-09-17,69461507.33742139,71840896.87843134,69461507.33742139,71056530.16455726,2816586
2021-09-20,71056530.16455726,72702549.25932807,71056530.16455726,72555598.77726479,1109500
2021-09-21,72555598.77726479,75522286.28542572,72555598.77726479,74841424.49351777,4315600
2021-09-22,74841424.49351777,77233301.20726737,74841424.49351777,76869376.40993941,1281203
2021-09-23,76869376.40993941,77749145.47228661,76660624.74165419,77204885.1069704,4939650
2021-09-24,77204885.1069704,79195328.16342331,77204885.1069704,79063199.3813161,4427276
2021-09-27,79063199.3813161,81961898.74299362,79063199.3813161,81353606.75716126,2424734
2021-09-28,81353606.75716126,83871313.56173395,81353606.75716126,83351553.11849384,4748550
2021-09-29,83351553.11849384,86230188.77590719,83351553.11849384,85877154.90492022,4807571
2021-09-30,85877154.90492022,87567027.97238436,85877154.90492022,87122736.91770153,1462429
2021-10-01,87122736.91770153,88447223.32853188,87122736.91770153,88036800.94463953,3794672
2021-10-04,88036800.94463953,90870883.05927593,88036800.94463953,90616340.86030082,1949527
2021-10-05,90616340.86030082,91674495.87458001,90616340.86030082,91463182.57904726,1589028
2021-10-06,91463182.57904726,92115048.89513285,90519480.05318852,91317264.47416069,1875040
2021-10-07,91317264.47416069,94374897.9252265,91317264.47416069,94079885.62575977,2801627
2021-10-08,94079885.62575977,96017363.1530597,94079885.62575977,95280170.98848686,3130395
2021-10-11,95280170.98848686,97863753.59341344,95280170.98848686,96894154.00859663,1012239
2021-10-12,96894154.00859663,97688859.83823542,96894154.00859663,97477476.82608582,3614899
2021-10-13,97477476.82608582,98977985.32792641,97291885.7043961,98134935.51616125,2629770
2021-10-14,98134935.51616125,99342193.41406117,98134935.51616125,98962616.5122246,4031604
2021-10-15,98962616.5122246,101085515.36770743,98962616.5122246,100584960.31274784,3092220
2021-10-18,100584960.31274784,104069377.97588983,100584960.31274784,102968822.94291177,3020319
2021-10-19,102968822.94291177,103184983.89167404,102139356.58723478,102662170.2394544,4192000
2021-10-20,102662170.2394544,105828481.53133912,102662170.2394544,105487610.94926536,1234439
2021-10-21,105487610.94926536,107480394.54798128,105220608.54174022,106350501.54486075,2322651
2021-10-22,106350501.54486075,107621686.18449211,106350501.54486075,107343483.673142,3739364
2021-10-25,107343483.673142,110440620.66842748,107343483.673142,110217986.93443063,3598094
2021-10-26,110217986.93443063,113346485.40080956,110217986.93443063,112340086.65513188,1998434
2021-10-27,112340086.65513188,113681038.7212742,112040675.96147183,112860857.34137301,3652817
2021-10-28,112860857.34137301,117573093.85064603,112860857.34137301,117199897.60946947,2515417
2021-10-29,117199897.60946947,120062851.40491587,117199897.60946947,119778166.84555848,3096171
2021-11-01,119778166.84555848,125171945.31835991,119778166.84555848,123864191.98514283,4473943
2021-11-02,123864191.98514283,126402620.94719993,123864191.98514283,125777065.30369252,3453127
2021-11-03,125777065.30369252,130237339.55369149,125777065.30369252,129560552.23041205,3710180
2021-11-04,129560552.23041205,131735570.9873556,129560552.23041205,131190567.11296536,2839681
2021-11-05,131190567.11296536,135508592.34610704,131190567.11296536,135286505.668432,3405985
2021-11-08,135286505.668432,137349079.9868188,135286505.668432,136960020.53765213,3442098
2021-11-09,136960020.53765213,139916264.6990261,136960020.53765213,139203139.2925535,1500112
2021-11-10,139203139.2925535,144870822.66998863,139203139.2925535,144626447.03301668,2842809
2021-11-11,144626447.03301668,149185363.44363853,144626447.03301668,147977400.43042383,2099721
2021-11-12,147977400.43042383,151506892.32032883,147977400.43042383,151099366.91357687,4647726
2021-11-15,151099366.91357687,158163097.15372494,151099366.91357687,157509076.51228207,2190122
2021-11-16,157509076.51228207,161807794.1023348,157509076.51228207,161228427.60271335,1451921
2021-11-17,161228427.60271335,165074692.63667879,161199608.97619656,163137150.80643767,4614853
2021-11-18,163137150.80643767,168428464.0369125,163137150.80643767,167598345.00801045,4455637
2021-11-19,167598345.00801045,169865883.01046953,167598345.00801045,168969834.2479896,4403406
2021-11-22,168969834.2479896,174662687.47969443,168969834.2479896,174255745.51825765,3980395
2021-11-23,174255745.51825765,180741230.53786784,174255745.51825765,179842345.96478182,2848975
2021-11-24,179842345.96478182,182897035.57812193,179842345.96478182,182408769.65596837,1044962
2021-11-25,182408769.65596837,186722979.60868314,182408769.65596837,184911597.01116198,2510209
2021-11-26,184911597.01116198,189476566.86031175,184911597.01116198,188936205.8016911,3875846
2021-11-29,188936205.8016911,193393084.25535625,188936205.8016911,192741674.12442154,2276348
2021-11-30,192741674.12442154,195505046.86393657,192741674.12442154,194712096.12645462,2451108
2021-12-01,194712096.12645462,200674605.92378417,194712096.12645462,199712473.84133312,4719541
2021-12-02,199712473.84133312,200613586.47304803,198644099.2317247,199628842.8523864,3028369
2021-12-03,199628842.8523864,204533579.69107762,199628842.8523864,202757307.3817384,2057030
2021-12-06,202757307.3817384,206698935.3665898,202757307.3817384,205993433.70561743,3070660
2021-12-07,205993433.70561743,210440320.0691744,205993433.70561743,209550393.28701404,4546347
2021-12-08,209550393.28701404,216088878.80829594,209550393.28701404,214385190.05474088,3940782
2021-12-09,214385190.05474088,218106518.84256026,213973872.44352415,216040195.6430422,3131237
2021-12-10,216040195.6430422,222460267.3103911,216040195.6430422,221632428.69311452,2945458
2021-12-13,221632428.69311452,226013804.0630056,221632428.69311452,225665797.54743123,4115872
2021-12-14,225665797.54743123,229188848.67643666,225665797.54743123,228711798.12387377,3543011
2021-12-15,228711798.12387377,231090972.05221933,228711798.12387377,230159941.45691928,4377977
2021-12-16,230159941.45691928,232710039.77856305,230159941.45691928,232040096.6788665,1877015
2021-12-17,232040096.6788665,238593525.45010442,232040096.6788665,237516996.56181842,3395396
2021-12-20,237516996.56181842,241936924.46255803,237516996.56181842,239978031.03668252,1283046
2021-12-21,239978031.03668252,245562685.3203545,239978031.03668252,244931654.42847246,3536116
2021-12-22,244931654.42847246,254529863.5275418,244931654.42847246,252431419.93787935,3672962
2021-12-23,252431419.93787935,261748702.2692863,252431419.93787935,260086762.7534391,1658433
2021-12-24,260086762.7534391,270344276.55664474,260086762.7534391,269346883.94985896,4954144
2021-12-27,269346883.94985896,275037261.664444,269346883.94985896,273935764.7946094,3805579
2021-12-28,273935764.7946094,277000757.44799215,273935764.7946094,276441868.68145317,1310230
2021-12-29,276441868.68145317,287807495.28471756,276441868.68145317,284791865.84636927,4807245
2021-12-30,284791865.84636927,291834559.7039444,284791865.84636927,291369429.7458808,4642839
2021-12-31,291369429.7458808,301478796.2627128,291369429.7458808,300471666.9405541,1085986
2022-01-03,300471666.9405541,309310057.7916548,300471666.9405541,306514320.6403593,2537663
2022-01-04,306514320.6403593,317581788.070443,306514320.6403593,316309433.34231156,3626976
2022-01-05,316309433.34231156,326761667.3412283,316309433.34231156,325312825.2614121,3613052
2022-01-06,325312825.2614121,334759397.4096853,325312825.2614121,334149690.8483115,3010027
2022-01-07,334149690.8483115,343435938.4156288,334149690.8483115,342515204.8047854,2064207
2022-01-10,342515204.8047854,352377574.4856382,342515204.8047854,350727688.4881518,4768388
2022-01-11,350727688.4881518,361507672.26715314,350727688.4881518,358559563.35720706,3765198
2022-01-12,358559563.35720706,368728383.68810225,358559563.35720706,366540763.05040324,1837553
2022-01-13,366540763.05040324,378825218.82917476,366540763.05040324,377501045.1376597,2743585
2022-01-14,377501045.1376597,383979893.67541265,377501045.1376597,383118337.4205067,1097109
2022-01-17,383118337.4205067,400097653.166243,383118337.4205067,397430432.2051743,4179794
2022-01-18,397430432.2051743,406406061.4924202,397430432.2051743,404956800.64207095,1040013
2022-01-19,404956800.64207095,418642686.9270337,404956800.64207095,417046308.86624074,2107922
2022-01-20,417046308.86624074,426232923.9289429,417046308.86624074,425010887.50081515,1899535
2022-01-21,425010887.50081515,436327035.1004756,425010887.50081515,432462747.9144905,2331563
2022-01-24,432462747.9144905,450630603.3349106,432462747.9144905,449900690.24622995,2833409
2022-01-25,449900690.24622995,458614222.8935008,449900690.24622995,457506959.7272929,3501531
2022-01-26,457506959.7272929,463370317.11061484,457506959.7272929,460813743.3417941,1600768
2022-01-27,460813743.3417941,470663037.3334904,460813743.3417941,466739429.48111063,1421506
2022-01-28,466739429.48111063,476601404.5652462,466739429.48111063,474593590.13037413,1122211
2022-01-31,474593590.13037413,495792709.6742855,474593590.13037413,494313864.32099223,4900850
2022-02-01,494313864.32099223,507004378.7584248,494313864.32099223,505222164.845614,1540827
2022-02-02,505222164.845614,522322668.4359558,505222164.845614,520048987.4160943,3429360
2022-02-03,520048987.4160943,531153438.32385683,519328875.1375456,525241156.7307012,4533565
2022-02-04,525241156.7307012,540954449.9754666,525241156.7307012,537598023.7251849,4889384
2022-02-07,537598023.7251849,556935438.3461334,537598023.7251849,551959838.5304105,2685761
2022-02-08,551959838.5304105,576762216.6781515,551959838.5304105,572943292.5353202,1712386
2022-02-09,572943292.5353202,582714958.5393682,572943292.5353202,580412923.5544487,3643575
2022-02-10,580412923.5544487,597766150.2671392,580412923.5544487,595523912.859302,3836237
2022-02-11,595523912.859302,612961322.2599579,595523912.859302,609236350.647792,3202322
2022-02-14,609236350.647792,618208440.676677,609236350.647792,615196420.2442712,1806216
2022-02-15,615196420.2442712,629483649.4795283,615196420.2442712,627380654.584316,4511056
2022-02-16,627380654.584316,639669845.5894675,627380654.584316,638275277.0638875,1332194
2022-02-17,638275277.0638875,642463175.6783231,629933924.3015879,636198549.9899555,2987546
2022-02-18,636198549.9899555,656638098.0241292,636198549.9899555,652731245.278312,2771897
2022-02-21,652731245.278312,671238478.7505602,652731245.278312,669312207.7851043,3178492
2022-02-22,669312207.7851043,682144721.4937912,669312207.7851043,679760607.7803746,2885285
2022-02-23,679760607.7803746,688532207.2658557,679760607.7803746,684256803.1257524,2828134
2022-02-24,684256803.1257524,709820180.2766662,684256803.1257524,708068124.6997788,3232399
2022-02-25,708068124.6997788,733950630.4905024,708068124.6997788,732215526.2919146,2141184
2022-02-28,732215526.2919146,746147551.2870383,732215526.2919146,743045676.4654318,2865893
2022-03-01,743045676.4654318,766239957.1407242,743045676.4654318,763941269.1357456,3581703
2022-03-02,763941269.1357456,779461012.5519369,763941269.1357456,777377857.6829207,1782588
2022-03-03,777377857.6829207,793645516.0993028,777377857.6829207,792439175.5472776,4205378
2022-03-04,792439175.5472776,810612109.5879793,792439175.5472776,807609507.3715918,3728544
2022-03-07,807609507.3715918,827182177.5040764,807609507.3715918,823751045.695121,3594562
2022-03-08,823751045.695121,853685438.0966805,823751045.695121,849402325.4020976,2064325
2022-03-09,849402325.4020976,868896068.6267649,849402325.4020976,867442165.8381846,4828158
2022-03-10,867442165.8381846,891257793.4065741,867442165.8381846,883457466.4755906,2161097
2022-03-11,883457466.4755906,905745212.2925105,883457466.4755906,898683526.985684,4209963
2022-03-14,898683526.985684,922143657.6385366,898683526.985684,919724531.5595762,4125242
2022-03-15,919724531.5595762,937477169.3185158,919724531.5595762,929888701.0874327,4967400
2022-03-16,929888701.0874327,947005875.6693622,929888701.0874327,943812311.1584338,3727155
2022-03-17,943812311.1584338,969994865.4724069,943812311.1584338,962195126.8207669,4650818
2022-03-18,962195126.8207669,982726811.5151572,962195126.8207669,975994464.4719158,3908197
2022-03-21,975994464.4719158,997831159.6462035,975994464.4719158,994358033.066971,2948549
2022-03-22,994358033.066971,1014704240.2048473,994358033.066971,1008171884.9277607,4687301
2022-03-23,1008171884.9277607,1053165810.980243,1008171884.9277607,1048538661.5403088,3377324
2022-03-24,1048538661.5403088,1089720551.262973,1048538661.5403088,1083445150.4721618,4410274
2022-03-25,1083445150.4721618,1117830905.0759668,1083445150.4721618,1109989038.3717713,1194712
2022-03-28,1109989038.3717713,1134198438.9866793,1109989038.3717713,1131593659.465328,1878026
2022-03-29,1131593659.465328,1183283178.9091563,1131593659.465328,1179016081.0147092,2652751
2022-03-30,1179016081.0147092,1213753857.0200799,1179016081.0147092,1206404069.3552961,4904411
2022-03-31,1206404069.3552961,1233365895.670249,1206404069.3552961,1229484443.0014198,2959362
2022-04-01,1229484443.0014198,1264993362.6658044,1229484443.0014198,1257801023.507065,3080002
2022-04-04,1257801023.507065,1288799155.6967657,1257801023.507065,1286805200.7588058,1958701
2022-04-05,1286805200.7588058,1333062147.9235425,1286805200.7588058,1330689346.3682368,3234098
2022-04-06,1330689346.3682368,1362881740.9118185,1330689346.3682368,1357050772.1531465,4943106
2022-04-07,1357050772.1531465,1417644170.264936,1357050772.1531465,1412680691.3310812,2114107
2022-04-08,1412680691.3310812,1438515928.7782528,1412680691.3310812,1428474161.1242235,4508310
2022-04-11,1428474161.1242235,1477197809.5788817,1428474161.1242235,1466957972.3606203,2549938
2022-04-12,1466957972.3606203,1485565043.8952062,1466957972.3606203,1481600754.0385542,3293321
2022-04-13,1481600754.0385542,1549644636.541607,1481600754.0385542,1538154950.5943077,3229224
2022-04-14,1538154950.5943077,1571204012.7086012,1538154950.5943077,1563833440.9429045,4496078
2022-04-15,1563833440.9429045,1600992534.190081,1563833440.9429045,1594200126.4701188,1134402
2022-04-18,1594200126.4701188,1649167456.5867724,1594200126.4701188,1640818314.9286795,1082539
2022-04-19,1640818314.9286795,1704974296.5385802,1640818314.9286795,1694232541.085539,3880790
2022-04-20,1694232541.085539,1718466078.6682847,1694232541.085539,1709279412.7249787,2607999
2022-04-21,1709279412.7249787,1743150852.7843606,1709279412.7249787,1737548176.6000533,2395343
2022-04-22,1737548176.6000533,1755742489.5867796,1737548176.6000533,1748061676.2405522,4608136
2022-04-25,1748061676.2405522,1792222346.444781,1748061676.2405522,1785423088.4960628,3767850
2022-04-26,1785423088.4960628,1824416265.3976989,1785423088.4960628,1819321621.618177,1080530
2022-04-27,1819321621.618177,1854216428.5454745,1819321621.618177,1849359821.9292934,3928132
2022-04-28,1849359821.9292934,1884870215.7692003,1849359821.9292934,1873688865.3696122,3240099
2022-04-29,1873688865.3696122,1907709249.5829444,1873688865.3696122,1903931956.2331455,3474003
2022-05-02,1903931956.2331455,1938704722.2705112,1903931956.2331455,1927799735.9838848,1568821
2022-05-03,1927799735.9838848,2011629806.7385824,1927799735.9838848,1976553055.6975973,1298763
2022-05-04,1976553055.6975973,2054503395.3961596,1976553055.6975973,2046047673.7924225,2760517
2022-05-05,2046047673.7924225,2050876049.7992096,2044054133.3158805,2047465091.557545,3252391
2022-05-06,2047465091.557545,2098031192.7108033,2047465091.557545,2086039998.9795868,3678277
2022-05-09,2086039998.9795868,2130823804.6164684,2086039998.9795868,2119037568.4871328,2417706
2022-05-10,2119037568.4871328,2189944130.0489244,2119037568.4871328,2171851795.2226477,1564044
2022-05-11,2171851795.2226477,2205384247.5250444,2171851795.2226477,2194617862.074584,3858559
2022-05-12,2194617862.074584,2241445320.65627,2194617862.074584,2235296512.4192147,4322729
2022-05-13,2235296512.4192147,2271480895.4995255,2235296512.4192147,2256764474.869274,3844543
2022-05-16,2256764474.869274,2334989134.8798385,2256764474.869274,2317622593.795334,1747832
2022-05-17,2317622593.795334,2379761807.808659,2317622593.795334,2366275856.9250607,3010179
2022-05-18,2366275856.9250607,2419334856.292702,2366275856.9250607,2409780440.403558,4933951
2022-05-19,2409780440.403558,2476549403.418942,2409780440.403558,2466896765.5176554,3925436
2022-05-20,2466896765.5176554,2527664899.3704,2466896765.5176554,2510154212.1585264,2442274
2022-05-23,2510154212.1585264,2539770124.0516286,2502937863.044574,2521353993.548101,1573882
2022-05-24,2521353993.548101,2594797136.5900774,2521353993.548101,2586801545.900696,2741682
2022-05-25,2586801545.900696,2656094714.610434,2586801545.900696,2645994554.044474,4264411
2022-05-26,2645994554.044474,2702181315.1912127,2645994554.044474,2694837507.259593,2099447
2022-05-27,2694837507.259593,2781886291.1860237,2694837507.259593,2775276383.8538485,4876940
2022-05-30,2775276383.8538485,2875864212.7641907,2775276383.8538485,2864598530.7626095,3243487
2022-05-31,2864598530.7626095,2898582290.7586017,2864598530.7626095,2890600989.089041,4602662
2022-06-01,2890600989.089041,2948045632.3973036,2890600989.089041,2925835216.20848,1828707
2022-06-02,2925835216.20848,3034626376.1702113,2925835216.20848,3029622932.7597704,4247690
2022-06-03,3029622932.7597704,3155855591.8598623,3029622932.7597704,3133201252.9471064,1934588
2022-06-06,3133201252.9471064,3193748385.3182926,3133201252.9471064,3172729935.2495136,2620554
2022-06-07,3172729935.2495136,3210059686.541551,3172729935.2495136,3198723792.6786914,1762026
2022-06-08,3198723792.6786914,3252113524.152396,3198723792.6786914,3242304243.496513,4730266
2022-06-09,3242304243.496513,3313530012.2503457,3242304243.496513,3290999878.9706435,3234001
2022-06-10,3290999878.9706435,3332747563.48567,3276628980.3940277,3304688271.939849,3248767
2022-06-13,3304688271.939849,3397742974.5152926,3304688271.939849,3371812017.9249363,1408260
2022-06-14,3371812017.9249363,3407615607.3866153,3371812017.9249363,3396083031.95383,1860901
2022-06-15,3396083031.95383,3430622054.366411,3396083031.95383,3422898855.067321,2758415
2022-06-16,3422898855.067321,3544582907.7843657,3422898855.067321,3522714228.407612,3169915
2022-06-17,3522714228.407612,3587116834.6263375,3522714228.407612,3569101707.1614485,1420865
2022-06-20,3569101707.1614485,3652104194.9617705,3569101707.1614485,3637932862.123702,4403396
2022-06-21,3637932862.123702,3744363680.870665,3637932862.123702,3733577622.423725,3005200
2022-06-22,3733577622.423725,3880279720.6029224,3733577622.423725,3838611526.84796,3712258
2022-06-23,3838611526.84796,3914325775.425619,3838611526.84796,3902446863.873283,1094516
2022-06-24,3902446863.873283,3991070584.8649783,3902446863.873283,3982217462.3129253,4332096
2022-06-27,3982217462.3129253,4041189523.167373,3982217462.3129253,4028992350.114529,1599061
2022-06-28,4028992350.114529,4203203260.814028,4028992350.114529,4179973991.414608,1140355
2022-06-29,4179973991.414608,4308099864.959712,4179973991.414608,4290741204.5826464,3206038
2022-06-30,4290741204.5826464,4355322896.726332,4290741204.5826464,4329218864.851666,4879523
2022-07-01,4329218864.851666,4425651658.944536,4329218864.851666,4415978920.501959,4975349
2022-07-04,4415978920.501959,4567821181.442049,4415978920.501959,4535808791.012677,4690565
2022-07-05,4535808791.012677,4670194118.294571,4535808791.012677,4648270131.599634,2736077
2022-07-06,4648270131.599634,4859464479.189745,4648270131.599634,4826260302.484645,3011287
2022-07-07,4826260302.484645,5023966088.087792,4826260302.484645,4989017201.117318,2651147
2022-07-08,4989017201.117318,5084359529.815092,4989017201.117318,5061891453.191963,4693119
2022-07-11,5061891453.191963,5187588333.508215,5061891453.191963,5158615062.124989,4757271
2022-07-12,5158615062.124989,5213550096.232228,5158615062.124989,5195677576.042052,1727495
2022-07-13,5195677576.042052,5336564474.559315,5195677576.042052,5312551900.257648,3129440
2022-07-14,5312551900.257648,5441150278.007777,5312551900.257648,5426826010.4315195,2460678
2022-07-15,5426826010.4315195,5717161630.059286,5426826010.4315195,5682075841.8163185,4027161
2022-07-18,5682075841.8163185,5827659442.54203,5682075841.8163185,5801261650.076566,1676259
2022-07-19,5801261650.076566,5852704876.448995,5738998794.5111475,5795851835.480071,2735614
2022-07-20,5795851835.480071,5928236045.734209,5795851835.480071,5872815735.213993,3679532
2022-07-21,5872815735.213993,6022309796.76481,5872815735.213993,5996870112.091106,4654404
2022-07-22,5996870112.091106,6065385534.4553385,5996870112.091106,6041485908.648137,4670044
2022-07-25,6041485908.648137,6141907362.761927,6041485908.648137,6109923396.79041,4052218
2022-07-26,6109923396.79041,6225591720.172124,6109923396.79041,6209781796.932245,4725809
2022-07-27,6209781796.932245,6398073822.746824,6209781796.932245,6355203189.527732,1429431
2022-07-28,6355203189.527732,6495907638.257632,6355203189.527732,6471799432.548095,1319901
2022-07-29,6471799432.548095,6567230549.680292,6471799432.548095,6543686078.122432,2634446
2022-08-01,6543686078.122432,6758107615.317555,6543686078.122432,6726103186.966521,4073820
2022-08-02,6726103186.966521,6855035843.866751,6726103186.966521,6824328679.015317,1486500
2022-08-03,6824328679.015317,6977176325.62425,6824328679.015317,6926740775.997815,3235470
2022-08-04,6926740775.997815,7013995212.10912,6925426192.153638,6969710702.131379,4630479
2022-08-05,6969710702.131379,7087531498.527153,6969710702.131379,7054321892.913932,1883652
2022-08-08,7054321892.913932,7264171417.630927,7054321892.913932,7241386397.152531,2567671
2022-08-09,7241386397.152531,7315194124.5071535,7222952804.47821,7269073464.4926815,4579377
2022-08-10,7269073464.4926815,7453872654.709933,7269073464.4926815,7409281265.632216,3916695
2022-08-11,7409281265.632216,7640609633.919769,7409281265.632216,7610645156.633121,3114841
2022-08-12,7610645156.633121,7761401809.229276,7610645156.633121,7734157661.82213,1289461
2022-08-15,7734157661.82213,7957778632.966133,7734157661.82213,7907386591.810114,1168144
2022-08-16,7907386591.810114,7996021867.646586,7907386591.810114,7977225103.732083,2983926
2022-08-17,7977225103.732083,8326139264.270502,7977225103.732083,8241293423.548461,2503518
2022-08-18,8241293423.548461,8554036053.389095,8241293423.548461,8496860080.958626,1253697
2022-08-19,8496860080.958626,8712966094.08162,8496860080.958626,8686807310.167826,3729476
2022-08-22,8686807310.167826,8750997748.450977,8665168526.886612,8708083137.668795,4954139
2022-08-23,8708083137.668795,8846755697.569563,8708083137.668795,8791161530.466806,4403531
2022-08-24,8791161530.466806,9096174422.343885,8791161530.466806,9052848304.923542,2384789
2022-08-25,9052848304.923542,9431492316.778154,9052848304.923542,9388991524.604597,1795997
2022-08-26,9388991524.604597,9635795401.013456,9388991524.604597,9604620553.61755,2403998
2022-08-29,9604620553.61755,9954721794.34317,9604620553.61755,9916513215.397457,3367730
2022-08-30,9916513215.397457,10088827448.079916,9916513215.397457,10054574710.067484,4107979
2022-08-31,10054574710.067484,10258218374.114878,10054574710.067484,10236624131.11612,1346517
2022-09-01,10236624131.11612,10501918449.737902,10236624131.11612,10441474120.311605,3280600
2022-09-02,10441474120.311605,10742744043.38202,10441474120.311605,10694481140.762957,4646928
2022-09-05,10694481140.762957,10787743671.180239,10694481140.762957,10744872510.249908,3068863
2022-09-06,10744872510.249908,11084666939.029388,10744872510.249908,11060843413.431839,1038871
2022-09-07,11060843413.431839,11450251736.592615,11060843413.431839,11428345095.103485,1600719
2022-09-08,11428345095.103485,11607722789.58265,11428345095.103485,11525630579.967373,4883583
2022-09-09,11525630579.967373,11664718559.116491,11525630579.967373,11599931747.953566,3475242
2022-09-12,11599931747.953566,11934672198.282328,11599931747.953566,11872595116.94383,3261242
2022-09-13,11872595116.94383,12129212215.435503,11872595116.94383,12032363215.86802,3298452
2022-09-14,12032363215.86802,12051533052.468105,11923954230.623077,11987743641.545591,4007876
2022-09-15,11987743641.545591,12354905789.769182,11987743641.545591,12324429433.405418,2708769
2022-09-16,12324429433.405418,12618179367.389566,12324429433.405418,12590094146.186813,3676697
2022-09-19,12590094146.186813,12826483039.082726,12590094146.186813,12781885723.341568,2726705
2022-09-20,12781885723.341568,13350787273.490376,12781885723.341568,13307661472.129171,3022831
2022-09-21,13307661472.129171,13676340854.220531,13307661472.129171,13592299609.155678,2222496
2022-09-22,13592299609.155678,13806858558.58881,13592299609.155678,13761737130.196667,2752673
2022-09-23,13761737130.196667,14087255487.038494,13761737130.196667,14050892119.28428,1285505
2022-09-26,14050892119.28428,14223472539.288048,14050892119.28428,14185770950.93742,1831776
2022-09-27,14185770950.93742,14489070358.533762,14185770950.93742,14361432391.672974,1087362
2022-09-28,14361432391.672974,14779537244.854712,14361432391.672974,14704148272.120214,2146195
2022-09-29,14704148272.120214,14996976023.145512,14704148272.120214,14916741111.59974,1971421
2022-09-30,14916741111.59974,15193350707.017946,14916741111.59974,15147805298.73716,1376595
2022-10-03,15147805298.73716,15774240796.78017,15147805298.73716,15703569922.775343,4902722
2022-10-04,15703569922.775343,16178674190.567123,15703569922.775343,16152636868.988811,2072820
2022-10-05,16152636868.988811,16641784259.139671,16152636868.988811,16605367145.780924,3869311
2022-10-06,16605367145.780924,17204721175.78573,16605367145.780924,17025286443.624767,3616599
2022-10-07,17025286443.624767,17605107037.661552,17025286443.624767,17448228875.34531,1385252
2022-10-10,17448228875.34531,18149980093.666836,17448228875.34531,18051341719.777252,3206406
2022-10-11,18051341719.777252,18465711453.540283,18051341719.777252,18408840241.451923,3464843
2022-10-12,18408840241.451923,19204243549.431572,18408840241.451923,19118595677.191338,3269990
2022-10-13,19118595677.191338,19362764735.884342,19118595677.191338,19319072952.571396,3660709
2022-10-14,19319072952.571396,19727918960.380413,19319072952.571396,19656183494.675407,3115558
2022-10-17,19656183494.675407,19808825784.76265,19656183494.675407,19778327734.12595,4473088
2022-10-18,19778327734.12595,20214114338.273186,19778327734.12595,20105901734.312096,4782712
2022-10-19,20105901734.312096,20772005052.224407,20105901734.312096,20612257295.117126,3797836
2022-10-20,20612257295.117126,21464655806.835476,20612257295.117126,21323637183.813946,4400813
2022-10-21,21323637183.813946,21676830562.36774,21323637183.813946,21608664369.90479,2558540
2022-10-24,21608664369.90479,22204536197.270573,21608664369.90479,22041983883.199505,2055955
2022-10-25,22041983883.199505,22470853651.862114,22041983883.199505,22403646462.425102,4563103
2022-10-26,22403646462.425102,22403646462.425102,21830840662.97804,21969163846.190804,3227247
2022-10-27,21969163846.190804,21969163846.190804,21072704077.57719,21149260371.39886,4944885
2022-10-28,21149260371.39886,21149260371.39886,20631277768.112648,20749654222.761505,4875509
2022-10-31,20749654222.761505,20749654222.761505,20306917592.83809,20339008592.47296,2817180
2022-11-01,20339008592.47296,20339008592.47296,19699795804.348095,19798448530.808357,2070375
2022-11-02,19798448530.808357,19798448530.808357,19124548084.24036,19202336337.207462,1839339
2022-11-03,19202336337.207462,19202336337.207462,18474425587.014206,18552470270.30829,3805124
2022-11-04,18552470270.30829,18709717981.5131,18347479042.504105,18528598512.008602,1277270
2022-11-07,18528598512.008602,18528598512.008602,17736009621.03861,17909377925.85157,3590842
2022-11-08,17909377925.85157,17909377925.85157,17786776278.338577,17830165169.86628,2189628
2022-11-09,17830165169.86628,17830165169.86628,17481816513.12568,17580572234.444664,3678010
2022-11-10,17580572234.444664,17580572234.444664,17050542068.629572,17164963820.477922,2198642
2022-11-11,17164963820.477922,17164963820.477922,16580641169.472445,16623052722.468412,3225479
2022-11-14,16623052722.468412,16626122213.960371,16301649609.300398,16463885911.630384,4928791
2022-11-15,16463885911.630384,16535038902.847551,16303713083.349531,16419375993.098541,3962714
2022-11-16,16419375993.098541,16419375993.098541,15855350821.907553,15937627493.68677,1436518
2022-11-17,15937627493.68677,15937627493.68677,15460938943.984022,15571262045.744564,2501537
2022-11-18,15571262045.744564,15571262045.744564,15329272494.172878,15423587896.981026,3143071
2022-11-21,15423587896.981026,15423587896.981026,15098881864.642324,15166905980.71858,4747614
2022-11-22,15166905980.71858,15210847814.275806,15122952303.675179,15166900058.975492,3129571
2022-11-23,15166900058.975492,15166900058.975492,14742714238.590488,14777088818.952868,3268756
2022-11-24,14777088818.952868,14777088818.952868,14487205493.565762,14561681896.091946,2280609
2022-11-25,14561681896.091946,14561681896.091946,14036205345.815956,14088292106.437962,2352454
2022-11-28,14088292106.437962,14162607747.703773,14040995479.369396,14101801613.536585,2807838
2022-11-29,14101801613.536585,14101801613.536585,13690163954.735035,13716774368.814272,3555674
2022-11-30,13716774368.814272,13716774368.814272,13024090737.41529,13139577025.891752,4009201
2022-12-01,13139577025.891752,13139577025.891752,12822198125.836174,12860260624.92965,3741552
2022-12-02,12860260624.92965,12860260624.92965,12443646871.344103,12585124271.164925,1916366
2022-12-05,12585124271.164925,12611714357.554937,12537283324.646185,12574498841.100561,4677263
2022-12-06,12574498841.100561,12574498841.100561,12249793750.393589,12280403991.89635,3729856
2022-12-07,12280403991.89635,12280403991.89635,11998174527.205732,12033243209.198072,3543989
2022-12-08,12033243209.198072,12033243209.198072,11844366019.59908,11863988287.769299,4417923
2022-12-09,11863988287.769299,11872939753.830828,11756867226.309849,11814903490.07034,3089990
2022-12-12,11814903490.07034,11814903490.07034,11485815304.979565,11571134902.348917,4348740
2022-12-13,11571134902.348917,11571134902.348917,11410996688.322397,11459991593.649088,2412229
2022-12-14,11459991593.649088,11459991593.649088,11242351834.272966,11290164212.015886,4829956
2022-12-15,11290164212.015886,11290164212.015886,11000436103.96341,11030915472.026928,2702216
2022-12-16,11030915472.026928,11030915472.026928,10749525876.258442,10818852127.527227,3605272
2022-12-19,10818852127.527227,10818852127.527227,10530787781.013672,10605577269.52942,2146080
2022-12-20,10605577269.52942,10605577269.52942,10176256450.508316,10296316023.589884,3499909
2022-12-21,10296316023.589884,10296316023.589884,10164091735.060143,10215354109.113346,3480813
2022-12-22,10215354109.113346,10215354109.113346,9838646020.785604,9869501011.513433,1478495
2022-12-23,9869501011.513433,9869501011.513433,9758013294.518133,9787699519.94085,4445018
2022-12-26,9787699519.94085,9787699519.94085,9642728159.856276,9685361225.636982,4031607
2022-12-27,9685361225.636982,9685361225.636982,9463662108.879728,9482641844.361433,3371125
2022-12-28,9482641844.361433,9482641844.361433,9188924308.239891,9220404661.48536,3832134
2022-12-29,9220404661.48536,9220404661.48536,8924484116.768305,9015119259.10251,1811989
2022-12-30,9015119259.10251,9015119259.10251,8855441675.40128,8877438073.16554,3843325
2023-01-02,8877438073.16554,8877438073.16554,8746321127.217377,8765853864.504192,1145562
2023-01-03,8765853864.504192,8765853864.504192,8564601728.643832,8615687684.26756,1809682
2023-01-04,8615687684.26756,8615687684.26756,8489733557.766342,8528853298.706236,4512302
2023-01-05,8528853298.706236,8528853298.706236,8277427955.032368,8310733455.847617,4962350
2023-01-06,8310733455.847617,8310733455.847617,8134081533.941049,8164013805.960329,2180912
2023-01-09,8164013805.960329,8164013805.960329,7860242264.303544,7872693561.31654,4033600
2023-01-10,7872693561.31654,7872693561.31654,7741222776.525133,7775357676.892998,3755292
2023-01-11,7775357676.892998,7775357676.892998,7600005584.676455,7631760524.820433,4058212
2023-01-12,7631760524.820433,7631760524.820433,7384836424.902425,7447409688.319056,4781848
2023-01-13,7447409688.319056,7447409688.319056,7363183710.588755,7384966317.178308,2230544
2023-01-16,7384966317.178308,7384966317.178308,7269454296.96124,7288335963.997844,4759707
2023-01-17,7288335963.997844,7288335963.997844,6902860158.102339,6937300970.308889,3159532
2023-01-18,6937300970.308889,6937300970.308889,6787482498.368114,6801321771.871754,3219274
2023-01-19,6801321771.871754,6801321771.871754,6538448573.0492325,6566334472.558913,2884780
2023-01-20,6566334472.558913,6566334472.558913,6473906993.990309,6505048238.149904,4652645
2023-01-23,6505048238.149904,6593352937.728932,6480372644.872085,6536862791.3005085,4771535
2023-01-24,6536862791.3005085,6536862791.3005085,6344201481.007165,6372229711.352122,2610814
2023-01-25,6372229711.352122,6372229711.352122,6210570716.011798,6249537472.039283,1545137
2023-01-26,6249537472.039283,6249537472.039283,6098818891.8205805,6108858285.3296795,4762314
2023-01-27,6108858285.3296795,6108858285.3296795,5976268585.997135,6008111795.494974,1555828
2023-01-30,6008111795.494974,6008111795.494974,5899602675.381447,5926674785.019614,3715205
2023-01-31,5926674785.019614,5926674785.019614,5847358427.471909,5884429087.790457,2528934
2023-02-01,5884429087.790457,5884429087.790457,5646277545.808112,5708636397.808412,1321542
2023-02-02,5708636397.808412,5708636397.808412,5670220702.209882,5684182586.760633,4873898
2023-02-03,5684182586.760633,5684182586.760633,5503813774.937882,5517549986.626927,4248608
2023-02-06,5517549986.626927,5517549986.626927,5412994344.667651,5422487494.389422,2354486
2023-02-07,5422487494.389422,5460777692.912384,5292945142.878811,5376861417.895597,1642624
2023-02-08,5376861417.895597,5376861417.895597,5269839072.144184,5307671897.3355255,3425837
2023-02-09,5307671897.3355255,5307671897.3355255,5143783940.35565,5151701981.010543,4988287
2023-02-10,5151701981.010543,5151701981.010543,4992464870.774164,5012506928.517202,2078650
2023-02-13,5012506928.517202,5012506928.517202,4870320369.954568,4889082421.414781,1197639
2023-02-14,4889082421.414781,4889082421.414781,4760014928.386225,4788799064.657794,1616948
2023-02-15,4788799064.657794,4788799064.657794,4716580844.397534,4747948369.792188,4028068
2023-02-16,4747948369.792188,4747948369.792188,4577051208.808105,4591654862.308689,4709078
2023-02-17,4591654862.308689,4591654862.308689,4488827642.11128,4521251087.391534,1610034
2023-02-20,4521251087.391534,4521251087.391534,4420579734.501123,4458404450.866107,1055388
2023-02-21,4458404450.866107,4458404450.866107,4379468447.188888,4394127131.086148,3160362
2023-02-22,4394127131.086148,4394127131.086148,4303172709.254065,4326734681.620817,3149692
2023-02-23,4326734681.620817,4326734681.620817,4245813017.596785,4277278340.8301325,2488641
2023-02-24,4277278340.8301325,4277278340.8301325,4206685846.7875776,4215837226.6092935,1784455
2023-02-27,4215837226.6092935,4219838111.9777365,4194392288.811014,4207115200.3943753,4501091
2023-02-28,4207115200.3943753,4207115200.3943753,4035146394.722046,4043045922.4105253,4340976
2023-03-01,4043045922.4105253,4043045922.4105253,3999326681.6441336,4014021242.5104117,2095613
2023-03-02,4014021242.5104117,4014021242.5104117,3900579770.72456,3923262986.9321814,1831755
2023-03-03,3923262986.9321814,3923262986.9321814,3816137954.951194,3833784466.509959,3880321
2023-03-06,3833784466.509959,3833784466.509959,3696238916.1802773,3719941128.3915195,2654338
2023-03-07,3719941128.3915195,3719941128.3915195,3562362377.9283667,3576027934.544915,4761135
2023-03-08,3576027934.544915,3576027934.544915,3474518195.5440674,3490850709.424771,4475996
2023-03-09,3490850709.424771,3490850709.424771,3389776633.324295,3397041311.865145,1256647
2023-03-10,3397041311.865145,3397041311.865145,3329153259.677447,3345887779.8626103,2144656
2023-03-13,3345887779.8626103,3345887779.8626103,3219607996.473693,3229709774.095842,3856291
2023-03-14,3229709774.095842,3253677808.6643324,3169027250.1374784,3211352529.4009056,1220641
2023-03-15,3211352529.4009056,3211352529.4009056,3148065759.8915777,3155858233.165249,1335529
2023-03-16,3155858233.165249,3155858233.165249,3073054383.1330748,3084917611.0010314,2033796
2023-03-17,3084917611.0010314,3084917611.0010314,2983039167.690294,3001334132.9454217,4115258
2023-03-20,3001334132.9454217,3001334132.9454217,2904577575.1109543,2917680736.234264,4888624
2023-03-21,2917680736.234264,2917680736.234264,2821799541.8720245,2826354786.004787,4427880
2023-03-22,2826354786.004787,2826354786.004787,2747773684.4029856,2754442124.8831472,1927093
2023-03-23,2754442124.8831472,2754442124.8831472,2690865243.0900745,2699519937.562069,1556953
2023-03-24,2699519937.562069,2699519937.562069,2627954759.3894978,2640741577.13115,1718421
2023-03-27,2640741577.13115,2640741577.13115,2538966482.37454,2550573776.2014856,4536906
2023-03-28,2550573776.2014856,2550573776.2014856,2486035067.7025504,2492782155.2716575,3785752
2023-03-29,2492782155.2716575,2492782155.2716575,2412848353.089274,2420661407.8387666,2752770
2023-03-30,2420661407.8387666,2420661407.8387666,2364532890.6613975,2376118386.033798,3172858
2023-03-31,2376118386.033798,2383722506.27339,2362082202.4373527,2372902354.355371,2233705
2023-04-03,2372902354.355371,2372902354.355371,2307873562.3997498,2340275485.4921327,3890944
2023-04-04,2340275485.4921327,2340275485.4921327,2274571817.9751153,2286142106.613847,4862143
2023-04-05,2286142106.613847,2286142106.613847,2193129446.928128,2203272126.069486,3598268
2023-04-06,2203272126.069486,2203272126.069486,2122883839.679778,2128036457.1942475,2536890
2023-04-07,2128036457.1942475,2128036457.1942475,2045039059.1033568,2049581640.7522407,2135504
2023-04-10,2049581640.7522407,2049581640.7522407,2012976143.3476553,2023469324.2807105,1839000
2023-04-11,2023469324.2807105,2023469324.2807105,1959706485.6773171,1967518994.187482,4055595
2023-04-12,1967518994.187482,1967518994.187482,1925526415.9162123,1929400286.2924125,2318884
2023-04-13,1929400286.2924125,1929400286.2924125,1875819000.3704805,1878811137.147812,2850738
2023-04-14,1878811137.147812,1878811137.147812,1827216034.0362308,1842948325.1902688,4619130
2023-04-17,1842948325.1902688,1842948325.1902688,1824683520.2837777,1831921543.8947656,4813885
2023-04-18,1831921543.8947656,1831921543.8947656,1777890043.0386899,1782735440.9223812,4936413
2023-04-19,1782735440.9223812,1782735440.9223812,1727488745.8145306,1741002400.4337964,1036746
2023-04-20,1741002400.4337964,1741002400.4337964,1687264255.6597695,1692143885.573109,2820378
2023-04-21,1692143885.573109,1692143885.573109,1656914397.7896705,1673100073.616306,2567374
2023-04-24,1673100073.616306,1673100073.616306,1617609836.327872,1622476797.0844297,2975069
2023-04-25,1622476797.0844297,1622476797.0844297,1566852264.1116395,1571644870.8857288,3056533
2023-04-26,1571644870.8857288,1571644870.8857288,1515438302.6898723,1518402839.644427,3392389
2023-04-27,1518402839.644427,1518402839.644427,1458282638.3358045,1466648481.0164342,3377862
2023-04-28,1466648481.0164342,1466648481.0164342,1439343096.8296063,1444221876.0614216,4358440
2023-05-01,1444221876.0614216,1456153985.2132654,1444221876.0614216,1452441304.1046412,3569970
2023-05-02,1452441304.1046412,1452441304.1046412,1401794683.9234426,1408935221.2717783,1036320
2023-05-03,1408935221.2717783,1408935221.2717783,1389644540.800389,1394163181.0974457,2206690
2023-05-04,1394163181.0974457,1394163181.0974457,1367150007.840001,1369780759.395636,4182632
2023-05-05,1369780759.395636,1369780759.395636,1323700817.0768864,1327289851.1310058,4061352
2023-05-08,1327289851.1310058,1327289851.1310058,1293812610.1865554,1297071449.0627522,4890128
2023-05-09,1297071449.0627522,1297071449.0627522,1264484546.470025,1268108924.3812654,3185711
2023-05-10,1268108924.3812654,1268108924.3812654,1229870816.178429,1233987893.5650902,2621472
2023-05-11,1233987893.5650902,1235105397.3496115,1231157784.2258618,1233131590.7877367,4932470
2023-05-12,1233131590.7877367,1233131590.7877367,1178663557.8559575,1184963984.0690362,2751171
2023-05-15,1184963984.0690362,1184963984.0690362,1158160854.6616201,1165779849.0648482,1630215
2023-05-16,1165779849.0648482,1165779849.0648482,1138644515.6152377,1146329097.673496,4830980
2023-05-17,1146329097.673496,1146329097.673496,1114012354.5121732,1116758206.5850577,2610751
2023-05-18,1116758206.5850577,1116758206.5850577,1094343254.4383447,1096092627.971516,2627551
2023-05-19,1096092627.971516,1096092627.971516,1081579016.0565562,1083790138.776673,4045234
2023-05-22,1083790138.776673,1083790138.776673,1062074416.7093256,1063769664.337482,2507030
2023-05-23,1063769664.337482,1063769664.337482,1045268143.3234884,1046933651.2335187,4528075
2023-05-24,1046933651.2335187,1046933651.2335187,1031430271.365752,1033249306.411687,4437155
2023-05-25,1033249306.411687,1033249306.411687,986908035.0459578,991588115.8565772,1735937
2023-05-26,991588115.8565772,991588115.8565772,981258702.2390293,986415775.3390456,2892815
2023-05-29,986415775.3390456,993383123.6909591,984938895.5162071,989161009.6035831,1316384
2023-05-30,989161009.6035831,989161009.6035831,973557795.0086787,979079431.6669936,3587905
2023-05-31,979079431.6669936,979079431.6669936,960527724.3642095,969422424.9587897,2671309
2023-06-01,969422424.9587897,969422424.9587897,931001569.0269127,936382114.4627017,2145519
2023-06-02,936382114.4627017,936382114.4627017,911533405.2912488,916545530.1122375,1098789
2023-06-05,916545530.1122375,916545530.1122375,888907838.989882,890771868.2426814,3720319
2023-06-06,890771868.2426814,890771868.2426814,864095231.7266563,867725869.5947826,1222822
2023-06-07,867725869.5947826,867725869.5947826,856185697.4656607,858762581.6305194,2471571
2023-06-08,858762581.6305194,858762581.6305194,829940974.0384903,834683732.5611807,3077119
2023-06-09,834683732.5611807,834683732.5611807,815427579.1806322,816904123.5839782,4134121
2023-06-12,816904123.5839782,816904123.5839782,776841947.507285,784974766.4974027,2297399
2023-06-13,784974766.4974027,784974766.4974027,765489862.425616,768031619.9304391,2970145
2023-06-14,768031619.9304391,768031619.9304391,750274025.9089075,753362344.7109889,4098867
2023-06-15,753362344.7109889,753362344.7109889,730303872.5106238,732985473.7794417,4677422
2023-06-16,732985473.7794417,732985473.7794417,709481653.2611831,713049098.6363184,4335160
2023-06-19,713049098.6363184,715742166.3963003,708736309.700834,712239238.0485672,3189779
2023-06-20,712239238.0485672,712239238.0485672,683907519.3358124,689378179.8033304,1672485
2023-06-21,689378179.8033304,689378179.8033304,665762632.9168422,668347891.5602136,4429983
2023-06-22,668347891.5602136,668347891.5602136,643257670.524192,649573929.2748297,4119273
2023-06-23,649573929.2748297,651469869.0190965,637269464.0197573,644369666.5194268,2761767
2023-06-26,644369666.5194268,649962177.8118441,640085772.640269,645023975.2260566,3849235
2023-06-27,645023975.2260566,645023975.2260566,633092624.488101,634266109.6052086,3677176
2023-06-28,634266109.6052086,634266109.6052086,614507848.6564081,617031082.3399013,1582236
2023-06-29,617031082.3399013,617031082.3399013,599347050.1103872,602051219.0756422,2068208
2023-06-30,602051219.0756422,602051219.0756422,592920595.879742,596420910.232408,4437961
2023-07-03,596420910.232408,596420910.232408,575058013.7730105,579058692.6915128,3345282
2023-07-04,579058692.6915128,579058692.6915128,574833866.2346416,575890932.5827813,1252400
2023-07-05,575890932.5827813,577489654.9098979,567572463.5840455,572531059.2469717,3652072
2023-07-06,572531059.2469717,572531059.2469717,560193231.134728,561482400.7547914,2522589
2023-07-07,561482400.7547914,561482400.7547914,547842711.5816599,553880658.8033696,1763788
2023-07-10,553880658.8033696,553880658.8033696,544287837.8304031,546955743.4225026,1619155
2023-07-11,546955743.4225026,546955743.4225026,542898738.3311875,544517470.049241,3175204
2023-07-12,544517470.049241,544517470.049241,526609314.596081,527901782.18761015,2249273
2023-07-13,527901782.18761015,527901782.18761015,519511610.0580415,523579346.945215,4686766
2023-07-14,523579346.945215,523579346.945215,509837913.18714905,511143143.68577546,2202619
2023-07-17,511143143.68577546,511143143.68577546,493940405.6900188,496995923.1846191,1807052
2023-07-18,496995923.1846191,496995923.1846191,486825197.9986546,487566282.5215132,1285678
2023-07-19,487566282.5215132,487566282.5215132,474620643.4976214,476769886.40117484,2953012
2023-07-20,476769886.40117484,476769886.40117484,460894043.94624394,462526419.521915,1909204
2023-07-21,462526419.521915,462526419.521915,444147636.24597824,445887815.8942897,4349349
2023-07-24,445887815.8942897,445887815.8942897,429993945.40481186,432769373.21249765,3695974
2023-07-25,432769373.21249765,432769373.21249765,428101205.8968887,430399343.01055485,2704284
2023-07-26,430399343.01055485,430991561.86468387,429484922.93392766,430238242.39930576,4861066
2023-07-27,430238242.39930576,430238242.39930576,422758445.6384325,424430527.1222426,1119636
2023-07-28,424430527.1222426,424430527.1222426,419393148.8055949,420975346.281799,1728024
2023-07-31,420975346.281799,420975346.281799,409312098.5567385,410380099.9895703,3101864
2023-08-01,410380099.9895703,410380099.9895703,399814219.5961317,401855882.8684347,1604189
2023-08-02,401855882.8684347,401855882.8684347,394003559.4549779,394955071.92241037,2848963
2023-08-03,394955071.92241037,394955071.92241037,381267686.3362387,382785362.4262077,1184840
2023-08-04,382785362.4262077,382785362.4262077,369371677.0739887,371340293.81075007,4710763
2023-08-07,371340293.81075007,371340293.81075007,363579269.6967557,364274346.43077147,4164017
2023-08-08,364274346.43077147,364274346.43077147,354696121.8817164,355822074.4658207,3655726
2023-08-09,355822074.4658207,355822074.4658207,343316063.68181866,344921263.180426,4972689
2023-08-10,344921263.180426,344921263.180426,338284617.9224101,339356069.41970396,4105815
2023-08-11,339356069.41970396,339356069.41970396,330473442.72991747,331675493.74561775,2213912
2023-08-14,331675493.74561775,331675493.74561775,326977052.07500964,328429564.6301092,2472094
2023-08-15,328429564.6301092,328429564.6301092,320438357.4183944,321843957.0673637,3452425
2023-08-16,321843957.0673637,321843957.0673637,313413302.19591904,314440559.734657,4585149
2023-08-17,314440559.734657,314440559.734657,306203541.2604291,308553204.8165056,2317139
2023-08-18,308553204.8165056,308553204.8165056,300962666.11068743,301851480.2611078,4313732
2023-08-21,301851480.2611078,301851480.2611078,291468839.8633792,293797943.7721033,4806425
2023-08-22,293797943.7721033,293797943.7721033,286160667.6939627,286741046.1818647,1364099
2023-08-23,286741046.1818647,286741046.1818647,281544984.2263998,283155117.2595084,2242527
2023-08-24,283155117.2595084,283155117.2595084,278590764.5709606,279322660.08187264,3643040
2023-08-25,279322660.08187264,279322660.08187264,275675240.1441145,277328932.61206377,2499189
2023-08-28,277328932.61206377,277328932.61206377,266018968.00467458,267087191.92773804,4618075
2023-08-29,267087191.92773804,267087191.92773804,259857974.72189182,260695553.2331173,2985847
2023-08-30,260695553.2331173,260695553.2331173,253760904.51504555,254400862.6791108,3600767
2023-08-31,254400862.6791108,254400862.6791108,248871108.51023182,249749836.17868516,2081469
2023-09-01,249749836.17868516,249749836.17868516,243018441.1175052,243625577.4442365,4884641
2023-09-04,243625577.4442365,243625577.4442365,237078682.12674853,237502820.8295894,3052416
2023-09-05,237502820.8295894,237502820.8295894,233761263.2180727,234612351.94259584,2043850
2023-09-06,234612351.94259584,234612351.94259584,229596472.30841547,230337920.2119901,4548657
2023-09-07,230337920.2119901,230337920.2119901,222450093.79700926,223044583.1762698,3351136
2023-09-08,223044583.1762698,223044583.1762698,221161107.21477765,221560235.5742258,2727901
2023-09-11,221560235.5742258,221560235.5742258,218659139.04170525,219337437.05349597,3133656
2023-09-12,219337437.05349597,219337437.05349597,211991604.5003951,213691779.93333602,2132096
2023-09-13,213691779.93333602,213691779.93333602,210238007.04495722,211194322.25061613,2181206
2023-09-14,211194322.25061613,211194322.25061613,204462675.65037432,205417812.78354928,1903167
2023-09-15,205417812.78354928,205417812.78354928,203159997.56951267,203621841.58119214,4125249
2023-09-18,203621841.58119214,203621841.58119214,198597478.0537469,199105852.76696163,2443074
2023-09-19,199105852.76696163,199105852.76696163,193045052.37068656,193525229.5138414,2724988
2023-09-20,193525229.5138414,194705303.23098847,192791362.2644725,193748332.7477305,3919842
2023-09-21,193748332.7477305,194770547.78605992,193124309.74515086,193947428.7656054,3598213
2023-09-22,193947428.7656054,194497742.65736094,193463553.6204739,193980648.13891742,1840230
2023-09-25,193980648.13891742,194873272.11474475,191774135.91912404,193323704.0169344,4128730
2023-09-26,193323704.0169344,193323704.0169344,188776661.1302886,189081091.1493233,4917824
2023-09-27,189081091.1493233,190400995.62838534,188149593.71815488,189275294.6732701,3909018
2023-09-28,189275294.6732701,189275294.6732701,185640270.73760405,187206831.44615996,3983830
2023-09-29,187206831.44615996,188219580.83481902,186995382.7110877,187607481.77295336,1401533
2023-10-02,187607481.77295336,189568429.58984265,187607481.77295336,188998708.9232546,2592004
2023-10-03,188998708.9232546,189759154.13601643,188998708.9232546,189399823.52757713,1221041
2023-10-04,189399823.52757713,189462754.8597164,188616797.76658186,189039776.31314912,1471319
2023-10-05,189039776.31314912,189240975.52607432,188609946.96428898,188925461.24518165,4281192
2023-10-06,188925461.24518165,190331020.90961286,187402225.29352716,188866623.10157,1665792
2023-10-09,188866623.10157,188866623.10157,187872351.5068853,188337394.7628233,3601170
2023-10-10,188337394.7628233,188702649.5619456,186860260.64606005,187781455.1040028,2165076
2023-10-11,187781455.1040028,187990612.91662663,185720161.92460102,186855387.42061383,1592523
2023-10-12,186855387.42061383,189324892.5241061,186855387.42061383,188320871.3639918,4029707
2023-10-13,188320871.3639918,189975802.9670893,186838966.015376,188407384.49123266,1520055
2023-10-16,188407384.49123266,190410035.48346162,188407384.49123266,189590752.9468435,4669411
2023-10-17,189590752.9468435,190407228.77928764,188362767.79190445,189384998.28559604,2990148
2023-10-18,189384998.28559604,190475541.55413455,188624074.13685405,189549807.8454943,4892520
2023-10-19,189549807.8454943,190352332.16881672,188518748.41409186,189435540.2914543,1711720
2023-10-20,189435540.2914543,190656184.61154374,189430614.71806565,190043399.6648047,4355927
2023-10-23,190043399.6648047,191739065.81085035,190043399.6648047,191055616.1602622,4722398
2023-10-24,191055616.1602622,193428174.09666982,189331405.72741738,191379789.9120436,4439684
2023-10-25,191379789.9120436,191380968.803327,189916971.05097398,190648969.9271505,1895757
2023-10-26,190648969.9271505,190648969.9271505,189361660.80719766,189814310.7566921,2900077
2023-10-27,189814310.7566921,192228690.2726927,189814310.7566921,191778135.0043118,4774861
2023-10-30,191778135.0043118,192489446.738749,190492245.8124865,191490846.27561775,1246316
2023-10-31,191490846.27561775,192362510.1977987,190031636.9177018,191197073.55775025,3863157
2023-11-01,191197073.55775025,193676987.89037845,191197073.55775025,192924267.45165446,3041832
2023-11-02,192924267.45165446,195447027.44393936,192924267.45165446,194195535.59094948,3223423
2023-11-03,194195535.59094948,196256731.47874734,193351554.7913684,194804143.13505787,3085817
2023-11-06,194804143.13505787,195548043.51533312,193075437.0117036,194311740.26351836,3684565
2023-11-07,194311740.26351836,197702697.30271718,194311740.26351836,197039533.56424236,4119972
2023-11-08,197039533.56424236,198456671.09153113,196411000.33670127,197433835.7141162,3768139
2023-11-09,197433835.7141162,198393093.35064042,197433835.7141162,198003624.23687539,1157205
2023-11-10,198003624.23687539,199164221.2796167,196257335.7948255,197710778.5372211,2141142
2023-11-13,197710778.5372211,197710778.5372211,195128022.824638,195949324.60278216,3322339
2023-11-14,195949324.60278216,195949324.60278216,193242614.12883037,194331568.35012242,2952435
2023-11-15,194331568.35012242,195295470.00879514,194284477.66141197,194789973.83510357,3203168
2023-11-16,194789973.83510357,196334203.19906172,194111048.03158894,195222625.61532533,1265302
2023-11-17,195222625.61532533,195598698.2316983,194216419.91950485,194907559.07560158,3204085
2023-11-20,194907559.07560158,194907559.07560158,193160054.78213352,193509692.3160014,1191833
2023-11-21,193509692.3160014,193509692.3160014,191299436.02266923,191836154.44350436,1406336
2023-11-22,191836154.44350436,193159708.44928324,189825440.11242974,191492574.2808565,4774205
2023-11-23,191492574.2808565,191492574.2808565,188968169.29158598,189860201.26845062,4219863
2023-11-24,189860201.26845062,191520694.65489703,189860201.26845062,190957511.31299657,4402057
2023-11-27,190957511.31299657,193070783.4692836,190957511.31299657,192329525.66567752,1826696
2023-11-28,192329525.66567752,196661632.15460184,192329525.66567752,195618080.5347192,4014531
2023-11-29,195618080.5347192,197490265.98436677,195618080.5347192,196607112.1583519,1021066
2023-11-30,196607112.1583519,196607112.1583519,195100472.42329857,195846123.81292233,1415936
2023-12-01,195846123.81292233,195846123.81292233,194272471.90418047,194775432.67442295,3439952
2023-12-04,194775432.67442295,194775432.67442295,190361559.76052827,190716557.61924088,3495150
2023-12-05,190716557.61924088,190716557.61924088,189694466.8669158,190091999.80517194,1215235
2023-12-06,190091999.80517194,191620361.13105044,188297271.8487115,189958816.48988098,3860761
2023-12-07,189958816.48988098,192433279.9854204,189833131.7689403,191133205.87718034,4546330
2023-12-08,191133205.87718034,192706772.3735827,191058085.50216773,191882428.9378752,2722037
2023-12-11,191882428.9378752,193369569.37128797,191815728.25448957,192592648.81288877,3266434
2023-12-12,192592648.81288877,194486443.07641104,191229875.04895857,192858159.0626848,2511690
2023-12-13,192858159.0626848,194156744.03065798,192858159.0626848,193636271.8223596,4669780
2023-12-14,193636271.8223596,196701733.84466252,193636271.8223596,195315898.18043038,3905137
2023-12-15,195315898.18043038,195579467.57668117,192484853.4055576,194032160.49111938,3673255
2023-12-18,194032160.49111938,194184146.9202151,192795125.04322353,193489635.98171932,1041229
2023-12-19,193489635.98171932,193489635.98171932,191399047.26110846,191878349.05021143,3672714
2023-12-20,191878349.05021143,194145168.4308003,191878349.05021143,193774801.86710545,2882281
2023-12-21,193774801.86710545,196229601.01626295,193774801.86710545,195277613.76444665,3816256
2023-12-22,195277613.76444665,197169617.5768575,195078365.65781933,196123991.61733842,2025974
2023-12-25,196123991.61733842,196123991.61733842,194072821.38462117,194661628.24393475,1534160
2023-12-26,194661628.24393475,195813304.62832123,193868484.51488185,194840894.57160154,2775054
2023-12-27,194840894.57160154,195165057.3323275,193915497.0954851,194540277.2139063,2887993
2023-12-28,194540277.2139063,195051286.48318645,194177355.43388733,194614320.9585369,3210364
2023-12-29,194614320.9585369,195010606.3290371,193735146.1455957,194372876.2373164,1158420
2024-01-01,194372876.2373164,196303525.57211918,193621097.74628767,194962311.6592034,2681894
2024-01-02,194962311.6592034,195933638.2640711,193009755.04543367,194471696.6547524,3636064
2024-01-03,194471696.6547524,197558603.38793114,193341208.5507039,195449905.96931753,4507205
2024-01-04,195449905.96931753,196484376.36364967,194904615.7449311,195694496.05429038,1468072
2024-01-05,195694496.05429038,196052067.42094257,194561913.3000784,195306990.3605105,4527816
2024-01-08,195306990.3605105,196506920.46094596,193773640.8927402,195140280.67684308,2280773
2024-01-09,195140280.67684308,195370291.74946153,193813951.34533337,194592121.54739746,4038153
2024-01-10,194592121.54739746,196809384.89612225,194232687.59873825,195521036.24743024,1359953
2024-01-11,195521036.24743024,196110953.48010197,194214362.53654853,195162658.00832525,4177969
2024-01-12,195162658.00832525,195947104.7413643,195003333.26017478,195475219.00076953,4905663
2024-01-15,195475219.00076953,196119056.2248718,193832917.72276217,194975986.973817,3002550
2024-01-16,194975986.973817,194975986.973817,192512734.78010488,193209616.6011241,3403667
2024-01-17,193209616.6011241,194641666.38864365,193209616.6011241,194266337.36795792,2084255
2024-01-18,194266337.36795792,194266337.36795792,192547115.7099763,193018165.03817648,1618778
2024-01-19,193018165.03817648,195179843.4458596,192449854.0561843,193814848.75102195,4262682
2024-01-22,193814848.75102195,194970430.68345362,193624864.20964152,194297647.44654757,4653835
2024-01-23,194297647.44654757,194297647.44654757,191012528.95750153,192351618.6778021,1466147
2024-01-24,192351618.6778021,192351618.6778021,190497816.2936292,191284824.72506148,4092529
2024-01-25,191284824.72506148,191926163.8439491,189553025.9873729,190739594.915661,3376810
2024-01-26,190739594.915661,190739594.915661,189358011.2250349,189856047.04612258,4097794
2024-01-29,189856047.04612258,189856047.04612258,187916149.50815797,188582891.03201097,3533348
2024-01-30,188582891.03201097,190884625.2168112,188153682.9819512,189519154.0993812,4731120
2024-01-31,189519154.0993812,190635472.22421432,188018388.65777463,189326930.44099447,1436609
2024-02-01,189326930.44099447,190200165.10134372,189326930.44099447,189849026.104105,1088658
2024-02-02,189849026.104105,190009878.94103777,188854442.07486564,189432160.5079517,1817001
2024-02-05,189432160.5079517,190812004.4044107,188910107.9946727,189861056.1995417,1391736
2024-02-06,189861056.1995417,189861056.1995417,188725520.8893531,189078653.84676096,3688847
2024-02-07,189078653.84676096,189662682.7476568,188612322.89977688,189137502.82371685,3179553
2024-02-08,189137502.82371685,190403513.32595888,189137502.82371685,189885550.52023032,4430538
2024-02-09,189885550.52023032,190370670.95337528,189648721.36206788,190009696.15772158,4638193
2024-02-12,190009696.15772158,191435745.62433928,187682003.5016188,189558874.56297904,2563167
2024-02-13,189558874.56297904,189725771.79413456,187078784.18971682,188402277.9919257,4279819
2024-02-14,188402277.9919257,189803777.99404573,187584685.23355556,188694231.61380064,3125028
2024-02-15,188694231.61380064,191102062.98048374,187260710.88775992,189181386.93412182,4394116
2024-02-16,189181386.93412182,189970032.5797335,187979973.4030991,188975002.99141628,3832919
2024-02-19,188975002.99141628,189090203.4484587,187297223.8532246,188193713.65084165,2892775
2024-02-20,188193713.65084165,189621502.7845891,188193713.65084165,188913008.2644613,3327113
2024-02-21,188913008.2644613,192792665.13672417,188913008.2644613,191818239.67063957,1893712
2024-02-22,191818239.67063957,192023625.4937166,190984920.74815357,191504273.12093508,2851330
2024-02-23,191504273.12093508,192941844.66956156,190921384.33922634,191931614.50439397,1154855
2024-02-26,191931614.50439397,194399481.89123526,190396695.4518997,192398088.6715675,3552514
2024-02-27,192398088.6715675,192398088.6715675,188746496.4001249,189457933.88196737,1336332
2024-02-28,189457933.88196737,191462759.76876074,187897400.2689501,189680080.01885542,3839970
2024-02-29,189680080.01885542,189989340.41218373,187916475.31742626,188952907.864805,4649630
2024-03-01,188952907.864805,191419996.91113865,188952907.864805,190614199.22398946,4204083
2024-03-04,190614199.22398946,191381981.80524024,189381898.20751235,190381940.0063763,2557474
2024-03-05,190381940.0063763,190381940.0063763,188820152.07902268,189556633.1454166,3244293
2024-03-06,189556633.1454166,190198601.07255596,188576393.09111714,189387497.08183655,3558055
2024-03-07,189387497.08183655,191140386.11298534,188178652.33080503,189659519.2218952,3643678
2024-03-08,189659519.2218952,192025383.0885332,189659519.2218952,190884416.58033317,2742044
2024-03-11,190884416.58033317,195456685.77842334,190884416.58033317,194272131.18398035,1781190
2024-03-12,194272131.18398035,201151539.95857432,194272131.18398035,199664490.0350491,1675509
2024-03-13,199664490.0350491,208494258.32225358,199664490.0350491,207589517.61787438,1646309
2024-03-14,207589517.61787438,214332901.761995,207589517.61787438,213207958.77600917,1089471
2024-03-15,213207958.77600917,219625652.83759025,213207958.77600917,218051902.58342576,4239042
2024-03-18,218051902.58342576,225433648.15243512,218051902.58342576,224994164.6104533,2692863
2024-03-19,224994164.6104533,232654632.08037436,224994164.6104533,231786982.9186123,1894505
2024-03-20,231786982.9186123,241888934.78922272,231786982.9186123,240279293.37555063,4345169
2024-03-21,240279293.37555063,248595173.08085486,240279293.37555063,247686277.0783787,2747866
2024-03-22,247686277.0783787,252749043.7269815,247686277.0783787,252348070.7032655,4056754
2024-03-25,252348070.7032655,258659106.29241243,252348070.7032655,258047219.681592,4539717
2024-03-26,258047219.681592,264790523.40232152,258047219.681592,263670484.7124916,2326776
2024-03-27,263670484.7124916,271033895.4277066,263670484.7124916,269740546.3091299,1586919
2024-03-28,269740546.3091299,277037653.591949,269740546.3091299,275675704.4352617,1545639
2024-03-29,275675704.4352617,280223811.55397433,275675704.4352617,279032252.4239143,3714833
2024-04-01,279032252.4239143,279379417.76749027,278106731.9717032,278743074.8695967,3439030
2024-04-02,278743074.8695967,285127557.8261289,278743074.8695967,282445678.75102174,1993837
2024-04-03,282445678.75102174,284775361.0822834,279968929.84500146,282372145.4636424,3583910
2024-04-04,282372145.4636424,289093381.5306087,282372145.4636424,288211485.96246886,3503809
2024-04-05,288211485.96246886,294557276.43879175,288211485.96246886,293988790.0734237,4540894
2024-04-08,293988790.0734237,296800626.1538926,293084503.1762835,294942564.665088,4266123
2024-04-09,294942564.665088,304280190.5261511,294942564.665088,302871116.7997256,2271729
2024-04-10,302871116.7997256,312531933.4889712,302871116.7997256,311554001.89796585,4281793
2024-04-11,311554001.89796585,318633540.11310285,311554001.89796585,318083712.02073604,3490112
2024-04-12,318083712.02073604,331157965.62913835,318083712.02073604,329749961.1381832,4110447
2024-04-15,329749961.1381832,343333302.3452429,329749961.1381832,342516776.76421726,4679359
2024-04-16,342516776.76421726,347910216.9517182,342516776.76421726,345236380.53538346,3071604
2024-04-17,345236380.53538346,357011910.70767796,345236380.53538346,355720191.46137404,1460446
2024-04-18,355720191.46137404,367843211.5464817,355720191.46137404,364402780.20881563,3174370
2024-04-19,364402780.20881563,377193563.70745015,364402780.20881563,373215204.7088915,4561638
2024-04-22,373215204.7088915,387071852.731284,373215204.7088915,384167009.0189508,1687711
2024-04-23,384167009.0189508,391597990.79040486,384167009.0189508,389087543.7877689,1970040
2024-04-24,389087543.7877689,395647349.3103224,389087543.7877689,394564447.3130132,1466695
2024-04-25,394564447.3130132,401401383.13799703,394564447.3130132,399193982.0090937,4274269
2024-04-26,399193982.0090937,406841129.9838325,399193982.0090937,404164336.80476934,3991630
2024-04-29,404164336.80476934,414154522.102675,404164336.80476934,411849474.2437446,2608320
2024-04-30,411849474.2437446,416262647.6118124,411849474.2437446,414107133.52484095,1208935
2024-05-01,414107133.52484095,420198551.1046364,414107133.52484095,418058844.53000116,4729225
2024-05-02,418058844.53000116,430225452.99651116,418058844.53000116,428834429.5126829,4730938
2024-05-03,428834429.5126829,438684891.0521232,428834429.5126829,437106805.5480857,2181369
2024-05-06,437106805.5480857,450295526.68640584,437106805.5480857,447522863.1122353,1743178
2024-05-07,447522863.1122353,450724561.8130247,445312333.72367924,448018447.768352,4543018
2024-05-08,448018447.768352,454934087.5376587,448018447.768352,453467009.4878869,3880300
2024-05-09,453467009.4878869,462655931.48604566,453467009.4878869,460017691.1842475,2510984
2024-05-10,460017691.1842475,472629539.015709,460017691.1842475,469367710.9116091,2790603
2024-05-13,469367710.9116091,480050557.0578122,469367710.9116091,476003236.53391117,3653662
2024-05-14,476003236.53391117,493589458.1796425,476003236.53391117,489965433.0905678,3450986
2024-05-15,489965433.0905678,500979557.67664415,489965433.0905678,499479208.92708755,1606644
2024-05-16,499479208.92708755,511253140.19823253,499479208.92708755,509553775.3003877,4026410
2024-05-17,509553775.3003877,520737033.06044567,509553775.3003877,519813835.0779854,1948689
2024-05-20,519813835.0779854,536794799.76009405,519813835.0779854,533890318.0960427,2184442
2024-05-21,533890318.0960427,543686253.1978154,533890318.0960427,542050187.1373175,4352134
2024-05-22,542050187.1373175,562280174.2608278,542050187.1373175,558975128.4772938,4301064
2024-05-23,558975128.4772938,574378797.2734859,558975128.4772938,572726244.2122931,3843364
2024-05-24,572726244.2122931,590767943.5277525,572726244.2122931,585062979.0579319,4021292
2024-05-27,585062979.0579319,598245186.9268665,585062979.0579319,597008423.3764924,1824005
2024-05-28,597008423.3764924,615814828.6829059,597008423.3764924,612054850.3594437,3321258
2024-05-29,612054850.3594437,632230818.721658,612054850.3594437,630510700.5246667,1347238
2024-05-30,630510700.5246667,652085265.6597974,630510700.5246667,649082566.9167461,3296835
2024-05-31,649082566.9167461,666815465.2604407,649082566.9167461,664503861.0154172,4009915
2024-06-03,664503861.0154172,686637636.4936315,664503861.0154172,683619768.2125301,2536271
2024-06-04,683619768.2125301,699555291.6449692,683619768.2125301,698101283.5318213,3479399
2024-06-05,698101283.5318213,724278735.3362919,698101283.5318213,720806959.3599738,4876545
2024-06-06,720806959.3599738,736793461.7596943,720806959.3599738,735031316.9915627,2149608
2024-06-07,735031316.9915627,735795975.4014071,733162064.1805525,734479019.7909797,2550281
2024-06-10,734479019.7909797,763955437.691665,734479019.7909797,758995066.9505054,2828675
2024-06-11,758995066.9505054,781197044.002371,758995066.9505054,774993552.72728,1964121
2024-06-12,774993552.72728,783904462.0659899,774993552.72728,781417641.3351893,3053825
2024-06-13,781417641.3351893,799085537.0649881,781417641.3351893,795497039.1442674,3233124
2024-06-14,795497039.1442674,807930429.566674,795497039.1442674,804376109.9950505,2688764
2024-06-17,804376109.9950505,839241281.9067276,804376109.9950505,837357214.7340862,4684033
2024-06-18,837357214.7340862,864327030.1704491,837357214.7340862,858271759.8440025,4552898
2024-06-19,858271759.8440025,864419924.7337725,858271759.8440025,861973390.0353953,4703782
2024-06-20,861973390.0353953,885442172.1227279,861973390.0353953,883920650.8916104,3240998
2024-06-21,883920650.8916104,902169783.8079696,883920650.8916104,898074519.1054217,3312469
2024-06-24,898074519.1054217,937943948.8237697,898074519.1054217,933250152.2137083,1357910
2024-06-25,933250152.2137083,944594455.9423347,933250152.2137083,942090862.6353203,2568544
2024-06-26,942090862.6353203,942090862.6353203,938163098.3399022,939763620.2565167,2370375
2024-06-27,939763620.2565167,961013481.0864707,939763620.2565167,959177907.2496915,3988518
2024-06-28,959177907.2496915,983063368.143655,959177907.2496915,975023263.9466177,4181919
2024-07-01,975023263.9466177,992583006.1507769,975023263.9466177,990461921.3960049,3236141
2024-07-02,990461921.3960049,997226564.3186845,980899438.2547202,989063001.2867023,1089119
2024-07-03,989063001.2867023,1019619338.356782,989063001.2867023,1013065674.6911622,4291129
2024-07-04,1013065674.6911622,1052074383.8138164,1013065674.6911622,1050279073.496889,3050538
2024-07-05,1050279073.496889,1056527797.4276905,1045940826.5068947,1051234311.9672925,4332956
2024-07-08,1051234311.9672925,1086735148.9868398,1051234311.9672925,1084571303.4787164,2283772
2024-07-09,1084571303.4787164,1105389901.43244,1084571303.4787164,1100094589.72189,3809219
2024-07-10,1100094589.72189,1150889806.894216,1100094589.72189,1147937761.4261265,4025564
2024-07-11,1147937761.4261265,1181932749.4626153,1147937761.4261265,1175901616.2231777,4891299
2024-07-12,1175901616.2231777,1201455847.4328704,1175901616.2231777,1197210783.5490012,4668608
2024-07-15,1197210783.5490012,1236313052.4381268,1197210783.5490012,1234388748.9205794,3594696
2024-07-16,1234388748.9205794,1270342629.1434665,1234388748.9205794,1265569759.9111667,1327046
2024-07-17,1265569759.9111667,1289552101.5152235,1265569759.9111667,1283383211.436569,4899032
2024-07-18,1283383211.436569,1336594927.6649864,1283383211.436569,1318165680.680249,2065669
2024-07-19,1318165680.680249,1341470759.901258,1318165680.680249,1337797176.5983133,3607793
2024-07-22,1337797176.5983133,1346614528.4061027,1323367769.3686178,1334991148.8873603,2618738
2024-07-23,1334991148.8873603,1334991148.8873603,1327287255.428765,1330169099.6389408,1873429
2024-07-24,1330169099.6389408,1339702871.6464853,1326347142.175856,1333025006.9111707,4613933
2024-07-25,1333025006.9111707,1333025006.9111707,1318114666.4618516,1320646280.6963475,3510556
2024-07-26,1320646280.6963475,1320646280.6963475,1301141898.797736,1310263706.9701433,2380204
2024-07-29,1310263706.9701433,1317774287.5728507,1295998437.9036727,1306886362.7382617,4071047
2024-07-30,1306886362.7382617,1306886362.7382617,1300480099.7716994,1303429274.967053,4897963
2024-07-31,1303429274.967053,1307045148.1416688,1302312548.8454614,1304678848.493565,2692628
2024-08-01,1304678848.493565,1326046343.709012,1302211014.056654,1314128678.882833,2352873
2024-08-02,1314128678.882833,1316228412.8554533,1305500495.5393026,1310864454.197378,1671120
2024-08-05,1310864454.197378,1317432023.1747568,1310864454.197378,1315279060.65146,2386398
2024-08-06,1315279060.65146,1325144443.700827,1315279060.65146,1320476620.2327647,2406876
2024-08-07,1320476620.2327647,1320476620.2327647,1306477123.72703,1312234054.1842563,4692734
2024-08-08,1312234054.1842563,1333408023.6751807,1295680058.143648,1314544040.9094143,4126145
2024-08-09,1314544040.9094143,1314544040.9094143,1303552627.7025788,1307574036.9069002,2669076
2024-08-12,1307574036.9069002,1327980728.7248018,1305069787.1918771,1316525257.9583395,1830701
2024-08-13,1316525257.9583395,1327443513.2570474,1313647527.2347138,1320545520.2458806,3747957
2024-08-14,1320545520.2458806,1324940069.428285,1317102570.5289984,1321021319.9786415,1045586
2024-08-15,1321021319.9786415,1321021319.9786415,1306756721.9728787,1310738206.2811956,3483518
2024-08-16,1310738206.2811956,1314573749.6746774,1309809412.1567333,1312191580.9157054,4516111
2024-08-19,1312191580.9157054,1314096989.26646,1299232551.8445027,1306664770.5554814,2771299
2024-08-20,1306664770.5554814,1317635177.1391983,1306664770.5554814,1312822157.7459817,4887047
2024-08-21,1312822157.7459817,1316889895.8023355,1307873566.72798,1312381731.2651577,3861187
2024-08-22,1312381731.2651577,1315564257.287509,1297422549.09022,1306493403.1888645,4475625
2024-08-23,1306493403.1888645,1320634081.8153546,1306493403.1888645,1314374576.8228428,2488737
2024-08-26,1314374576.8228428,1324545893.081914,1314374576.8228428,1320533232.9140844,4204835
2024-08-27,1320533232.9140844,1322619726.3159945,1309735675.1426628,1316177700.7293286,2632542
2024-08-28,1316177700.7293286,1330344884.5538726,1316177700.7293286,1325786700.9726977,3918579
2024-08-29,1325786700.9726977,1327428410.2848108,1319878118.381604,1323653264.3332074,2511165
2024-08-30,1323653264.3332074,1323653264.3332074,1319394547.3957999,1321480885.3170931,3205734
2024-09-02,1321480885.3170931,1325911386.7105808,1319666244.2012787,1322788815.4559298,1145494
2024-09-03,1322788815.4559298,1329832150.072869,1304398909.1750224,1317115529.6239457,3607339
2024-09-04,1317115529.6239457,1319256403.9235568,1308821631.9267437,1314039017.9251504,4648767
2024-09-05,1314039017.9251504,1317672309.621438,1308825540.1706626,1313248924.8960505,3985463
2024-09-06,1313248924.8960505,1331638509.4842906,1313248924.8960505,1325797745.0334148,2126325
2024-09-09,1325797745.0334148,1345074699.5770266,1325797745.0334148,1337967127.1421025,2314398
2024-09-10,1337967127.1421025,1338900516.507268,1332870621.9321442,1335885569.219706,4872878
2024-09-11,1335885569.219706,1351736987.1380389,1335885569.219706,1348831964.5934727,1821035
2024-09-12,1348831964.5934727,1352817009.113167,1343704889.930923,1348260949.522045,3674006
2024-09-13,1348260949.522045,1356224613.956588,1346036198.962983,1351130406.4597855,3775797
2024-09-16,1351130406.4597855,1365650636.7031531,1350402793.5541887,1358026715.128671,3565037
2024-09-17,1358026715.128671,1368190228.675831,1351813325.0411985,1360001776.8585148,3413879
2024-09-18,1360001776.8585148,1382392747.001885,1360001776.8585148,1379265597.3880575,4918691
2024-09-19,1379265597.3880575,1383569202.8373542,1377330925.5009134,1380450064.1691337,4961458
2024-09-20,1380450064.1691337,1384610839.6525772,1354744627.3730934,1369677733.5128353,2554954
2024-09-23,1369677733.5128353,1387929283.6219683,1369677733.5128353,1379768569.527781,2658315
2024-09-24,1379768569.527781,1379768569.527781,1372233809.2434452,1375517828.1272051,1943321
2024-09-25,1375517828.1272051,1379195543.6429498,1365308638.254379,1372252090.9486644,2656293
2024-09-26,1372252090.9486644,1372252090.9486644,1344101809.903309,1346931016.442709,4671776
2024-09-27,1346931016.442709,1360425086.0331087,1346931016.442709,1354837893.3774104,1488311
2024-09-30,1354837893.3774104,1364132197.5783262,1354837893.3774104,1361150274.5475504,1480685
2024-10-01,1361150274.5475504,1373381161.48052,1361036290.6031463,1367208726.0418332,1059675
2024-10-02,1367208726.0418332,1383760859.4389966,1365532351.6190236,1374646605.52901,2262716
2024-10-03,1374646605.52901,1391167705.9669676,1374646605.52901,1387856783.0853808,1557109
2024-10-04,1387856783.0853808,1389647586.175331,1383297467.9971824,1386472527.0862567,3709757
2024-10-07,1386472527.0862567,1395696614.6462507,1386472527.0862567,1393298897.170426,3368062
2024-10-08,1393298897.170426,1393298897.170426,1381653893.5935652,1385970515.6209073,4560747
2024-10-09,1385970515.6209073,1385970515.6209073,1379883265.7635798,1382064900.786753,4855284
2024-10-10,1382064900.786753,1398319219.6121812,1381566006.4079723,1389942613.0100768,2111399
2024-10-11,1389942613.0100768,1398395744.2507758,1385927340.4333553,1392161542.3420656,1453048
2024-10-14,1392161542.3420656,1392161542.3420656,1368469286.0532255,1379936278.9206994,4726666
2024-10-15,1379936278.9206994,1393581413.3861158,1370588918.596121,1382085165.9911184,1640196
2024-10-16,1382085165.9911184,1388793229.9165885,1370571992.220699,1379682611.0686438,1317417
2024-10-17,1379682611.0686438,1379682611.0686438,1364718422.500072,1372067904.5022526,3727554
2024-10-18,1372067904.5022526,1385378636.5722592,1364536799.193011,1374957717.882635,4045402
2024-10-21,1374957717.882635,1376856714.8619034,1364898160.4837162,1370877437.6728098,2208448
2024-10-22,1370877437.6728098,1370877437.6728098,1354974121.5451221,1357298139.1708465,3082855
2024-10-23,1357298139.1708465,1359834407.4693031,1335883804.4646397,1347859105.9669714,1182599
2024-10-24,1347859105.9669714,1369847981.3580904,1347859105.9669714,1361965419.3656404,2236012
2024-10-25,1361965419.3656404,1361965419.3656404,1342538709.624612,1349102369.7309167,4550656
2024-10-28,1349102369.7309167,1388342699.026605,1349102369.7309167,1384707731.696233,4133468
2024-10-29,1384707731.696233,1398374775.7416694,1384707731.696233,1395432685.5232427,1596068
2024-10-30,1395432685.5232427,1425954670.8097315,1395432685.5232427,1418854490.5220904,4721618
2024-10-31,1418854490.5220904,1453853055.378529,1418854490.5220904,1449229990.4167726,2745453
2024-11-01,1449229990.4167726,1494810031.2541838,1449229990.4167726,1489811462.8140597,2246327
2024-11-04,1489811462.8140597,1518577331.6039453,1489811462.8140597,1509998991.6762547,4018224
2024-11-05,1509998991.6762547,1532371026.6311595,1509998991.6762547,1522630518.2215238,2288208
2024-11-06,1522630518.2215238,1579354087.6519985,1522630518.2215238,1568348627.0262415,4120046
2024-11-07,1568348627.0262415,1622741972.3396401,1568348627.0262415,1617048261.600176,1053820
2024-11-08,1617048261.600176,1659969319.0649269,1617048261.600176,1655373478.6664295,4823191
2024-11-11,1655373478.6664295,1688854407.853465,1655373478.6664295,1678403247.1062582,4104949
2024-11-12,1678403247.1062582,1729062415.3205576,1678403247.1062582,1718798412.8809714,3370120
2024-11-13,1718798412.8809714,1758308268.3382838,1718798412.8809714,1755053211.7714334,4900234
2024-11-14,1755053211.7714334,1809064427.9595973,1755053211.7714334,1804855104.9910777,1592065
2024-11-15,1804855104.9910777,1833150078.7910712,1803664977.1260304,1818407527.958551,1278526
2024-11-18,1818407527.958551,1863672065.5849998,1818407527.958551,1856889773.1503603,1321785
2024-11-19,1856889773.1503603,1897835689.0709229,1856889773.1503603,1891073928.2747073,3074108
2024-11-20,1891073928.2747073,1919977998.6961784,1891073928.2747073,1907910467.426194,3572291
2024-11-21,1907910467.426194,1960313094.9080298,1907910467.426194,1950183052.2980008,2534976
2024-11-22,1950183052.2980008,2005489523.3295503,1950183052.2980008,1989867675.0615013,3141371
2024-11-25,1989867675.0615013,2035182690.9765084,1989867675.0615013,2021499434.0940762,4444003
2024-11-26,2021499434.0940762,2086461772.0963206,2021499434.0940762,2069935141.7137518,1996778
2024-11-27,2069935141.7137518,2096339327.2670376,2067592005.9996693,2081965666.6333535,1616586
2024-11-28,2081965666.6333535,2128874765.912706,2081965666.6333535,2122488176.2492228,1659961
2024-11-29,2122488176.2492228,2187717528.9074574,2122488176.2492228,2174094654.4335303,4279697
2024-12-02,2174094654.4335303,2229335516.5423408,2174094654.4335303,2223751364.5933475,2401052
2024-12-03,2223751364.5933475,2299739377.5060897,2223751364.5933475,2292163469.3753667,4708403
2024-12-04,2292163469.3753667,2319117894.161939,2292163469.3753667,2310475275.1114,2151702
2024-12-05,2310475275.1114,2348813639.1194153,2294877513.329072,2321845576.2242436,3411294
2024-12-06,2321845576.2242436,2398307539.138486,2321845576.2242436,2373833271.5418878,2418262
2024-12-09,2373833271.5418878,2447691629.19349,2373833271.5418878,2432114499.105265,2662298
2024-12-10,2432114499.105265,2546381627.694121,2432114499.105265,2532313330.916708,2405550
2024-12-11,2532313330.916708,2604076189.524734,2532313330.916708,2598574157.470126,1898415
2024-12-12,2598574157.470126,2649732885.508482,2598574157.470126,2627835446.0144424,4010098
2024-12-13,2627835446.0144424,2710953037.9514413,2627835446.0144424,2701573290.0138965,2650774
2024-12-16,2701573290.0138965,2744594253.7346625,2701573290.0138965,2732759437.610344,2846390
2024-12-17,2732759437.610344,2753631871.2889476,2732759437.610344,2746810304.330223,3123370
2024-12-18,2746810304.330223,2881522930.0225873,2746810304.330223,2873413562.231142,4391429
2024-12-19,2873413562.231142,2949801549.5840225,2873413562.231142,2940244144.116562,2758139
2024-12-20,2940244144.116562,3039211133.3965425,2940244144.116562,3020070321.0839286,3008167
2024-12-23,3020070321.0839286,3104026253.2567387,3020070321.0839286,3097491341.431723,3150478
2024-12-24,3097491341.431723,3227250283.6244903,3097491341.431723,3215570089.4378757,2161831
2024-12-25,3215570089.4378757,3294585174.7833524,3215570089.4378757,3289017135.39255,1103863
2024-12-26,3289017135.39255,3405117671.103702,3289017135.39255,3394847775.052571,4697071
2024-12-27,3394847775.052571,3445570547.1601295,3394847775.052571,3427870007.6284895,1385527
2024-12-30,3427870007.6284895,3457414665.8658295,3427870007.6284895,3448705938.728157,3605746
2024-12-31,3448705938.728157,3576511180.7351694,3448705938.728157,3566877813.8344717,4301012
2025-01-01,3566877813.8344717,3699954908.007648,3566877813.8344717,3690821814.192273,4372014
2025-01-02,3690821814.192273,3803233757.935979,3690821814.192273,3783488230.2784224,2454096
2025-01-03,3783488230.2784224,3881062551.7752514,3783488230.2784224,3867711194.444888,1931842
2025-01-06,3867711194.444888,3971172644.5193763,3867711194.444888,3951492649.087721,1153591
2025-01-07,3951492649.087721,4034566228.1051793,3951492649.087721,4003329853.8110347,4893088
2025-01-08,4003329853.8110347,4160468639.9864154,4003329853.8110347,4144993201.2794623,4671680
2025-01-09,4144993201.2794623,4271626460.71546,4144993201.2794623,4255203630.2843657,3540211
2025-01-10,4255203630.2843657,4382479470.006697,4255203630.2843657,4361835009.730317,1787347
2025-01-13,4361835009.730317,4487396922.743113,4361835009.730317,4465477673.52195,2499044
2025-01-14,4465477673.52195,4630781262.68633,4465477673.52195,4601581540.068054,4788543
2025-01-15,4601581540.068054,4739546322.385029,4601581540.068054,4716851401.524316,2004346
2025-01-16,4716851401.524316,4867512839.724938,4716851401.524316,4846345942.293163,4565626
2025-01-17,4846345942.293163,4916187925.018563,4846345942.293163,4886622427.116331,1395342
2025-01-20,4886622427.116331,5017067283.440801,4886622427.116331,5009278262.547283,2761293
2025-01-21,5009278262.547283,5236449449.564145,5009278262.547283,5219026837.649788,1131518
2025-01-22,5219026837.649788,5339448493.394023,5219026837.649788,5296345519.599448,2492432
2025-01-23,5296345519.599448,5435079448.611117,5296345519.599448,5395449207.991601,1784006
2025-01-24,5395449207.991601,5600443399.990139,5395449207.991601,5551482561.929549,4922740
2025-01-27,5551482561.929549,5730077455.225891,5551482561.929549,5715656731.4715395,2239402
2025-01-28,5715656731.4715395,5874710394.584723,5715656731.4715395,5865659975.217568,2123332
2025-01-29,5865659975.217568,5900045841.233673,5865659975.217568,5888090243.527291,3122620
2025-01-30,5888090243.527291,6062636285.767402,5888090243.527291,6035394379.752321,2369620
2025-01-31,6035394379.752321,6144252029.7937355,6025073654.612139,6084662842.202937,2591911
2025-02-03,6084662842.202937,6173840118.837407,6084662842.202937,6156175767.864975,2501091
2025-02-04,6156175767.864975,6336254489.949492,6156175767.864975,6313038437.605552,1181661
2025-02-05,6313038437.605552,6475436269.32555,6313038437.605552,6420623715.729607,2496236
2025-02-06,6420623715.729607,6617347459.989293,6420623715.729607,6601019030.807324,1577613
2025-02-07,6601019030.807324,6974953432.565697,6601019030.807324,6940848643.073767,1209897
2025-02-10,6940848643.073767,7151740355.75471,6940848643.073767,7133608506.916556,1073639
2025-02-11,7133608506.916556,7373443386.000591,7133608506.916556,7327846155.4028,3289108
2025-02-12,7327846155.4028,7420776338.164476,7327846155.4028,7408765546.881192,1161701
2025-02-13,7408765546.881192,7566071077.283073,7408765546.881192,7509305142.250044,2323899
2025-02-14,7509305142.250044,7601087155.736259,7509305142.250044,7579617628.35211,2189824
2025-02-17,7579617628.35211,7734899334.125856,7579617628.35211,7690841253.005944,2625305
2025-02-18,7690841253.005944,7792102872.997772,7690841253.005944,7760693160.568052,3554094
2025-02-19,7760693160.568052,7924757450.15781,7760693160.568052,7864710505.744013,2888567
2025-02-20,7864710505.744013,8073222577.203539,7864710505.744013,8005589347.7488575,1613296
2025-02-21,8005589347.7488575,8106360366.735121,8005589347.7488575,8085599299.7131195,4924584
2025-02-24,8085599299.7131195,8173055894.976095,8085599299.7131195,8132568780.449716,4534322
2025-02-25,8132568780.449716,8260753555.608375,8108242841.395031,8184498198.501702,2814982
2025-02-26,8184498198.501702,8399767941.258852,8184498198.501702,8385339327.73822,4949282
2025-02-27,8385339327.73822,8579001363.836364,8385339327.73822,8558056063.684238,2089904
2025-02-28,8558056063.684238,8869356854.028345,8558056063.684238,8817017733.435055,3460186
2025-03-03,8817017733.435055,9134955349.927996,8817017733.435055,9085446479.210958,4916327
2025-03-04,9085446479.210958,9264439218.154783,9085446479.210958,9236206841.853968,1193301
2025-03-05,9236206841.853968,9519615878.93807,9236206841.853968,9482817589.1536,1631429
2025-03-06,9482817589.1536,9576438782.462175,9482817589.1536,9535872005.172245,1726300
2025-03-07,9535872005.172245,9981540968.385004,9535872005.172245,9944295647.615625,4413295
2025-03-10,9944295647.615625,10354207383.862305,9944295647.615625,10262056098.263496,3043964
2025-03-11,10262056098.263496,10491928653.16619,10262056098.263496,10445230372.585947,2766013
2025-03-12,10445230372.585947,10554169439.123642,10445230372.585947,10532636119.45295,4739592
2025-03-13,10532636119.45295,10816378608.872925,10532636119.45295,10783317975.55585,3395294
2025-03-14,10783317975.55585,10831537762.079008,10763118958.148817,10797328360.113913,4927621
2025-03-17,10797328360.113913,11021958852.821878,10797328360.113913,10929131084.371422,4990617
2025-03-18,10929131084.371422,11315383379.221928,10929131084.371422,11229546401.186594,3947239
2025-03-19,11229546401.186594,11563524064.759457,11229546401.186594,11462609909.685118,1128554
2025-03-20,11462609909.685118,11706499726.282122,11462609909.685118,11635584735.988073,4561292
2025-03-21,11635584735.988073,12028249484.427717,11635584735.988073,11978920540.056883,1995750
2025-03-24,11978920540.056883,12156026961.877731,11978920540.056883,12094081807.990932,1388514
2025-03-25,12094081807.990932,12448747847.187637,12094081807.990932,12370395369.536938,1745804
2025-03-26,12370395369.536938,12611219271.538216,12370395369.536938,12556212871.924814,3028911
2025-03-27,12556212871.924814,12811653943.989437,12556212871.924814,12700939490.991642,3440493
2025-03-28,12700939490.991642,13129797786.12281,12700939490.991642,13013813895.886599,2913049
2025-03-31,13013813895.886599,13220471485.043163,13013813895.886599,13144878692.036045,3189922
2025-04-01,13144878692.036045,13703328505.96476,13144878692.036045,13657792706.278988,1866500
2025-04-02,13657792706.278988,13884011603.05023,13657792706.278988,13851089145.731855,1415234
2025-04-03,13851089145.731855,14449361229.90499,13851089145.731855,14403722668.327938,3256311
2025-04-04,14403722668.327938,14579157306.632406,14403722668.327938,14534224603.127867,4033909
2025-04-07,14534224603.127867,14972075767.01924,14534224603.127867,14912979435.31622,3251798
2025-04-08,14912979435.31622,15097693854.86198,14912979435.31622,15032346547.81693,3491371
2025-04-09,15032346547.81693,15228377954.931446,15032346547.81693,15131392077.439875,4886026
2025-04-10,15131392077.439875,15511830355.211441,15131392077.439875,15458185560.617771,2517455
2025-04-11,15458185560.617771,15951351793.849634,15458185560.617771,15872087573.086561,1268046
2025-04-14,15872087573.086561,16094264821.991749,15872087573.086561,15987277192.6747,2086254
2025-04-15,15987277192.6747,16530580595.59391,15987277192.6747,16496335610.531511,2196684
2025-04-16,16496335610.531511,16756783605.120695,16496335610.531511,16694687712.405334,3664934
2025-04-17,16694687712.405334,17104363967.24472,16694687712.405334,17050488684.967604,1684349
2025-04-18,17050488684.967604,17639550430.749992,17050488684.967604,17456252610.176743,3606760
2025-04-21,17456252610.176743,17975250404.441727,17456252610.176743,17909186798.922653,1892401
2025-04-22,17909186798.922653,18068982156.4191,17821811823.173573,17945396989.796337,2942212
2025-04-23,17945396989.796337,18703149790.761272,17945396989.796337,18594762416.881905,2273424
2025-04-24,18594762416.881905,19218031791.626102,18594762416.881905,19071121757.74784,4094186
2025-04-25,19071121757.74784,19544936032.17724,19071121757.74784,19371378741.97363,2475617
2025-04-28,19371378741.97363,19613824387.377743,19371378741.97363,19560413585.402946,2443416
2025-04-29,19560413585.402946,19683060501.296158,19557448417.805183,19620254459.55067,4829801
2025-04-30,19620254459.55067,19783589513.188087,19620254459.55067,19745544849.4733,1292119
2025-05-01,19745544849.4733,20376719373.816578,19745544849.4733,20248056818.249683,2313600
2025-05-02,20248056818.249683,20687991196.60106,20248056818.249683,20583957242.02269,2302583
2025-05-05,20583957242.02269,20915513414.276436,20583957242.02269,20762725627.576138,2935528
2025-05-06,20762725627.576138,21139302365.794537,20762725627.576138,21068574079.000813,1843020
2025-05-07,21068574079.000813,21466219968.76589,21068574079.000813,21366810649.02866,1663523
2025-05-08,21366810649.02866,22149212837.230305,21366810649.02866,22082728303.212914,1062364
2025-05-09,22082728303.212914,22737502060.690575,22082728303.212914,22626381156.748154,1882370
2025-05-12,22626381156.748154,23182121934.83187,22626381156.748154,23088927929.05148,3772043
