Date,Open,High,Low,Close,Volume
2016-01-04,90.29693271996172,90.68202336029677,89.84518840819112,89.94145965576172,10591900
2016-01-05,89.51932868844192,89.97848016858843,89.35640943747255,89.57857513427734,6242600
2016-01-06,90.57089377586401,90.807873805668,90.3857529510156,90.78565216064453,8916900
2016-01-07,90.8523447916068,91.0374856959221,90.19324362424848,90.94861602783203,10202200
2016-01-08,90.66720213691306,91.43738896200209,90.51909167634098,91.35592651367188,9577200
2016-01-11,90.37836376551901,90.93378635086509,90.24506211903393,90.35614776611328,10040300
2016-01-12,90.60057752757679,92.06689641767443,90.45987423992945,91.65958404541016,12897700
2016-01-13,91.48183460236051,92.94074602160853,91.28928645488264,92.56305694580078,15577600
2016-01-14,92.17798476656368,92.54826669740065,91.34114398683765,91.69661712646484,12873800
2016-01-15,92.86667362919492,93.28138742404555,92.62969351070146,93.12586975097656,13976300
2016-01-19,92.66671166577167,93.36284318590991,92.53341000553353,92.83704376220703,8926600
2016-01-20,94.03677707336996,94.73290307943722,93.62205757714537,93.81460571289062,17283300
2016-01-21,94.0071370516171,94.26633315916204,93.06661819703079,93.17770385742188,11001600
2016-01-22,92.50380579974467,92.96295163463107,92.21498078579559,92.8222427368164,10164300
2016-01-25,93.27396644735302,93.51094653088936,93.0518007971913,93.3258056640625,5738200
2016-01-26,93.30360085852041,93.65166663392363,93.12586718705657,93.37025451660156,5692600
2016-01-27,93.12586639474831,93.52577138967827,92.71115261484385,93.34803771972656,7957800
2016-01-28,92.97035543607863,93.61464780496686,92.91110899180231,93.4813461303711,10575400
2016-01-29,94.35519748273094,94.68844879501111,93.99231730263354,94.27373504638672,13170700
2016-02-01,94.0741227309348,94.28187286373618,93.7031387335705,93.9850845336914,9948400
2016-02-02,95.04611236668975,95.74355282824668,94.97191103258193,95.72872161865234,10400000
2016-02-03,95.17967292945433,96.41134276984076,94.91256394384686,94.93482208251953,13309000
2016-02-04,95.13518112605156,95.40970578799411,94.60838428579595,95.3948745727539,9953500
2016-02-05,94.89030673636107,95.71389183993824,94.66771402591458,95.50614166259766,9200800
2016-02-08,96.24809944762593,97.66526118587832,96.21841438461206,97.56138610839844,14452200
2016-02-09,97.969489230779,97.98433176679144,97.16817343071168,97.66529083251953,15232100
2016-02-10,97.71718985522175,98.56303297879366,97.2794314231832,98.52593231201172,12797100
2016-02-11,99.75020616647669,100.35119859430176,98.68918575809596,99.21598815917969,21620200
2016-02-12,98.41463733713688,98.77820574127477,97.14586704639724,97.56879425048828,13888400
2016-02-16,96.99011493206972,97.01237307944315,96.31492093763596,96.53751373291016,11766000
2016-02-17,96.18879780685049,96.32977363611057,95.49877252241873,95.9439468383789,13157300
2016-02-18,96.01816928964995,97.19789676991587,95.98106859145959,97.12369537353516,10196700
2016-02-19,97.15330646160862,97.80624202349586,96.9974881765092,97.20523834228516,8188700
2016-02-22,97.27203794459292,97.27945355102253,96.9752438643606,97.1533203125,5054300
2016-02-23,96.36683544938045,97.74689678303393,96.29263409921788,97.54656219482422,8320700
2016-02-24,98.23660100327407,98.97115371555778,97.16074920397716,97.35366821289062,9091200
2016-02-25,97.55400878160602,98.35533606738711,97.43530243379925,97.70240020751953,6097200
2016-02-26,96.68587707945164,97.05686118999918,96.48554248972574,96.76007843017578,9245000
2016-02-29,96.80459132406979,97.32396679635214,96.76749065000615,97.18299102783203,8016100
2016-03-01,97.24839631417883,97.27069667356326,95.38995741207033,95.47171783447266,13729100
2016-03-02,95.38997031606618,95.87315995877411,95.30819853959119,95.86573028564453,7047700
2016-03-03,95.94749880967169,96.5942319834065,95.72448385020768,96.21510314941406,6394800
2016-03-04,95.70962346329407,95.9921098652218,94.97368309225836,95.5981216430664,8687000
2016-03-07,95.48662572469998,95.65016931924534,95.18927992171675,95.56839752197266,5493300
2016-03-08,96.89904205542095,97.37480212346222,96.60168492351094,96.62398529052734,7175400
2016-03-09,95.95497897672335,96.40843880715227,95.7542642732829,96.03675079345703,7194700
2016-03-10,96.26716364665361,96.51990868988898,95.09262855142462,95.64273071289062,10091600
2016-03-11,95.7616563734899,95.80625709746627,94.56481545556467,94.67632293701172,8927000
2016-03-14,95.01829458079817,95.44201856016825,94.89935740191729,94.97369384765625,5177000
2016-03-15,95.52378410698286,95.64272694959503,94.86218014159668,95.0628890991211,6413200
2016-03-16,94.96622709411898,95.53862944716765,94.68374642513086,95.34534454345703,9728900
2016-03-17,95.53122030674075,96.14822358404822,95.51636095765953,95.73936462402344,7805500
2016-03-18,95.92521567155012,96.27460323205524,95.67247060229569,95.9400863647461,8198600
2016-03-21,95.33794190258395,95.61298730598871,94.9662540199228,95.20413970947266,5514800
2016-03-22,95.76909691081234,95.91034011476873,95.09262227239671,95.18182373046875,4997900
2016-03-23,95.45687276172909,96.50503518154889,95.36765996784251,96.25971984863281,10628200
2016-03-24,97.07001508629835,97.11461582022523,95.89547993982708,96.2968978881836,6343300
2016-03-28,96.17796343648584,96.75779564582659,96.10362132020548,96.42327880859375,5058700
2016-03-29,96.92133405360178,97.44912448477012,96.65371832949788,97.43426513671875,9396700
2016-03-30,96.66114651841336,96.69088790008674,95.88059972318489,96.40840148925781,8478700
2016-03-31,96.62397768790895,97.24098092718326,96.48273447924191,97.0923080444336,7832300
2016-04-01,97.56904275067848,97.68078691132354,96.76453253337641,97.34556579589844,9341400
2016-04-04,97.42755897309915,97.56164976414773,97.0402108356614,97.40521240234375,5145100
2016-04-05,98.33633770261508,98.59706279787676,98.16501023897922,98.47042846679688,6482800
2016-04-06,97.97871827965092,98.08300597740042,97.390240135173,97.75524139404297,6393700
2016-04-07,98.47044986996268,99.06638495543825,98.33635907663542,98.96209716796875,5963300
2016-04-08,98.45546237966232,98.62678973090628,98.06065814572693,98.33627319335938,5584800
2016-04-11,97.82231548897202,98.4629319501693,97.66587822219668,98.20966339111328,4805500
2016-04-12,97.64356639675076,97.99367773913103,97.23386042518732,97.53182220458984,4276000
2016-04-13,97.35304244274377,98.01601701414074,97.22640812759069,97.87448120117188,5207900
2016-04-14,97.51695662263693,97.81491847705307,97.20409326554513,97.40521240234375,6967000
2016-04-15,97.79997779036658,98.44806218216374,97.77018616346757,98.23948669433594,5831100
2016-04-18,97.82979712907783,97.91173832488023,97.33070488792266,97.81489562988281,4486600
2016-04-19,97.64355118562024,97.81487861376125,97.05506141818356,97.50946044921875,5212200
2016-04-20,97.70316032828593,98.06816180047075,96.29526990261245,96.43680572509766,10920700
2016-04-21,95.67698364231687,96.14628421629443,95.56523945652988,95.86321258544922,11154200
2016-04-22,95.9823756971505,96.02706881268851,95.5279767449982,95.61736297607422,5826400
2016-04-25,95.39388446345308,95.73655062112641,95.2225570678711,95.2225570678711,5539500
2016-04-26,95.1704436201444,95.1704436201444,94.69369796570619,94.79053497314453,7840000
2016-04-27,95.28960309597319,95.9600339622673,95.06613182379687,95.73655700683594,8380100
2016-04-28,95.50560620404094,96.19837205393307,95.37896058647355,96.13133239746094,7974600
2016-04-29,95.68439702777542,96.62299786496747,95.49816814630194,96.3771743774414,7416300
2016-05-02,96.03380646175881,96.21293886549485,95.39188877311646,95.40681457519531,11035200
2016-05-03,96.69812099216072,97.04893715453362,96.54884018441378,96.6085433959961,10736700
2016-05-04,96.79517072496918,97.16091847362591,96.42943436571079,97.1385269165039,7211200
2016-05-05,97.07879514774191,97.83268206896959,96.81008512035908,97.78788757324219,7870400
2016-05-06,97.66851487389557,97.67597493193172,97.25051244643787,97.36994171142578,7232500
2016-05-09,97.37734176613631,97.69829486740605,97.27284408323533,97.6759033203125,4950800
2016-05-10,97.66849816040668,97.87002219751128,97.51920591001858,97.68341827392578,4331900
2016-05-11,97.65356784170424,98.5268728479467,97.52667853885532,98.23577117919922,9256000
2016-05-12,97.52664898984541,97.90731678305596,97.47439443952827,97.78788757324219,6087400
2016-05-13,98.13872792521745,98.76572573643892,97.95212400995611,98.7358627319336,8707300
2016-05-16,98.25815655869067,98.27308806085128,97.76551949198196,97.88494873046875,5137000
2016-05-17,97.93720602253251,98.39998009781604,97.93720602253251,98.04916381835938,4449100
2016-05-18,97.63862111181204,97.6684841133545,96.2204360522909,96.65335845947266,12681000
2016-05-19,96.79516858359746,97.28034555243703,96.7727770269708,97.07135009765625,6209400
2016-05-20,96.77277305397469,97.33258472545405,96.698138331416,97.14598083496094,5348900
2016-05-23,97.30275790727875,97.57892809097014,96.97433315402385,97.36247253417969,6979700
2016-05-24,97.011633451759,97.1758457898473,96.46675326959209,96.92952728271484,5968200
2016-05-25,96.90718386194685,97.22067719326967,96.51904438008853,96.56382751464844,6367400
2016-05-26,96.89220090322793,97.36990640053963,96.88474084789715,97.06387329101562,5419300
2016-05-27,97.08629335506488,97.22810276773984,96.81011180756228,96.92208099365234,5267600
2016-05-31,96.30255943471352,97.36246839094991,96.2726964278336,97.15347290039062,8344300
2016-06-01,97.70468953654871,98.18337696923523,97.31575243098821,97.54761505126953,9874900
2016-06-02,97.90662471425784,98.49751145020291,97.88418713317722,98.25068664550781,5835400
2016-06-03,99.37260763310253,99.64934539794922,99.1781448000762,99.64934539794922,11077200
2016-06-06,99.31276999710602,99.39504492869074,98.80416962935162,98.90888214111328,7573700
2016-06-07,99.20809940061476,99.46239969193344,99.13329982655037,99.14826202392578,4680200
2016-06-08,99.38010395058325,99.79895408703457,99.26044063503306,99.67929077148438,5313200
2016-06-09,100.46467553429426,100.62921407718198,100.17296400233822,100.32256317138672,6820300
2016-06-10,100.81614543310543,101.22004470390956,100.41973296426929,100.80867004394531,6984600
2016-06-13,101.04054207169794,101.26492930831431,100.80120405536705,101.25745391845703,7283300
2016-06-14,101.86332316354017,101.88576075290246,101.1378106733262,101.18268585205078,9012500
2016-06-15,101.36218441583847,101.89322251010101,101.20510989850911,101.57160949707031,7953200
2016-06-16,102.27464870217895,102.8879615372043,101.85578727270936,102.06522369384766,10372700
2016-06-17,101.87077684958972,101.92313882215302,101.16770209854582,101.42948913574219,8489900
2016-06-20,100.40480807025565,100.63667073488016,100.23277135995097,100.344970703125,7365900
2016-06-21,100.44215732736414,100.65906912535088,99.82136913733515,99.88119506835938,6005800
2016-06-22,99.85126781080972,100.21776720951154,99.66428041790557,100.04573059082031,5773700
2016-06-23,99.1855916725822,99.71664088216139,98.7891793185489,98.9013671875,9029100
2016-06-24,102.17746346479326,102.17746346479326,101.19765066130778,101.5566635131836,17155000
2016-06-27,103.5461553864606,104.40629295218515,103.51623100812913,104.09215545654297,16577100
2016-06-28,104.29414272486518,104.63819331026512,103.87529257943366,104.3091049194336,14006400
2016-06-29,104.47361633697018,104.8102028570845,103.4115290540338,103.5087661743164,12999800
2016-06-30,103.82292314937051,104.66811018323047,103.28439831168394,103.8902359008789,14698500
2016-07-01,105.51254110133416,105.52004167533626,104.29863722838594,105.33271026611328,15430200
2016-07-05,106.29185427311066,107.08613767938475,106.17944855872302,106.65152740478516,8840800
2016-07-06,106.99621714559758,107.15358058152086,106.37428684452873,106.8238754272461,14352800
2016-07-07,106.47164287209891,107.29590538198127,106.23935382853156,106.81633758544922,9676400
2016-07-08,107.09360970735442,107.61813532260646,106.67398921515277,107.60315704345703,10355300
2016-07-11,107.19103042354351,107.5057458065901,106.58407851096786,106.65900421142578,8099000
2016-07-12,105.22030928163024,105.55001440606512,104.63583617333289,104.90559387207031,15810600
2016-07-13,105.93215751795348,106.23189462136023,105.61744213472747,106.1419677734375,8181700
2016-07-14,104.36605382192641,104.78567426888631,104.22368014875082,104.59834289550781,10817000
2016-07-15,104.07381281593119,104.23866533204719,103.54178670777516,103.69915008544922,9958600
2016-07-18,104.20870890054911,104.35107114952802,103.20460398182135,103.60174560546875,5955900
2016-07-19,104.11127732003155,104.3885240709722,103.70663518394653,104.18620300292969,8073900
2016-07-20,103.57928405429045,103.7890943269668,103.33950578571847,103.61675262451172,6942500
2016-07-21,102.68757523084386,103.87151105133486,102.65011809787111,103.82655334472656,10398400
2016-07-22,103.35444965429083,104.33607555851987,103.30949195851517,104.0063705444336,5811400
2016-07-25,104.11130742071502,104.35108568263199,103.84903887024764,103.93146514892578,4243800
2016-07-26,104.54589043382668,104.54589043382668,103.7516072828281,104.0962905883789,5243400
2016-07-27,104.56840301479956,105.39265441894531,104.45599730027782,105.39265441894531,8508100
2016-07-28,104.75566242366962,105.53495557979836,104.68822590159783,105.19776153564453,7336100
2016-07-29,105.24282508789051,106.16449278475739,105.07048332462742,106.07457733154297,8766700
2016-08-01,104.93203284750236,105.47253358008822,104.80441620990351,104.92453002929688,9809300
2016-08-02,103.46811323594483,104.54159972030014,103.22038294232205,103.84346008300781,10051200
2016-08-03,104.04612175428502,104.18124108353837,103.52814141613345,103.90348815917969,4930600
2016-08-04,104.6917336272814,105.21721685198565,104.54910001171697,104.68421936035156,5646000
2016-08-05,104.38395665421916,104.48153904171836,103.46060665141103,103.5957260131836,7778600
2016-08-08,103.29545966760246,104.00110213710244,103.08526634397658,103.79090881347656,5185200
2016-08-09,104.12872135531224,104.88691781902996,104.06115022117812,104.81184387207031,5503200
2016-08-10,105.02208213368424,105.4800059149343,104.69928922387042,105.21726989746094,5843500
2016-08-11,105.14215515097887,105.15717223191156,104.00109754830127,104.27886199951172,7624600
2016-08-12,105.40489580089412,105.74270564494435,104.99951482429321,105.15716552734375,7989600
2016-08-15,104.60169415672702,104.8194018208294,104.15878746725095,104.16629028320312,5108600
2016-08-16,104.33139525261055,104.45901179241261,103.76837504218501,103.88848876953125,6182700
2016-08-17,104.0686596776804,104.67671967404483,103.97106584207975,104.51156616210938,5002000
2016-08-18,104.49656430649911,104.91695096006227,104.1887771298985,104.6767349243164,3805200
2016-08-19,104.07613096210149,104.38391800062207,103.67076157221666,104.1286849975586,5516300
2016-08-22,104.83436651016478,105.20221053241681,104.62417319878543,105.00703430175781,5549700
2016-08-23,105.29979950252796,105.54001550955606,104.84937873917097,105.11962890625,6841400
2016-08-24,105.17220210640839,105.23976179680895,104.63920448788885,104.87191772460938,6027800
2016-08-25,104.54161975488996,104.9319837579552,104.31642076723593,104.47406005859375,5855500
2016-08-26,104.8944287716978,105.61509977253608,103.76088539457066,103.86598205566406,12962500
2016-08-29,104.6316988122967,105.35987266806247,104.50408224902651,105.25477600097656,7310400
2016-08-30,105.22472731734865,105.29228699657963,104.84938049316405,104.84938049316406,5161800
2016-08-31,104.8419029467988,105.22475267604881,104.60167542318239,104.99954223632812,7349700
2016-09-01,104.25049629360903,105.36355274491149,104.2129024946682,105.11537170410156,9149100
2016-09-02,104.5061689305744,104.5738515157523,103.91203563708513,104.25798797607422,8397000
2016-09-06,104.31814562907093,105.34846314928193,104.16772459575847,105.0175552368164,8542600
2016-09-07,105.56658593090592,105.60419120015018,104.94237518310547,104.94237518310547,5421800
2016-09-08,104.43099097584732,104.73933814961664,103.2276910894646,103.62628173828125,14301500
2016-09-09,102.33274054532949,102.37033433950131,101.83637852667628,101.91910552978516,13347700
2016-09-12,101.76867769984335,102.1522238407368,101.64834544859694,101.97172546386719,9096600
2016-09-13,102.18227936817891,102.28005073589934,100.29461491592885,100.81353759765625,15645400
2016-09-14,100.81360250494218,101.46037428944199,100.81360250494218,100.9640121459961,7037700
2016-09-15,100.48267214950894,100.81358017183389,100.04647625421855,100.52779388427734,9874500
2016-09-16,101.2121704861164,101.38514096070433,100.94142860281826,101.34001922607422,7507900
2016-09-19,101.16700119318004,101.43021501329217,100.96394200728459,101.00906372070312,7105900
2016-09-20,101.64083769088128,101.9642292458741,101.27985234098566,101.36257934570312,6054800
2016-09-21,101.22718211505396,102.19733352204675,100.91130712387945,102.18228912353516,10698100
2016-09-22,102.7839387883171,103.25021186234818,102.65609008980903,102.99451446533203,12426200
2016-09-23,103.0547232655877,103.28785989916047,102.81407016740623,102.89679718017578,5928800
2016-09-26,103.08479796367526,103.65635903469334,103.04719269474266,103.55107116699219,8661300
2016-09-27,104.22794192654807,104.38587949892356,103.74662421978755,104.3106689453125,9450400
2016-09-28,104.16022487200367,104.64905888227979,103.94964916214484,104.08501434326172,7958700
2016-09-29,103.4532306627748,104.58884705822949,103.37050371658611,104.34818267822266,8319800
2016-09-30,104.19778966795718,104.26547223222902,102.93432442399424,103.41564178466797,11747100
2016-10-03,103.72984426959441,103.79766014265324,103.03670603695564,103.07437896728516,7588800
2016-10-04,102.93124549359472,103.09699721710825,101.83126932427709,101.86894226074219,12048700
2016-10-05,101.72575227999046,101.77095518763217,101.04767417687975,101.39424896240234,8917700
2016-10-06,100.93470095160637,101.47715901859362,100.71620482942693,100.8292236328125,7839900
2016-10-07,100.90458657014763,101.17581568042215,100.27172247823002,100.89705657958984,9953200
2016-10-10,100.09089470172178,100.32445082945594,99.83472561359909,100.30184936523438,6089100
2016-10-11,100.09843764878795,100.61829438551322,99.87995296764103,100.07583618164062,9670400
2016-10-12,99.95528617390889,100.21898528239134,99.63132415119394,100.17378234863281,7582400
2016-10-13,100.686100137711,100.904584821789,100.48267543448762,100.55049133300781,7080600
2016-10-14,99.65397432961876,100.16628982419641,99.09644438301315,99.14164733886719,11415100
2016-10-17,99.52582087977815,100.0080045412036,99.51827939533749,99.7744369506836,10595900
2016-10-18,99.34500643369815,100.12102065243246,99.3224049707188,100.09841918945312,7151000
2016-10-19,99.72926023011084,100.40733872649731,99.69159878267409,100.18131256103516,6941300
2016-10-20,100.68604322882562,100.76891906135808,100.12851385577433,100.28673553466797,6082300
2016-10-21,100.59571417023112,100.74639448176882,100.10598878752,100.43749237060547,9222700
2016-10-24,100.51280734885692,100.54293880342533,99.66897717076642,100.00048065185547,6507500
2016-10-25,99.84979608154416,100.62581033510423,99.81966462827491,100.26417541503906,5134700
2016-10-26,99.79709445856997,100.05325212826823,99.44298941674046,99.58612823486328,5842500
2016-10-27,98.74980248313777,98.74980248313777,97.98884834192991,98.50117492675781,10044700
2016-10-28,98.23749665537069,98.64433451785024,98.19229372578043,98.28269958496094,7541000
2016-10-31,98.61416988229911,98.91553030894536,98.4785611391573,98.8853988647461,7047500
2016-11-01,98.25135116219568,99.33833780605217,98.03999392790196,98.8929672241211,12622400
2016-11-02,99.11192300917696,99.72335038007594,98.90811004617385,99.32328033447266,8666200
2016-11-03,98.69670435533986,98.92316181235738,98.46270253972682,98.56083679199219,6085400
2016-11-04,99.0892424255157,99.48175644819672,98.9835638012391,99.44402313232422,7622600
2016-11-07,98.69672894223949,98.88544161708124,98.46272706833292,98.59859466552734,5386700
2016-11-08,98.90055698107403,99.04398047878485,97.91170425657445,98.19853973388672,7576500
2016-11-09,96.03207792413072,96.14530664668789,93.76752650919559,94.03172302246094,31233500
2016-11-10,93.578804627694,94.32610490811096,92.63524163154325,92.64279174804688,22961200
2016-11-11,92.81644769825418,92.88438726058631,91.82759505684739,92.12198638916016,10040200
2016-11-14,91.548255372881,92.58995260819717,91.13309110929902,91.5708999633789,21174400
2016-11-15,92.2578360584421,92.70319512301862,91.92569997024758,92.02383422851562,11963700
2016-11-16,92.31822853051567,92.95230025538197,92.22009426901047,92.85417175292969,9149500
2016-11-17,92.05406081803673,92.17483972096016,91.32940467766132,91.48792266845703,11221600
2016-11-18,91.81249175141322,92.06914399302082,90.8387336235609,91.22370910644531,13577700
2016-11-21,91.49541582882301,91.69922866085807,91.2538639324103,91.45012664794922,6488100
2016-11-22,91.8351148429283,91.91059874132216,91.24632661373063,91.4199447631836,9989900
2016-11-23,90.57453145321298,91.26899845548327,90.01594356271731,91.065185546875,13563500
2016-11-25,91.48038486540472,91.55586880561648,90.88405194733745,91.20108795166016,3126300
2016-11-28,91.6463968288753,91.88794874496449,91.40483915373413,91.87284851074219,8555000
2016-11-29,91.6690225562465,92.39367815538452,91.49540445273131,92.25780487060547,8363000
2016-11-30,90.55942225369024,91.34446752413416,90.18954709325844,90.76322937011719,21163500
2016-12-01,89.6385120133483,90.00157084394309,88.98045994816064,89.80491638183594,21715700
2016-12-02,90.13771597351489,90.9243511046416,90.11502551879171,90.46295928955078,12487500
2016-12-05,89.95616337278781,91.06804153328936,89.59309887867357,90.36460876464844,12100100
2016-12-06,90.2662605681574,90.72009255193828,90.0998620475796,90.29651641845703,11526600
2016-12-07,90.62932252037419,91.23442796837708,90.62932252037419,91.06802368164062,10392200
2016-12-08,90.12257109939506,90.24358875486553,89.84270875437807,89.99398803710938,12041100
2016-12-09,89.73684474279747,89.90324912148111,88.7081683752226,88.87457275390625,14646400
2016-12-12,88.70058810965334,89.10147394148211,88.40560067710899,89.04096221923828,9496300
2016-12-13,89.5552951493174,89.62336650487724,88.82917183643694,89.35863494873047,12189200
2016-12-14,90.06963277000976,90.1679599844574,88.34508918914307,88.36021423339844,16618400
2016-12-15,88.91990210916825,89.47206124821167,88.51902221335533,88.80644989013672,12400500
2016-12-16,88.95775591318333,89.19223161259626,88.34509062338047,88.60225677490234,14924600
2016-12-19,89.23764278159351,89.6914692604853,89.05610757346338,89.5553207397461,10868300
2016-12-20,88.97287557272277,89.17710117077337,88.78378078897249,89.10902404785156,7030600
2016-12-21,89.19223161942881,89.55529616534567,89.04852349915595,89.50234985351562,4624700
2016-12-22,89.12999880939904,89.48642873092359,89.10724894816545,89.34233856201172,5177800
2016-12-23,89.66841449185438,89.78216955985107,89.44848956994696,89.52433013916016,4461600
2016-12-27,89.04655517843298,89.25889487473138,88.9024708335578,89.23614501953125,5276600
2016-12-28,89.38024437306031,90.15376845879639,89.2589040850418,89.88834381103516,7578600
2016-12-29,90.09307600408351,90.44949997088047,89.98690617808927,90.20682525634766,8581400
2016-12-30,90.07795145949302,90.7377263877775,90.03245173541289,90.34337615966797,10613900
2017-01-03,89.79733142860687,90.99553477793381,89.62290623619496,90.73011016845703,13217300
2017-01-04,90.82114002607933,91.18514936479959,90.58604463458904,91.0789794921875,6699600
2017-01-05,91.34439721111944,92.5426065802087,91.13205748208058,92.50469207763672,13265800
2017-01-06,91.86009664914398,92.1710268636397,91.57192208283607,91.65534210205078,8369300
2017-01-09,92.42886757312971,92.51987280960981,92.11035792418635,92.39095306396484,8839100
2017-01-10,92.17861450835201,92.4516244355524,91.97385417003933,92.33028411865234,8417900
2017-01-11,92.47436480828121,93.04313446727427,92.07243517499131,92.64120483398438,9402500
2017-01-12,93.1265724993146,93.38441201741891,92.39096267228423,92.43646240234375,9977600
2017-01-13,92.01173719884149,92.33024672296399,91.4733027787804,91.99656677246094,9820000
2017-01-17,93.1341821188901,93.23277261374315,92.51232720126617,92.95976257324219,7853300
2017-01-18,92.34541479270354,92.48950491955733,91.69323107968204,91.7690658569336,9064700
2017-01-19,91.37472274190603,91.4429780967252,90.66186883826904,91.13963317871094,11795600
2017-01-20,90.88180102180274,91.23823091770754,90.46470676224361,90.9576416015625,16953200
2017-01-23,91.26099340357229,92.42128847603479,91.01831855790834,91.86768341064453,13118400
2017-01-24,91.58708783038132,91.86009775367135,90.85148386655372,91.23824310302734,8395000
2017-01-25,90.45710312315198,90.699777885814,89.91108346070676,90.09309387207031,11115100
2017-01-26,90.17654229560432,90.44196699691594,89.73669234153105,90.3964614868164,7827900
2017-01-27,90.54812237008989,90.87421717540522,90.4343672918034,90.72254180908203,7197800
2017-01-30,90.57845706246427,90.91213129532491,90.3964466236418,90.44953155517578,6569500
2017-01-31,90.49504519282104,91.30648966825575,90.43437504109296,91.0789794921875,13298500
2017-02-01,90.51580810546875,90.84260764877052,90.12061148949638,90.51580810546875,10975500
2017-02-02,91.14661792500166,91.30621690997893,90.43981910677192,90.47782135009766,6978600
2017-02-03,90.77422052340097,91.10102010251438,90.03702106830828,90.4398193359375,10275600
2017-02-06,91.0174230360533,91.29861877337487,90.5310244542949,90.98702239990234,8433800
2017-02-07,91.03265449318921,91.96745555979727,90.79705672283696,91.65585327148438,8418400
2017-02-08,92.27905340978577,92.92505123365758,92.27145759654228,92.90225219726562,15734200
2017-02-09,92.27145866208822,92.40825288201962,91.70145955238418,91.83065795898438,16890600
2017-02-10,91.28342744997438,91.92182345678845,91.28342744997438,91.77742767333984,7978500
2017-02-13,91.38984208965559,91.51144466274451,91.10864048813484,91.48863983154297,11536800
2017-02-14,91.38221875814203,91.42782261137548,90.31062387957556,90.82742309570312,13210500
2017-02-15,90.25744929217709,90.6070480063436,90.17384896940574,90.4094467163086,8481000
2017-02-16,90.60701294404473,91.35940975950093,90.53101426138826,90.90341186523438,10005800
2017-02-17,91.66342395302964,91.73182103811828,91.29862210423745,91.44302368164062,7886400
2017-02-21,90.95661717382588,91.66341598326535,90.89581590459215,91.28341674804688,8703800
2017-02-22,91.80782061303572,91.82301803168741,90.88821733057809,91.43541717529297,8101500
2017-02-23,91.63299333527395,91.76219165261162,91.4505953697192,91.70899200439453,5330800
2017-02-24,92.22581520773335,92.82621470806711,92.15741812712322,92.7274169921875,11336000
2017-02-27,92.57543356255007,92.64383645607911,92.1346387529399,92.18023681640625,11039800
2017-02-28,92.33983400708354,92.78063460628843,92.20303402106579,92.52223205566406,8410500
2017-03-01,90.94902749078933,91.03278877955668,90.57590691010047,90.97187042236328,10717100
2017-03-02,90.62155862879018,90.77384864513655,90.32458903027054,90.64440155029297,8201200
2017-03-03,90.7891290592116,90.88050079345703,90.27133459700659,90.88050079345703,9515200
2017-03-06,90.7053799680496,90.7053799680496,90.24849799736734,90.44647979736328,4489200
2017-03-07,90.2180320694749,90.37032216551712,90.04289323048104,90.1723403930664,7080100
2017-03-08,89.32712467050031,89.8144599910864,89.26621211254852,89.68501281738281,11336300
2017-03-09,89.34996937107287,89.45657942095903,88.91593616105462,88.96923828125,10575400
2017-03-10,89.19764894123442,89.3347123193635,88.84737715479196,89.28141021728516,9218500
2017-03-13,88.96163949879202,89.15961550860372,88.7027393028516,88.71797180175781,6993100
2017-03-14,88.91593768051374,89.35758714653439,88.87025180799282,89.14437866210938,9869200
2017-03-15,89.51750756406818,90.48456795388962,89.41851955489993,90.23328399658203,14600500
2017-03-16,89.84493415215307,89.96677090735767,89.57080726243895,89.77640533447266,8018200
2017-03-17,89.93627744818025,90.42361266430626,89.87535909379099,90.33985137939453,7266800
2017-03-20,90.271326759778,90.78912117702886,90.23325133415153,90.72820281982422,5497800
2017-03-21,90.65207988909808,91.60390766697816,90.62923114245255,91.48207092285156,12540700
2017-03-22,91.92367920589058,92.26633472855099,91.70285456325648,91.8475341796875,11661400
2017-03-23,92.00749141209181,92.1521652991199,91.42116218580593,91.71813201904297,6746500
2017-03-24,91.77905209521558,92.21308538332106,91.68006408547096,92.04556274414062,5819600
2017-03-27,92.7689262025527,92.87553042853563,92.28159093820372,92.46434020996094,6878500
2017-03-28,92.73844318619905,92.76128611311066,91.74854041707971,91.8475341796875,6811200
2017-03-29,92.09123278083581,92.4262721709248,92.04554110212293,92.39581298828125,6291000
2017-03-30,92.19021164685874,92.2054383319266,91.61911510015494,91.64957427978516,7042400
2017-03-31,91.58867057678717,91.99224460485306,91.53536845627838,91.91609954833984,5144800
2017-04-03,91.91226469319786,92.99583424163853,91.87411448472855,92.84321594238281,12996500
2017-04-04,92.61432971077996,92.7822011661531,92.29383408082512,92.3396224975586,6976700
2017-04-05,91.99618213730982,92.72873233982517,91.84356969495761,92.62190246582031,8555200
2017-04-06,92.51509702514788,92.64482403937896,91.96568277271263,92.48457336425781,6497000
2017-04-07,92.97293591547971,93.28579905852095,92.09540544884602,92.11066436767578,10270000
2017-04-10,92.43881208914364,92.80509028245139,92.33198216230271,92.53800964355469,5314500
2017-04-11,92.94239477774721,93.59100636857512,92.88134747414684,93.41549682617188,11297400
2017-04-12,93.48419458901782,94.00308512645292,93.31631738252521,93.92677307128906,11532500
2017-04-13,94.20151687051393,94.42280910876296,93.78946188540986,94.21678161621094,8396700
2017-04-17,94.20911253873501,94.277792224024,93.75126931671403,93.92677307128906,8015000
2017-04-18,94.51438535848973,95.36903068927761,94.27783418322136,95.15536499023438,11529700
2017-04-19,94.6975295865248,94.75094456036177,94.39229866954399,94.63648223876953,7344000
2017-04-20,94.25494551820056,94.56017643670407,93.96497934760978,94.27021026611328,7932900
2017-04-21,94.48387016252708,94.80436000714776,94.23205421812702,94.27021026611328,9798500
2017-04-24,93.51473668608477,93.98021236976375,93.44605698725344,93.80470275878906,8066400
2017-04-25,93.2552689616975,93.44603745376098,92.62191617081658,92.67533111572266,8122300
2017-04-26,92.72875826220819,93.2018662806241,92.66008439048932,93.18660736083984,5766200
2017-04-27,92.90425870883998,93.36210194058253,92.77453752717489,93.15607452392578,4978300
2017-04-28,92.78981596650374,93.43080128322732,92.75166575187816,93.36212158203125,8166300
2017-05-01,93.05243879235263,93.39653701441664,92.30306168200808,92.58599090576172,8795900
2017-05-02,92.50189234689682,93.12127158315548,92.47895323947303,93.06009674072266,6727800
2017-05-03,93.45773267394458,93.58772484600864,92.94540646595959,93.12127685546875,8932900
2017-05-04,92.53243770395899,92.69301721688205,92.27244765878493,92.66242980957031,9707200
2017-05-05,92.81539935066364,92.88422250403111,92.44071366574153,92.74658203125,5605400
2017-05-08,92.60889482682691,92.63183392172277,92.1653862123375,92.24185180664062,8057800
2017-05-09,92.05073603008154,92.24190303899147,91.86721733503518,92.23426055908203,5536700
2017-05-10,92.45598174790537,92.57067724485044,91.88248092737186,92.1271743774414,6517000
2017-05-11,91.76013128536107,92.19599167560845,91.69131398719402,92.1271743774414,7479800
2017-05-12,92.53242646363763,92.89946363889003,92.5094873694282,92.822998046875,7463900
2017-05-15,92.5706787109375,92.68538004365118,92.33363356822743,92.5706787109375,5173200
2017-05-16,92.60893421003144,93.20537426677136,92.60893421003144,92.91480255126953,6722700
2017-05-17,93.77123702101981,94.46708771824615,93.5877183300623,94.26827239990234,11236400
2017-05-18,94.62766226743236,94.77295105010208,94.19945006666309,94.37532043457031,8350500
2017-05-19,94.3294057470515,94.65056477344126,94.06177322506002,94.59703826904297,11277400
2017-05-22,94.36765406183724,94.48234956232179,94.2529527274005,94.33706665039062,4062900
2017-05-23,94.4441212749139,94.52823519933031,93.65651437715324,93.702392578125,7901300
2017-05-24,93.90124162879488,94.25298824204118,93.70242629645412,94.23004913330078,7355200
2017-05-25,94.06944550666469,94.26826080054502,93.87063604673764,94.26061248779297,6464800
2017-05-26,94.47472250416632,94.62000543980913,94.24531979785195,94.42119598388672,2963800
2017-05-30,94.84174844577626,94.925862372395,94.61999407868616,94.88762664794922,4819400
2017-05-31,94.85703938281564,95.31583887889938,94.84174276037332,95.12467193603516,8000200
2017-06-01,94.78980289160782,95.16528814026358,94.75915652294944,95.13463592529297,9037300
2017-06-02,95.95455397904443,96.37600873809981,95.82428646331705,96.26107025146484,13245000
2017-06-05,95.70937236877418,95.90860888574093,95.6174157041018,95.66339111328125,6775500
2017-06-06,96.31472925945369,96.45266131707861,96.09250506404061,96.18445587158203,12841500
2017-06-07,95.96992816551655,96.18448791634617,95.62510082972818,95.72471618652344,12852400
2017-06-08,95.69404888043076,95.69404888043076,95.24960625787524,95.4718246459961,8758600
2017-06-09,95.08101336255893,95.51013275783546,95.00438573430432,95.32622528076172,5130500
2017-06-12,95.18063363142925,95.77833734765525,95.12699370423752,95.29557800292969,4335800
2017-06-13,95.02732937307995,95.41813184985374,95.01200034674928,95.31085205078125,4742600
2017-06-14,96.49094195367633,97.0963099142224,96.34535127194262,96.78213500976562,20212300
2017-06-15,96.62126462014442,96.80517797519877,96.4220339216403,96.6289291381836,5863700
2017-06-16,96.61361562698816,96.88947984089096,96.559975687969,96.82051086425781,6672500
2017-06-19,96.79746232998939,96.92007116859855,96.57523819474368,96.6825180053711,5641300
2017-06-20,97.15766100723926,97.62509717796878,97.15766100723926,97.54846954345703,8405700
2017-06-21,97.40286865956486,97.80900036628896,97.24961339728489,97.74769592285156,5914800
2017-06-22,97.86261918270776,97.98522804313451,97.55610287795314,97.96223449707031,6608100
2017-06-23,97.67871240481776,98.00821641157246,97.62507248959314,97.916259765625,4329900
2017-06-26,98.2917432375569,98.52163192510403,98.20745110854375,98.28407287597656,5541600
2017-06-27,97.64806434337426,97.6940397451476,97.02737303418398,97.23426818847656,8354200
2017-06-28,97.06568504813733,97.09633726511325,96.53695038266231,96.91242980957031,7357900
2017-06-29,95.79366520811564,96.33772899048343,95.7093730598024,96.10018157958984,9115800
2017-06-30,95.93160776686918,96.08486304619805,95.6710667764331,95.87796783447266,10189800
2017-07-03,95.98392616638984,96.01464172577035,95.23140960755201,95.56927490234375,11021100
2017-07-05,95.36960180266043,95.71514736170317,95.30817655832624,95.59228515625,11394500
2017-07-06,94.84746963875962,94.93961631275846,94.39442833965104,94.80139923095703,10853100
2017-07-07,94.32528745435167,94.47118484475354,94.1333196705142,94.23314666748047,9401800
2017-07-10,94.34834083786987,94.52494794137799,94.20244342840373,94.37137603759766,3859200
2017-07-11,94.34067833395812,94.70157882035438,94.22549645513472,94.53264617919922,4425600
2017-07-12,95.13156724082074,95.24674909824003,94.8244175738335,95.18531799316406,7839900
2017-07-13,94.90889217653361,94.94728808516119,94.3022731422555,94.58638763427734,7449300
2017-07-14,95.292803894294,95.33888014475261,94.54029348470604,94.70154571533203,6566800
2017-07-17,94.70157304280364,95.20836507695707,94.65549677904907,94.962646484375,4737300
2017-07-18,95.54624304466344,95.80731652095308,95.39267110077473,95.79196166992188,9163000
2017-07-19,95.81498444637586,95.99159743149205,95.66908701773177,95.8303451538086,5140900
2017-07-20,96.3601970475838,96.54449043357062,95.9609064280688,96.10680389404297,12239100
2017-07-21,96.5444331974887,96.77479100581296,96.42157101300265,96.51371765136719,6201500
2017-07-24,96.32945715363641,96.49071529024515,96.10677962066765,96.13748931884766,5378500
2017-07-25,95.3235277073921,95.36192360970502,94.80905542339525,94.8858413696289,9743300
2017-07-26,94.65550065754127,95.28515494298237,94.50960908178843,95.03943634033203,8459500
2017-07-27,94.53259562424127,94.73991820853466,94.30991233984282,94.57099151611328,6390800
2017-07-28,94.65548662359477,95.2083548621863,94.64781212912018,95.1315689086914,5491800
2017-07-31,94.801375556352,95.25442260071547,94.7553051600545,95.24674224853516,5464600
2017-08-01,94.79195367937832,95.96934914176916,94.77656546003591,95.91548156738281,9676800
2017-08-02,96.01553851917299,96.32335580657443,95.94628271184905,95.96936798095703,5745600
2017-08-03,96.41570139115645,96.9774625019308,96.39261612237482,96.96207427978516,10324500
2017-08-04,96.30794875534424,96.3310340199389,95.7615759658114,96.1386489868164,8485500
2017-08-07,96.06940208481447,96.2694841939234,95.89241111497388,96.24639892578125,4684600
2017-08-08,96.09249340044158,96.17714329786894,95.5384234795084,95.90010833740234,6197400
2017-08-09,96.90818614571005,96.92357436459254,96.34641928293489,96.42337799072266,9221800
2017-08-10,96.66961776105369,97.30064033174054,96.59265906347962,97.24677276611328,10378200
2017-08-11,96.78506939448711,97.31605401686407,96.61577548044201,97.29296875,5717800
2017-08-14,96.95442662643003,97.17759412355545,96.75435028097635,96.7928237915039,5111000
2017-08-15,95.98476745601614,96.60809324138533,95.96937336166344,96.38492584228516,7473200
2017-08-16,96.06172868676892,96.97747776225835,96.04633459107453,96.73892211914062,5283800
2017-08-17,96.73117560414853,97.48532738707364,96.58496699658468,97.46224212646484,9364700
2017-08-18,97.71621339776594,97.84703381763312,97.16214353582782,97.43917846679688,8382500
2017-08-21,97.55459750942616,97.74698253761248,97.34682426227998,97.67772674560547,7669800
2017-08-22,97.56997410845642,97.58536232465767,97.16981003373492,97.3006362915039,6140700
2017-08-23,97.76239652374692,97.97016981317793,97.54692618770696,97.96247863769531,7446400
2017-08-24,97.63925778881692,97.97016030737917,97.51613441065172,97.60078430175781,5569400
2017-08-25,97.7469722509088,98.07787469941074,97.63154594304434,97.97783660888672,7303300
2017-08-28,97.66999961086127,98.0316842918055,97.52379102684799,97.91625213623047,4448500
2017-08-29,98.85512774642396,98.90129827428692,97.97014957413307,98.23179626464844,7659400
2017-08-30,98.0855642287807,98.30103448178535,97.99321731843982,98.20099639892578,4735200
2017-08-31,98.22411606888114,98.5242362937229,98.17024848675895,98.49345397949219,7978400
2017-09-01,98.17194816713723,98.19508098201969,97.493360103305,97.74011993408203,14128600
2017-09-05,98.46489613231856,99.32084485747603,98.46489613231856,99.28999328613281,15215700
2017-09-06,99.25915243007448,99.47506636148294,98.5034477869315,98.6808090209961,9066400
2017-09-07,98.958481208476,99.91468052697385,98.958481208476,99.69104766845703,13618900
2017-09-08,99.55992185359084,99.59848044627859,99.14351964528247,99.47509765625,9808500
2017-09-11,98.6036928636256,98.74249551026419,98.13330644352881,98.28752899169922,17856700
2017-09-12,97.97142155183718,98.00226137081275,97.57043330656124,97.77092742919922,7557400
2017-09-13,97.86348325656219,97.87119027117232,97.37767070812964,97.38538360595703,6740000
2017-09-14,97.44701746639065,97.80173407511798,97.4161717765169,97.78630828857422,6674500
2017-09-15,97.93284713534459,97.94056003045078,97.57813044225752,97.82489013671875,9769200
2017-09-18,97.54729647048704,97.60127497628832,97.03835123017565,97.26197814941406,6863000
2017-09-19,97.37758944703143,97.40072223799216,96.95347455192248,97.02287292480469,5554900
2017-09-20,97.13856600803186,97.2002573874981,96.64504673872945,97.09230041503906,8037000
2017-09-21,97.28510328047011,97.5935484802282,97.02291780081765,97.03833770751953,6147800
2017-09-22,97.5472423969938,97.72460360814733,97.2079457582023,97.31590270996094,5660700
2017-09-25,97.40847297915184,98.14103909921745,97.31593589613965,97.92512512207031,9679000
2017-09-26,97.75544107818564,97.84797812743516,97.49326159679742,97.74773406982422,7251900
2017-09-27,96.2903815442215,96.62196553187894,96.08988739551268,96.27495574951172,12145700
2017-09-28,95.78139418056719,96.1206909166704,95.59632590779013,95.9896011352539,8883700
2017-09-29,96.20555114746094,96.41375229694316,95.82769568314589,96.20555114746094,11285500
2017-10-02,96.43885731709851,96.58566942105737,95.99842690034335,96.02933502197266,7860700
2017-10-03,95.75116350600031,96.2070509105796,95.75116350600031,96.12205505371094,6219800
2017-10-04,96.22251736953449,96.26887660972164,95.72027065205917,96.12979888916016,7447000
2017-10-05,96.02162908577492,96.04481460378727,95.57347595462394,95.76664733886719,8180300
2017-10-06,95.26439083178387,95.89026416637435,95.06349096205372,95.4961929321289,10375000
2017-10-09,95.64302099107358,95.8593720121583,95.53484548053123,95.79756164550781,3590900
2017-10-10,95.92118690129374,96.48524996544128,95.8284625099601,95.95209503173828,6666800
2017-10-11,96.25343146860382,96.32297622832291,96.0139008526077,96.13752746582031,4385900
2017-10-12,96.23795817851031,96.57021309920314,95.99842172258313,96.54702758789062,7141600
2017-10-13,97.03386252080632,97.31202981832918,96.71705858385727,97.24248504638672,7746900
2017-10-16,96.99521521719176,97.28111099019159,96.87931120677978,97.17293548583984,5737300
2017-10-17,96.88704739738849,97.42792496204669,96.88704739738849,97.29656982421875,4969600
2017-10-18,96.62435593624753,96.72480296206481,96.33846008490289,96.65525817871094,5943800
2017-10-19,97.15749616849452,97.36612460425704,96.79433295412,96.82524108886719,8966500
2017-10-20,95.81301276338964,96.02936378447436,95.53484548053123,95.79756164550781,12326900
2017-10-23,95.93658130535331,96.19156289865305,95.82839997183557,95.96748352050781,6871100
2017-10-24,95.32621460783513,95.57347373812723,95.1562228504238,95.37257385253906,6842800
2017-10-25,94.67709550440459,95.02480730395395,94.59209967974489,94.9166259765625,9961400
2017-10-26,95.08665075987314,95.08665075987314,94.59986114501953,94.59986114501953,8179400
2017-10-27,94.99395168484888,95.29529854056446,94.8471395620205,95.22575378417969,10480900
2017-10-30,95.70482547689248,96.16843559290407,95.47301747132545,96.13752746582031,9051600
2017-10-31,96.22251425718144,96.32296713450059,96.12206727498422,96.16842651367188,4424300
2017-11-01,96.28691164865569,96.89862656051046,96.2481991044257,96.59664154052734,8940400
2017-11-02,96.79016979634206,97.19281430334946,96.72822266984764,97.02246856689453,7222700
2017-11-03,97.15411048848158,97.3322011086124,96.89858299949006,97.2857437133789,10984100
2017-11-06,97.5103182273614,97.73487219774788,97.34771140210324,97.64969635009766,6246700
2017-11-07,97.74261271559551,98.16848602727876,97.66517583383069,98.0600814819336,6422700
2017-11-08,98.02134470585098,98.18395740105616,97.727104696039,97.84325408935547,3356200
2017-11-09,97.46388497266231,97.75038025156218,97.21610223835644,97.56454467773438,6280400
2017-11-10,96.56565180136414,96.66631148864543,95.98491056663791,96.09331512451172,11981000
2017-11-13,96.63535065569842,96.6430896192329,96.25592876870142,96.29464721679688,5880800
2017-11-14,96.61211741627297,96.97604956616524,96.61211741627297,96.94507598876953,6195900
2017-11-15,97.61094723616529,98.0832837310425,97.28573368783763,97.99810791015625,9568200
2017-11-16,97.57227975267725,97.82006246210379,97.13865558047645,97.14640045166016,5894900
2017-11-17,97.61874863353245,97.90524982493199,97.53357276332194,97.86653137207031,6938800
2017-11-20,97.49483668586308,97.85876287993261,97.49483668586308,97.82778930664062,4232300
2017-11-21,98.40850826877943,98.56337610023195,97.80453849512394,98.13749694824219,5818400
2017-11-22,98.04460469229048,98.49370673771848,97.95942884231505,98.45499420166016,4140700
2017-11-24,98.28468071811137,98.36211172794088,98.09884511299907,98.18402099609375,3141400
2017-11-27,98.23042932326378,98.3775523037305,97.88972596117429,98.04459381103516,6079900
2017-11-28,98.16079504214127,98.4782698903592,97.92850199214541,98.17628479003906,5983000
2017-11-29,97.2238349705777,97.3167557053385,96.86764768207034,97.2083511352539,14547100
2017-11-30,97.03026532190822,97.1928721951085,96.35660911973652,96.88314819335938,9630000
2017-12-01,97.66290699449294,99.07505013461414,97.06545840463218,98.19052124023438,24583100
2017-12-04,97.70170086043262,98.28362808971205,97.61635105989805,98.23707580566406,9609200
2017-12-05,98.12843327143635,98.9276122507068,98.11291189959813,98.72587585449219,10958900
2017-12-06,99.21476820331787,99.49408797647263,99.05182920244717,99.06734466552734,11834200
2017-12-07,99.26124507356027,99.3931530480204,97.99652564531992,98.29136657714844,13056800
2017-12-08,98.22156877405534,98.33795542084063,97.95000387800353,98.29916381835938,4786100
2017-12-11,98.43107358716622,98.60952799575216,98.08191953929203,98.0974349975586,3863800
2017-12-12,97.89571580606915,98.0819368561735,97.50776416452682,98.05865478515625,7502400
2017-12-13,98.39225771506955,98.84228287661074,98.22155810761116,98.79573059082031,8532900
2017-12-14,98.5785345009131,99.30012493749327,98.37679794883867,99.21477508544922,6885000
2017-12-15,99.1681411468306,99.77334442135697,98.97416543475579,99.5871353149414,7239400
2017-12-18,99.29230058330818,99.31557672445582,98.46984535785307,98.67933654785156,7239700
2017-12-19,98.01208068378261,98.05863297611896,97.04220179563575,97.39911651611328,11045800
2017-12-20,96.45247395302428,96.76283625303012,96.17314847498588,96.32057189941406,10005800
2017-12-21,96.43878864922927,97.08415164166136,96.41546327661926,96.88198852539062,7026900
2017-12-22,96.95976281518024,97.06861853247601,96.8275817202056,97.01419067382812,3974300
2017-12-26,97.17744541805374,97.60509103096229,97.16966831754571,97.30184936523438,3168400
2017-12-27,97.74504212667416,98.73252619331024,97.73726502672727,98.5692367553711,9059700
2017-12-28,98.38268009205133,98.61594575673541,98.2582760878275,98.4837646484375,5297100
2017-12-29,98.35932012388413,98.84139955968453,98.34377185339582,98.63923645019531,7580500
2018-01-02,98.35154920845736,98.36710341211416,97.24743803644708,97.57400512695312,16238200
2018-01-03,97.97054360209084,98.12605002858328,97.57399450268825,98.04051971435547,8605100
2018-01-04,97.69838874685128,98.09493778276122,97.48067741174432,98.02495574951172,9217900
2018-01-05,97.86947367969464,98.11051044174701,97.4729245451968,97.74506378173828,10915400
2018-01-08,97.96279297600105,97.99389545614311,97.32520696356768,97.68287658691406,8850600
2018-01-09,97.04526761906963,97.06082182155717,96.26772359601563,96.37657928466797,16226400
2018-01-10,95.4901456324938,96.36099676437243,95.37351881624097,96.25991821289062,14302600
2018-01-11,96.03444733034488,96.87419022146726,95.87893499333029,96.65647888183594,12511000
2018-01-12,96.49321898244159,97.02972629505786,96.34548964137478,96.81978607177734,9987100
2018-01-16,97.32513096158422,97.41066123213571,96.85082889113934,97.22405242919922,9125900
2018-01-17,97.25517954261973,97.69060217059528,96.8819559099347,97.0918960571289,8327000
2018-01-18,96.36102491783329,96.62538702149483,96.05778324260284,96.1899642944336,10843900
2018-01-19,95.94896898005175,96.07337298483344,95.62240179378342,95.68460083007812,11374300
2018-01-22,95.98781974033957,96.18998287360442,95.6301501551423,95.77788543701172,8984700
2018-01-23,96.26771750538171,96.57095918061218,95.82451767756875,96.1899642944336,12325700
2018-01-24,95.521301572353,95.7390129941626,95.280264774234,95.66903686523438,9038900
2018-01-25,95.7623395196778,96.53210656039785,95.48242315356303,96.45435333251953,12173300
2018-01-26,96.32213761610807,96.34546891649086,95.71565431431935,96.09664916992188,6462900
2018-01-29,95.61456448320646,95.61456448320646,95.09361154759353,95.4279556274414,12223000
2018-01-30,95.07809072801875,95.14807278111695,94.62711373042353,94.86815643310547,12064400
2018-01-31,95.5368112876534,95.58346201854752,94.81369529785165,95.4279556274414,18045100
2018-02-01,95.43188272474862,95.47083730633727,93.99042648150973,94.04496765136719,18632800
2018-02-02,93.61644786449467,93.70215628125088,92.90740658851922,93.17232513427734,23944400
2018-02-05,92.85286822493566,94.91765169610328,92.43991271961072,94.05278015136719,28606200
2018-02-06,93.82678270399148,94.17740952979898,93.28137112323367,93.46836853027344,10935400
2018-02-07,93.60084841032217,93.75668457598239,92.37756274646345,92.58014678955078,16271100
2018-02-08,91.94902028099095,92.86063949476645,91.82435135712005,92.47885131835938,15155100
2018-02-09,92.02693411561633,92.79051045788856,91.77760221585825,91.89447784423828,15661600
2018-02-12,92.3775748497715,92.95415982144563,92.08928830847712,92.2996597290039,10944600
2018-02-13,92.416490497496,92.72815677373869,92.24507374833553,92.71257019042969,8157600
2018-02-14,92.29965973806969,92.36199421250697,91.52828993667215,91.68412017822266,12043300
2018-02-15,92.08929792502404,92.56458793924466,91.93346172267277,91.99579620361328,8222400
2018-02-16,92.75156338572702,92.8840196678265,92.20614572398621,92.49443817138672,8454100
2018-02-20,92.15940099317785,92.33861110325718,91.76981948343696,92.08927917480469,8268800
2018-02-21,92.12823242736789,92.16719295559564,90.78028375209216,90.95948791503906,12054300
2018-02-22,91.34906099313024,91.67631394424848,91.16206355287798,91.23218536376953,9317900
2018-02-23,91.8477278751069,92.18276818674767,91.72306489227446,92.04251861572266,9072900
2018-02-26,92.47107478736851,92.65028491178425,91.97241089057148,92.07369995117188,8771600
2018-02-27,92.34637757808008,92.45546584512637,91.36463667553015,91.94121551513672,12525700
2018-02-28,92.30742434108336,92.58792344431932,92.13600756193462,92.52558898925781,9311600
2018-03-01,92.46233557406543,93.39141101768386,92.24373098886772,93.15718841552734,12287700
2018-03-02,92.79029247495531,92.85275266340632,92.2203596358012,92.3999252319336,10064300
2018-03-05,92.71220752586807,92.75124662743856,91.83778287685202,92.15007781982422,5658200
2018-03-06,92.40770914860087,92.65754387802357,92.22033459066631,92.23594665527344,5452000
2018-03-07,92.57167743589127,92.65755869628957,92.09542897605742,92.13446807861328,4461800
2018-03-08,92.3686690346407,92.89956857338112,92.32963589528802,92.66535186767578,7086700
2018-03-09,92.1188354406241,92.33744008458218,91.80654053931407,92.05638122558594,6570400
2018-03-12,92.36869083935215,92.6419526619763,92.27500651756662,92.58729553222656,5801300
2018-03-13,92.36864479463799,93.19622694923378,92.274960519553,93.05569458007812,7455300
2018-03-14,93.21967434433289,94.00040862534651,93.19625326894725,93.87548828125,10175000
2018-03-15,93.82083711984023,94.0706718515034,93.63346256022533,93.87548828125,6757900
2018-03-16,93.53197660836325,93.69593010549453,93.33679302275024,93.53977966308594,6084300
2018-03-19,93.07130244175966,93.66466196881883,93.06349343367879,93.2430648803711,8491200
2018-03-20,92.83708490203321,93.07911054142659,92.77462475105175,92.8683090209961,5446000
2018-03-21,92.64191882508328,93.23527250144328,92.21251265196712,92.9698257446289,9742400
2018-03-22,93.93013115915144,94.32830727518241,93.43046173988995,93.89109802246094,12136600
2018-03-23,93.4382807909806,93.93014125314896,93.39143863930646,93.82083892822266,7250400
2018-03-26,93.68811409663692,94.03944214188735,93.430470353304,93.46170043945312,8237900
2018-03-27,93.55537292319983,94.56252067317303,93.53975490482762,94.46102142333984,9168500
2018-03-28,94.8201864290261,94.96852786475118,94.4298192457752,94.71088409423828,7412500
2018-03-29,94.89042115450064,95.47597171670064,94.86700008505717,95.1714859008789,9694300
2018-04-02,94.94464116262118,95.73487018284101,94.79598859174324,95.35931396484375,12036500
2018-04-03,94.95242525981233,95.0463157654855,94.53775263929583,94.62381744384766,9855000
2018-04-04,94.94455952017213,95.03062428843009,94.35775753800883,94.42817687988281,6654300
2018-04-05,93.96658779043342,94.09959485179367,93.70839339890323,93.72404479980469,7603700
2018-04-06,94.40477009909401,94.78814598401233,94.0605107914255,94.7490234375,8831200
2018-04-09,94.3891133868611,94.90550231933594,94.16221576222175,94.90550231933594,6307500
2018-04-10,94.8272830185635,94.96811585942258,94.49867504631361,94.7333984375,6046000
2018-04-11,95.33578491349235,95.36708174342105,94.88198983341604,95.06977081298828,5901300
2018-04-12,94.70208202546549,94.7255531658831,94.20917016890789,94.37347412109375,6622800
2018-04-13,94.29521231956544,94.77247865436726,94.27956688514669,94.592529296875,4964000
2018-04-16,94.06831204945189,94.64728857795072,94.02918951310616,94.62381744384766,4491300
2018-04-17,94.60817155099029,95.12456040837255,94.52993244300364,94.88201141357422,5590400
2018-04-18,94.89767002703147,94.9367865993662,94.10744124702389,94.12309265136719,8138400
2018-04-19,93.43454707468067,93.52061186586913,92.95728085782103,93.35630798339844,9875800
2018-04-20,93.0199129127936,93.20768800322769,92.66000816893559,92.68347930908203,7579400
2018-04-23,92.58175068882274,92.80864828068803,92.38614993403485,92.7069320678711,7073200
2018-04-24,92.48782732405283,92.67560231055458,92.13574847820466,92.2844009399414,8190800
2018-04-25,91.86192915901866,92.04970418731489,91.49419883371235,91.66632843017578,6603800
2018-04-26,92.11231397081797,92.42527041631872,92.0027720517788,92.30791473388672,6528600
2018-04-27,92.69130481983335,93.06685499992203,92.66783367973562,93.01991271972656,5401800
2018-04-30,93.16858917914928,93.54413943157773,93.05905319141901,93.18423461914062,8321100
2018-05-01,93.13086757486302,93.1857562882857,92.70744377555717,92.84858703613281,7979200
2018-05-02,93.02895253470747,93.20930462072464,92.7309860256599,92.74666595458984,4644000
2018-05-03,93.18576195583012,93.55430304654897,93.06030459569985,93.16223907470703,6345300
2018-05-04,93.49157788843108,93.49157788843108,92.91131889946753,93.30338287353516,4283500
2018-05-07,93.28771928405885,93.32692209887821,93.10736719213773,93.1544189453125,3647800
2018-05-08,92.95837594094758,93.3112311447447,92.76234394274434,93.06815338134766,6091200
2018-05-09,92.62123683385474,92.8564717341061,92.51145935058594,92.51145935058594,7832500
2018-05-10,92.9584039709897,93.29557934886573,92.80157473568481,93.2563705444336,7101500
2018-05-11,93.5621610619554,93.59352690264235,93.17009702700211,93.49159240722656,4273400
2018-05-14,93.15439539003327,93.30337562055132,92.98972326919484,92.99756622314453,4996200
2018-05-15,92.18209604223543,92.19778195414037,91.50774540846398,91.93901824951172,12901000
2018-05-16,92.07231431532534,92.15856887953164,91.57831579685293,91.5861587524414,6518000
2018-05-17,91.452852242408,91.60183848616025,91.02942237786652,91.12351989746094,7330300
2018-05-18,91.35879686733006,91.97041603073225,91.35879686733006,91.90768432617188,9606500
2018-05-21,91.84488872230247,92.04092067584976,91.70374547645162,91.95466613769531,4448500
2018-05-22,91.97039734477177,92.01744312242128,91.62537902221291,91.81356811523438,4700700
2018-05-23,92.3310629135877,92.6133494444013,92.26049427209495,92.48004913330078,9634000
2018-05-24,93.06814470227039,93.35826820380572,93.02893591331743,93.21712493896484,8204100
2018-05-25,93.75034967620559,93.96990457754396,93.67978102181357,93.79740142822266,8482800
2018-05-29,94.71481587577017,96.07135388022239,94.43252933494583,95.85179901123047,21668100
2018-05-30,94.87950702624393,95.2558911739861,94.67563203028263,95.2088394165039,11616300
2018-05-31,95.31857966274619,95.64791790683898,94.84026119499455,95.0519790649414,10769900
2018-06-01,94.44756636197255,94.87197988516402,94.19606271819093,94.54974365234375,8718800
2018-06-04,94.40046650775544,94.42404405122308,93.81886511570146,93.86602020263672,7156500
2018-06-05,94.28256997661917,94.43976358891155,94.01534983020692,94.0860824584961,5635900
2018-06-06,93.59091841409636,93.60663477419887,93.07218858588288,93.32369232177734,7813300
2018-06-07,93.28442417975384,94.69913083614847,93.27656299937105,94.2275619506836,13238300
2018-06-08,93.96814235045731,94.1960684784976,93.87383222597184,93.94456481933594,6790600
2018-06-11,93.58302598183512,93.83452963373456,93.48085468448599,93.77165222167969,6844200
2018-06-12,93.4730364359418,93.889588988545,93.44159771547626,93.79527282714844,6048200
2018-06-13,93.88169504007261,94.03102741107887,93.23721648629083,93.74808502197266,8834700
2018-06-14,94.14110073483154,94.54979813919944,93.90531930584082,94.52621459960938,10078800
2018-06-15,94.96632140964402,95.17066405242116,94.54976895033181,94.61264038085938,7992800
2018-06-18,94.6912693951232,94.75414084506006,94.34544943701549,94.52621459960938,4893700
2018-06-19,95.07634735107422,95.28069597607893,94.8641375491752,95.07634735107422,6133300
2018-06-20,94.91916701425347,94.93488937023176,94.23539443724523,94.24325561523438,6879100
2018-06-21,94.59692447798693,94.90344443995062,94.48689197863183,94.73839569091797,7235800
2018-06-22,94.38473275403199,94.80129129152674,94.36115521341056,94.73055267333984,4082500
2018-06-25,94.83271651864418,95.18639157029102,94.81699416291839,94.9427490234375,8363700
2018-06-26,94.91915379479326,95.12350241979799,94.83270483424005,95.07634735107422,5450000
2018-06-27,95.68939339222335,96.02735206459084,95.53220582214047,95.97233581542969,8173400
2018-06-28,95.98804946735233,96.08236560453551,95.75226811887629,95.99591064453125,7109500
2018-06-29,96.01948463918114,96.27884950963026,95.61079338576643,95.66580963134766,11164700
2018-07-02,95.89818692227628,95.90606589998848,95.54371105391563,95.59097290039062,9662000
2018-07-03,95.73280100797525,96.12666590540617,95.73280100797525,96.10303497314453,3808800
2018-07-05,96.15029604350904,96.52053000562036,96.11091316003207,96.37873840332031,3860400
2018-07-06,96.69380950927734,96.82772210043761,96.48112515919337,96.69380950927734,4679900
2018-07-09,96.15813051476586,96.26841215329668,96.02421795510679,96.07147979736328,5952700
2018-07-10,96.00060009665158,96.20540544756294,95.95333223806486,96.06361389160156,5759700
2018-07-11,96.45754512519788,96.53632294049444,96.17396181786009,96.43391418457031,6869100
2018-07-12,96.23692019020102,96.47324146532218,96.21328926466884,96.42597961425781,4824700
2018-07-13,96.58353815677107,96.78834955975981,96.47325648052342,96.6701889038086,4079000
2018-07-16,96.2684326171875,96.33145242685804,95.81942699060964,96.2684326171875,5517100
2018-07-17,96.33145163334092,96.41022338983029,96.02423757610248,96.0872573852539,3764300
2018-07-18,96.11878212476186,96.13454008541697,95.62251454234573,95.70128631591797,6330000
2018-07-19,95.94548348545229,96.45750300185809,95.92184654524354,96.3078384399414,6166700
2018-07-20,95.77214332156574,95.78001628855623,95.07893759290066,95.12620544433594,10469500
2018-07-23,94.82688735836076,94.82688735836076,93.88161423959014,93.95250701904297,11571800
2018-07-24,93.96035870877901,94.38573329165355,93.85007707728171,94.27545166015625,9053500
2018-07-25,94.5432814547258,94.73234084087436,93.9446114282841,94.12578582763672,7357900
2018-07-26,94.29912471517825,94.43303732613245,93.86587697210865,93.94464874267578,6821100
2018-07-27,94.40938690026469,94.4251448570646,94.05491100096205,94.1021728515625,4542000
2018-07-30,93.73196796473482,94.06281905089138,93.71621601296617,93.77923583984375,7111200
2018-07-31,94.36210513069751,94.4172459480582,94.1809247251419,94.29120635986328,6797400
2018-08-01,93.38883645503046,93.82305263689337,93.21514757295138,93.5230484008789,13312600
2018-08-02,93.64938939803034,93.74412442749549,93.39675261389648,93.65727996826172,4451100
2018-08-03,93.81516891279253,94.1783338639375,93.79937572781414,94.1230697631836,6162400
2018-08-06,94.37570975282722,94.61255332561706,94.16254391164738,94.17833709716797,4200200
2018-08-07,93.97301394004214,94.02827801099043,93.60984918476304,93.68879699707031,5346900
2018-08-08,93.68095299005408,93.97306064309691,93.64147605261506,93.78358459472656,5640900
2018-08-09,94.13098433851117,94.60467758165858,94.0441398745449,94.5730972290039,7144100
2018-08-10,95.0309728763571,95.56782665290076,94.95991559980418,95.25992584228516,8457900
2018-08-13,94.93626251237139,95.29153093988145,94.90468215962927,95.06258392333984,7923200
2018-08-14,95.16517787221086,95.18096503066289,94.76253606334285,94.84938049316406,4251200
2018-08-15,95.25993605255081,95.63099156468672,95.18887876838174,95.40203857421875,7649800
2018-08-16,95.37833371095434,95.47307472776613,94.95990476086965,95.39412689208984,5400400
2018-08-17,95.59942693738451,95.83627655911118,95.33100298787463,95.51258850097656,3537600
2018-08-20,96.03362904704082,96.24679486644838,95.95468119750777,96.15205383300781,5603700
2018-08-21,95.8204862000049,95.9468015769339,95.58363658617617,95.82837677001953,4695000
2018-08-22,96.31788755552222,96.35736450893732,95.9863028308501,96.20735931396484,5309600
2018-08-23,96.31785338285657,96.42048499265071,96.14416448679319,96.35733032226562,5328700
2018-08-24,96.01782631550545,96.57836378662451,95.9151887067556,96.54678344726562,6092200
2018-08-27,96.1441763027656,96.21523359776766,95.93890703461474,95.99417114257812,6407400
2018-08-28,95.52835961958321,95.59941088016554,95.27572287639872,95.41783142089844,4929300
2018-08-29,95.48102713227229,95.64681949110741,95.22839029642773,95.54418182373047,5613300
2018-08-30,95.77308102672433,95.89150579451969,95.59150160299414,95.74939727783203,5302900
2018-08-31,96.23098921012769,96.2546729595845,95.44149877045261,95.5283432006836,9677500
2018-09-04,94.9206932218629,95.03147047442614,94.75452734301804,94.97608184814453,18343600
2018-09-05,94.76243576228866,94.87321300787711,94.59626989390597,94.72286987304688,9422600
2018-09-06,94.76242744280073,95.2688393887191,94.70703882486924,95.0710220336914,9566000
2018-09-07,94.42215822424068,94.47754682860607,94.15312354810516,94.26390075683594,11212600
2018-09-10,94.29552883936732,94.63577476368258,94.29552883936732,94.6120376586914,6386400
2018-09-11,94.22432222187288,94.29553354039659,93.84451041236805,93.8919906616211,5440000
2018-09-12,94.20060363528553,94.29555207865042,94.08191204417433,94.11356353759766,3347200
2018-09-13,94.4300861577868,94.61208077382756,94.14523473118108,94.25601196289062,4833000
2018-09-14,93.69424592085863,94.08988076176372,93.60720577290684,93.80502319335938,5579500
2018-09-17,93.51225123780252,94.01866335120835,93.46477698870466,93.80502319335938,5433000
2018-09-18,93.41723574864642,93.42515013063485,92.7050983292085,92.82378387451172,10182300
2018-09-19,92.66553204192535,92.66553204192535,91.93756586176482,92.2698974609375,13379600
2018-09-20,92.24618889881306,92.81590383764629,92.15914878110763,92.69721221923828,8657300
2018-09-21,92.47564998218722,92.80006727254731,92.45190683097513,92.65763854980469,6173800
2018-09-24,92.37276967931919,92.79214141194026,92.35694695070745,92.42024993896484,5505500
2018-09-25,92.16708876044308,92.37281451678037,92.10378574145861,92.3253402709961,6650900
2018-09-26,92.52315108596912,93.03747751398626,92.30951095825219,92.97417449951172,9512700
2018-09-27,92.76840276178612,93.092826043545,92.65762555262579,93.03743743896484,5758500
2018-09-28,93.25108240153406,93.29856266290075,92.75258493397475,92.79214477539062,12807700
2018-10-01,92.51538822997924,92.6502026145554,92.08714896393862,92.1109390258789,22442400
2018-10-02,92.52330988988125,92.88810494010568,92.46779773115951,92.67398834228516,8266900
2018-10-03,92.20609027532825,92.27746650455538,90.59623170384083,91.06412506103516,20829200
2018-10-04,90.50901771898214,90.71520836580046,90.17594470899506,90.42178344726562,16207400
2018-10-05,89.92216071541043,90.18386349209453,89.3115269535192,89.64459991455078,18096500
2018-10-08,89.60499674087364,89.70016309116727,89.32743578215283,89.34329986572266,5855900
2018-10-09,89.7238936902372,90.28694727622846,89.66838153529078,90.24729919433594,11530800
2018-10-10,89.72388882527854,90.07282580909116,89.44632806559612,90.00144958496094,15290100
2018-10-11,90.40589095246283,91.31788141337313,90.23935451096325,91.09583282470703,16086800
2018-10-12,90.71521179668923,91.2068953421986,90.62797752167349,90.77865600585938,6794100
2018-10-15,90.92928516097392,91.05616746010784,90.63586039052434,90.73895263671875,7146300
2018-10-16,90.71520210440265,90.97690490148875,90.53280758549208,90.94518280029297,4762300
2018-10-17,90.92934289328926,91.03243520493842,90.39007916625256,90.40593719482422,5880700
2018-10-18,90.10458533676133,90.71521926174849,90.0490731617625,90.37421417236328,5728800
2018-10-19,90.28698107753196,90.36628332137703,89.93804999453907,90.17595672607422,10892400
2018-10-22,90.36625156653943,90.46934989264513,90.03317862920854,90.05696868896484,3244200
2018-10-23,91.00865866481453,91.21484331876104,90.27906218422744,90.3425064086914,10330700
2018-10-24,90.69141734995053,91.05621245949803,90.59625104079238,91.02449035644531,16008000
2018-10-25,90.83414825169783,90.99275268946027,90.58830955805459,90.6438217163086,12613200
2018-10-26,91.14344465196558,91.4527275867114,91.032420318999,91.19102478027344,18582500
2018-10-29,91.0720686117007,91.21481504731416,90.61211325283281,90.9848403930664,7679900
2018-10-30,90.61211625932374,90.83416493311834,90.42178363860903,90.5328140258789,9939500
2018-10-31,90.19971253207682,90.37418103248856,89.77940535401454,90.07283020019531,8706400
2018-11-01,89.71108428141257,90.27550420669469,89.70313299653442,90.15626525878906,6100200
2018-11-02,89.96552401280393,90.03707348891112,88.95592857817819,89.0354232788086,11314800
2018-11-05,89.41696143081077,89.59979854394058,89.31361291333809,89.38516235351562,4760200
2018-11-06,89.51241181905586,89.61576040490397,89.2977754866275,89.32957458496094,3159900
2018-11-07,89.98142636278747,90.14836705320323,89.36135920836985,89.44879913330078,9313100
2018-11-08,89.79858613014598,89.80653741997473,89.36136223047737,89.44085693359375,6905100
2018-11-09,89.63164540633375,90.22786477710758,89.60779760191193,90.1086196899414,6465300
2018-11-12,90.58562846253291,90.87181435466948,90.5538354212372,90.6969223022461,6840000
2018-11-13,90.3948304020774,90.64126586914062,90.21199314104946,90.64126586914062,6525800
2018-11-14,90.21200260924404,91.03875511423925,90.06890966317576,90.6969223022461,8690800
2018-11-15,90.97512751373365,91.05462221611278,90.3709568585497,90.65714263916016,7879600
2018-11-16,90.78429852785865,91.26922391307939,90.56171101957138,91.18177795410156,9236700
2018-11-19,90.95126071200431,91.4361801147461,90.95126071200431,91.4361801147461,7027200
2018-11-20,91.6110722919273,91.7859642401029,91.36463694589212,91.46797943115234,6332600
2018-11-21,91.33283762974469,91.4918270012939,91.05460319700572,91.4361801147461,4951100
2018-11-23,91.95292835382367,92.02447783498856,91.49185056649492,91.53160095214844,3027900
2018-11-26,91.30900888105857,91.46799828577903,91.24541069314759,91.32490539550781,6599000
2018-11-27,91.2692577054302,91.61904167084865,91.22951338712346,91.42825317382812,5967200
2018-11-28,91.30107055196173,91.43621217166387,90.91154220956116,90.98308563232422,7814000
2018-11-29,91.3566710447625,91.61900892506348,91.09433316446153,91.34077453613281,7295600
2018-11-30,91.66676038049118,91.75420639388375,91.40442840537202,91.68266296386719,9127800
2018-12-03,91.37744852666002,92.33361053466797,91.36151512748279,92.33361053466797,9763800
2018-12-04,93.07462880318495,94.55668402106414,92.93120390857958,93.87940216064453,18100500
2018-12-06,94.45312786971543,94.97901524267019,94.12643537751725,94.17424774169922,15319400
2018-12-07,93.87144597724863,94.44514563851185,93.64037216484371,94.34953308105469,8608400
2018-12-10,94.71607946122704,95.04276589107592,94.37345354945509,94.73998260498047,8777700
2018-12-11,94.79570686527043,95.1223931167151,94.50885713861626,94.72399139404297,8071900
2018-12-12,94.48499484136981,94.59654688559708,94.21407839172467,94.30172729492188,6182200
2018-12-13,94.38935093092688,94.48496954858135,94.00688861856672,94.07859802246094,5564200
2018-12-14,94.46109523806973,94.63638697189865,94.1981485186303,94.40531921386719,8169200
2018-12-17,94.49296097347592,95.0586970285914,94.48499731234462,94.95510864257812,9726800
2018-12-18,95.10048166352497,95.67554224186281,94.9966536510393,95.52378845214844,10018800
2018-12-19,95.9311337749202,97.16911187294794,95.77937996981254,96.78573608398438,23046300
2018-12-20,97.4486171473581,97.46458833972179,96.37836445251666,96.43427276611328,18543700
2018-12-21,96.75376964679889,96.80967797090729,96.15474927697296,96.41831970214844,9945100
2018-12-24,96.74578345064629,96.9774053973999,96.57007592296638,96.89753723144531,8377500
2018-12-26,96.63397940758922,96.95345820664093,95.81931425888105,95.85924530029297,11700400
2018-12-27,96.84962112690553,96.94546049216987,95.8272939404147,95.87521362304688,12146500
2018-12-28,96.16274776537718,96.68190002441406,96.07489094799166,96.68190002441406,9879100
2018-12-31,96.36240115393763,97.08920929023218,96.21064739308011,97.04927825927734,17409000
2019-01-02,97.16909704065182,97.56844396698646,96.91350915798915,97.56045532226562,19841500
2019-01-03,97.67227927699707,98.92622847570217,97.62435959219019,98.67064666748047,21187000
2019-01-04,97.71219194149015,97.88790554414004,97.16109738919253,97.52849578857422,12970200
2019-01-07,97.93585562433051,97.95981546817586,97.13716166387829,97.2409896850586,8498100
2019-01-08,97.1930288693271,97.39270227494669,96.95341834516408,96.98536682128906,7737100
2019-01-09,96.84960308039108,96.98537955158271,96.4822046970522,96.83362579345703,9349200
2019-01-10,96.86557620874675,96.96941029524356,96.1148021401376,96.21064758300781,8222900
2019-01-11,96.50617614789017,96.8575972865866,96.38637085566512,96.58604431152344,5786900
2019-01-14,96.56206578423235,96.64992257529119,96.03492503787928,96.22661590576172,6730500
2019-01-15,96.29053175747727,96.29852040243286,95.80332800554794,95.87521362304688,8997400
2019-01-16,95.51577755527573,96.15473495869719,95.4518866897731,95.97103881835938,6048400
2019-01-17,96.01895495256173,96.26654804282774,95.75538457634677,95.9949951171875,8153400
2019-01-18,95.71544691329403,95.93908626046922,95.35603719761632,95.49181365966797,14106400
2019-01-22,96.0908300362479,96.41829735408908,95.89914526852684,96.13875579833984,8881100
2019-01-23,95.7474343849184,96.33847233140273,95.70750334110836,96.09886169433594,5776800
2019-01-24,96.57006105596355,96.84960264054428,96.41031865509632,96.72979736328125,7121900
2019-01-25,96.31451362669726,96.44230760101146,96.09886891198214,96.26659393310547,6460800
2019-01-28,96.27455859892409,96.59403736157878,96.17073059082031,96.17073059082031,6435800
2019-01-29,96.26657018073769,96.67390575642003,96.15475352757792,96.65792846679688,5750100
2019-01-30,96.51415869876828,96.62598144011521,96.10682923617355,96.58604431152344,10571300
2019-01-31,97.08125227322309,97.58442726915018,97.04131513821483,97.41670227050781,11843400
2019-02-01,97.24455546536745,97.31659739514885,96.73223083298592,96.82829284667969,12024600
2019-02-04,96.41203237055,96.50008768598519,96.07581839010724,96.3960189819336,8966200
2019-02-05,96.64420862537091,97.0444579666206,96.58817396188877,96.8363265991211,6983300
2019-02-06,97.14848906535886,97.18851642942032,96.64417725770335,96.88432312011719,5184000
2019-02-07,97.22855545730157,97.58878347774113,97.0444442065315,97.52474212646484,8781000
2019-02-08,97.86899044517246,98.03709446965014,97.7168937103644,97.94103240966797,5885400
2019-02-11,97.54878651465535,97.80494589229211,97.46073115603134,97.55679321289062,4352800
2019-02-12,97.38866375558851,97.46070569892436,97.02042902080626,97.30860900878906,7939600
2019-02-13,96.98040365344525,97.17252160153593,96.78828570535458,96.94037628173828,4757700
2019-02-14,97.77289483560858,97.8209227954587,97.32461759082234,97.49272155761719,5868900
2019-02-15,97.30862232225506,97.67685100009751,97.29261503509693,97.64483642578125,5527200
2019-02-19,97.99704511073254,98.09310714917484,97.62080976098372,97.89298248291016,5872800
2019-02-20,97.62083170690134,97.72490046543932,97.33265163410948,97.61283111572266,4455800
2019-02-21,96.91636029394034,96.98840834005647,96.62017362847506,96.74024963378906,7382500
2019-02-22,97.23659409949535,97.62083011875252,97.19656671496708,97.31664276123047,6374600
2019-02-25,96.99641407648012,97.10048280335806,96.79628942610825,97.02843475341797,6293500
2019-02-26,97.44470040823579,97.51674235304603,97.14851371804741,97.50873565673828,6028900
2019-02-27,96.95640643072888,96.96440702059748,96.28398433521483,96.40406036376953,7737300
2019-02-28,96.50812147199944,96.55615554705413,95.82769879737535,96.07585144042969,9533400
2019-03-01,95.72530901265648,95.88574452240513,95.1717960996456,95.1878433227539,13541100
2019-03-04,95.69317710620544,96.07822460233334,95.50867084582194,95.93383026123047,9808500
2019-03-05,95.6851448183461,96.15843971800096,95.67712121117391,96.13436889648438,5595200
2019-03-06,96.19856175908897,96.6798742269793,96.17449705372748,96.48735046386719,7766700
2019-03-07,96.77613426971806,97.27349392948581,96.75206956557474,97.11305236816406,8187200
2019-03-08,97.16122622249925,97.61847414224582,96.94463155933278,97.52220916748047,7517600
2019-03-11,97.3857934923911,97.4018345873477,97.04887541632854,97.2333755493164,5157800
2019-03-12,97.30560820927538,98.05164483790867,97.27351988844777,97.91526794433594,6422300
2019-03-13,97.59439552506352,97.83504874735952,97.56230720471312,97.73076629638672,4386300
2019-03-14,97.61844306212944,97.67459608280882,97.00075371443619,97.02481842041016,8188400
2019-03-15,97.65857184836469,97.82703095004804,97.38583028951213,97.66659545898438,4302000
2019-03-18,97.5222093809564,97.76286875828546,97.48209744466081,97.6104507446289,3893300
2019-03-19,97.1371304416514,97.56229604750631,96.97669497846809,97.39383697509766,5220200
2019-03-20,97.65860578626597,98.54903714761807,97.65058829308175,98.41266632080078,10123700
2019-03-21,98.6372197756205,98.74150220690781,98.46073710711876,98.62919616699219,7182600
2019-03-22,99.63998293624947,100.49832567934514,99.51965325595683,100.16140747070312,13077000
2019-03-25,100.12126811856291,101.02774615766583,99.88061494410327,100.32181549072266,9736300
2019-03-26,100.03305439880594,100.50634951026808,99.96888387336816,100.24964904785156,7502000
2019-03-27,100.61062846734895,101.34864150608074,100.52238711269389,101.17216491699219,14207200
2019-03-28,101.27646197612414,101.62942744564083,101.08393813830706,101.52513885498047,9143200
2019-03-29,100.81917491377129,101.45290534256816,100.78708659988308,101.42884063720703,10841400
2019-04-01,100.7278598183034,100.78413661131205,99.84350758514857,99.98822021484375,16501500
2019-04-02,100.0766018698478,100.28562634002202,99.8916890022399,100.1730728149414,9725000
2019-04-03,99.37719182649121,99.58622250394362,99.18424373468629,99.3048324584961,10407000
2019-04-04,99.36914021047801,99.6022886084712,99.24051020720749,99.58621215820312,7503400
2019-04-05,99.3852091693807,99.827382028783,99.35305013954472,99.71482849121094,6321800
2019-04-08,99.55403051663197,99.6505014637505,99.30479959125893,99.36107635498047,4446400
2019-04-09,99.86757724687544,99.96404819774654,99.50579277998645,99.67462921142578,7020300
2019-04-10,99.90776834112135,100.10875766082835,99.77109707581033,99.91580963134766,7519900
2019-04-11,99.634404691306,99.70675788688456,99.21634969376046,99.32890319824219,8679300
2019-04-12,98.79828572473446,98.93495695715009,98.58925516511266,98.62141418457031,7005500
2019-04-15,98.7098485207702,98.87867877019102,98.66161305913731,98.87064361572266,3070000
2019-04-16,98.49282236286346,98.58929332487044,98.1953559180229,98.25163269042969,8927300
2019-04-17,98.18732120548786,98.54106444643718,98.17124475531224,98.29183959960938,6118500
2019-04-18,98.73402185867805,98.96717027738926,98.70990411427846,98.80638122558594,27589400
2019-04-22,98.46065210416364,98.54104660790534,98.275739225221,98.33201599121094,6241200
2019-04-23,98.57317464312685,98.64552783363311,98.39630311028192,98.541015625,6239700
2019-04-24,98.97521201052066,99.36110819004946,98.95912942504327,99.34503173828125,7302000
2019-04-25,99.28068900091705,99.38520737942854,98.96714613279791,99.2002944946289,5380900
2019-04-26,99.67463364712184,99.70678654303809,99.40128496217183,99.53795623779297,5950700
2019-04-29,99.07166083261137,99.16813178309195,98.76615313286969,98.90282440185547,10246000
2019-04-30,98.84655842343868,99.48168549614708,98.83048197450661,99.40933227539062,7957400
2019-05-01,99.65020467726859,100.26249028374416,99.57769345093904,99.81938934326172,14371900
2019-05-02,99.64216891197464,99.74690054401866,99.12655662923241,99.34407806396484,6612800
2019-05-03,99.62604522705078,99.80328193114515,99.39240748266612,99.62604522705078,6191700
2019-05-06,100.14971132044711,100.20610621520093,99.84356848415243,99.89996337890625,4482500
2019-05-07,100.32693678144632,100.81838055620977,100.21414701149224,100.6653060913086,8984900
2019-05-08,100.82644580401428,100.94729375075939,100.14164896790123,100.23027038574219,6907600
2019-05-09,100.79421063195664,100.94728509447968,100.1496924023051,100.6411361694336,9411900
2019-05-10,100.6169935934897,101.0681527819016,100.37529765879306,100.50420379638672,6037800
2019-05-13,101.02787501790829,101.45486584552322,100.90702704961012,101.29373931884766,10501600
2019-05-14,101.11646866262568,101.22925842961817,100.86671462435832,100.99562072753906,5690400
2019-05-15,101.68041984995648,101.72875656647687,101.32593420458976,101.615966796875,9566300
2019-05-16,101.35817403244211,101.37429037111816,101.13259446363537,101.2776107788086,7666400
2019-05-17,101.73679623433418,101.75291256796459,101.26146888410283,101.50315856933594,4747100
2019-05-20,101.6079403484731,101.81740360383473,101.22928624954424,101.29373931884766,6043100
2019-05-21,101.18897850431796,101.28565808625959,100.94728876933625,101.13258361816406,4021800
2019-05-22,101.32596471360746,101.77713007444127,101.28568615323984,101.71267700195312,5675300
2019-05-23,102.22826462624133,103.19503589399808,102.22020645747851,102.8566665649414,9743700
2019-05-24,102.76807724075388,102.94532012939453,102.63111906192566,102.94532012939453,4981900
2019-05-28,103.34005631669585,103.8476041537352,103.19503386813932,103.68647766113281,8098600
2019-05-29,104.4679697789818,104.65326465870055,103.92818918629483,104.00069427490234,13260600
2019-05-30,104.19404382207057,104.91911922733027,103.83955814192971,104.89495086669922,13024800
2019-05-31,105.45887400679823,106.26451861278801,105.38636894261782,106.2081298828125,18933600
2019-06-03,106.4907044280739,107.03159272309107,106.2000765945013,106.91857147216797,17822400
2019-06-04,106.07090174775301,106.36959811661407,105.39277426895885,105.69953918457031,14250000
2019-06-05,105.36859807942642,105.7157305031805,105.04567130551892,105.10218811035156,8815200
2019-06-06,105.73186630320573,106.23238734029913,105.20712730098816,105.44123840332031,9621100
2019-06-07,106.39385543328343,106.61991032823076,106.11130837179323,106.35350036621094,11378500
2019-06-10,105.49775531763831,105.51390473575641,105.20713970189293,105.35244750976562,8288700
2019-06-11,105.28784438932864,105.56232285903693,105.20712194915278,105.4170150756836,5115100
2019-06-12,105.26362298704831,105.5542508626564,105.19096909774485,105.49773406982422,5278700
2019-06-13,105.59457499883601,105.95785661498097,105.58649413551531,105.8609848022461,5560400
2019-06-14,105.83679069598894,106.32924305233153,105.82870983084747,106.1274185180664,5838800
2019-06-17,106.07090318466832,106.36959955757574,105.86101010078637,106.31309509277344,6046400
2019-06-18,107.16073193122178,107.25760374117999,106.52295966662663,106.84588623046875,10320700
2019-06-19,106.45033364182916,107.14461053763037,106.22429114723268,106.9992904663086,11962500
2019-06-20,107.29804028734311,107.78241196784634,107.03969886969061,107.28189086914062,10721500
2019-06-21,106.97511717420585,106.9912665929607,106.06287826811105,106.10323333740234,14495000
2019-06-24,106.69253884239798,106.99123525067708,106.6279535046956,106.89436340332031,6378800
2019-06-25,107.20113440345968,107.44332635390008,107.14462992878035,107.2253646850586,9604600
2019-06-26,107.11229824639213,107.12844765637342,106.46646966782616,106.53912353515625,12766800
2019-06-27,106.8136292409861,107.44332088906691,106.55530020714475,107.28993225097656,9724200
2019-06-28,107.03160238038416,107.4352515013005,106.92664966705996,107.21727752685547,8149200
2019-07-01,107.23347760860973,107.37907042373946,106.44076447326536,106.96654510498047,14131200
2019-07-02,107.23349250634645,107.89676932723755,107.14451499277523,107.79161071777344,10494300
2019-07-03,108.00186731787194,108.62469722073139,107.99377060319009,108.55999755859375,5380300
2019-07-05,107.20917859445282,107.21727531095304,106.50545544204931,107.12020111083984,12180100
2019-07-08,107.62172570082016,107.75923412538411,107.26581573486328,107.26581573486328,6490000
2019-07-09,107.32243418344312,107.34671199324771,106.90182452278175,107.22537231445312,6215700
2019-07-10,107.05550968139134,107.1283060801675,106.37603959847735,106.6348876953125,9470000
2019-07-11,106.21426343190979,106.2951565460755,104.96049421767911,105.21125793457031,14126800
2019-07-12,105.08989074183272,105.51859698101528,104.89575472421015,105.33255767822266,6992000
2019-07-15,105.51864794945341,106.00398205666315,105.51864794945341,105.93927001953125,6055500
2019-07-16,105.29212721517374,105.63995275705895,105.12226897354199,105.62377166748047,6172700
2019-07-17,106.01200837721427,106.78854005498398,106.0039240054597,106.76427459716797,9662200
2019-07-18,106.34366313145836,107.03121741679074,106.15762382253624,106.77236938476562,5724900
2019-07-19,106.44072860569395,106.71574539219358,106.37601659547863,106.52162170410156,5804800
2019-07-22,107.15258336104026,107.16876445451572,106.56210304604417,106.723876953125,5204100
2019-07-23,106.44886620251454,106.56210917824356,105.93926664045458,106.14148712158203,8108900
2019-07-24,106.44883901565771,106.69149365699013,106.34368044270998,106.6025161743164,6389700
2019-07-25,106.16574531957949,106.29516938084961,105.56716829312352,106.09294891357422,8893100
2019-07-26,106.52971303347617,106.59442504791728,106.16571875198032,106.34367370605469,6188400
2019-07-29,106.62682425734609,106.73197051759423,106.28708297790125,106.37606048583984,6231800
2019-07-30,106.77239611829745,106.85328923419759,106.31132757426856,106.6348876953125,5678500
2019-07-31,106.52971550166701,107.84819659852371,106.49736566497431,107.4922866821289,15798700
2019-08-01,108.11151272409047,109.73249650426553,108.00614482089915,109.62712860107422,26664800
2019-08-02,109.95128735222247,110.64019775390625,109.74055163290298,110.64019775390625,15143100
2019-08-05,111.96133821550289,112.56920707341979,111.57230560923067,112.55299377441406,18543000
2019-08-06,112.00996986170739,113.45264434814453,111.92081526458492,113.45264434814453,12747400
2019-08-07,115.41401788369076,115.94894539581809,113.29053349976533,113.49315643310547,32582000
2019-08-08,112.77180297607258,113.81733171936973,111.83162973323257,113.73628997802734,14746000
2019-08-09,114.01190046267438,114.7251373320272,113.36350443300141,113.5093994140625,10626000
2019-08-12,114.86284701125149,116.24878043775003,114.69263836858646,115.87596130371094,14094300
2019-08-13,116.55676823575706,116.63782232398123,115.04925371145715,115.47881317138672,15974900
2019-08-14,117.65096868217927,118.11294248313793,117.28624991992329,118.08052825927734,15068900
2019-08-15,118.2912701381932,120.43908072681761,117.99139214386504,119.39353942871094,23588700
2019-08-16,118.38046970191705,118.74518865979577,117.39166838767761,118.43721008300781,17150500
2019-08-19,116.36238900610641,117.24582267201433,116.31374907822871,116.7433090209961,13614700
2019-08-20,117.74822852345416,118.02379272243175,117.39161021083778,117.95085144042969,7451500
2019-08-21,117.29443850201042,118.16165877189408,116.94592040629873,117.16475677490234,9372000
2019-08-22,116.71082662042275,117.27816844306942,116.28936739483201,116.38663482666016,13878800
2019-08-23,116.32177565669458,118.550627897032,116.24882200254336,118.29937744140625,16191800
2019-08-26,118.22649702845645,118.56690227926131,117.75641005340309,117.82125091552734,12174500
2019-08-27,118.84244009173156,119.72587336031462,118.7208588774157,119.63671875,11332300
2019-08-28,120.58499676259117,120.68225184349116,119.67724969518788,119.79071807861328,10095900
2019-08-29,119.34496112553151,119.41790244605441,118.43721393557207,119.33686065673828,8884900
2019-08-30,118.82616617842628,119.5312898667079,118.62354329171367,119.36919403076172,13550800
2019-09-03,119.42609721523756,120.70894075982729,119.00390495169995,119.5235366821289,15660800
2019-09-04,118.9713826637907,119.85637804014799,118.93078393141785,119.70211029052734,7962200
2019-09-05,118.26501125259053,118.37868026931345,116.82790037838437,117.53427124023438,19382900
2019-09-06,117.9402479646587,118.56543382630085,117.79410737801243,118.37056732177734,9466400
2019-09-09,116.7792477493688,116.91727359957719,116.25961591781959,116.26773071289062,15862700
2019-09-10,115.97538570765462,116.34074954815908,114.20539482348008,114.22975158691406,13851400
2019-09-11,113.99429522836773,114.60323913960687,113.98618043625629,114.02677917480469,10941700
2019-09-12,114.88739326804384,115.13097325807149,112.90629418634188,113.27978515625,19163300
2019-09-13,112.27303748049792,112.62217182661531,110.86028289794922,110.86028289794922,18922200
2019-09-16,111.94825275248184,112.50848313379078,111.43673590189618,112.27301788330078,10971600
2019-09-17,112.3379696179956,113.34476131214647,112.06191802716228,112.8819580078125,9081200
2019-09-18,113.61271784667561,114.20543232216937,113.28795263492457,113.36102294921875,10984600
2019-09-19,114.28657529704837,114.473326994505,113.64515990415849,113.70198822021484,13176200
2019-09-20,114.29471874662418,115.27714134267882,114.0267819325195,115.20407104492188,11519800
2019-09-23,115.48829183038588,116.23526183119681,115.04984510640963,115.17975616455078,15246700
2019-09-24,115.63445430056346,116.7955144696793,115.62633950377344,116.56817626953125,12421600
2019-09-25,116.31640839250602,116.55187365595638,114.59513080423183,114.86306762695312,14147100
2019-09-26,115.51254782046465,116.09713468304733,115.2121272120052,115.60186004638672,9636500
2019-09-27,115.55321318648113,116.08907446209041,115.40706019204461,115.88609313964844,10386900
2019-09-30,115.19598764606462,116.17841050985119,115.16350368998947,116.17029571533203,8006900
2019-10-01,114.8933339925796,117.04870988667601,114.79573637391458,116.52002716064453,16613700
2019-10-02,116.6826600076022,117.34146849298648,116.50372283741399,116.80465698242188,12891500
2019-10-03,117.10559259541884,118.48014977878685,117.05679380487925,117.8701400756836,13470500
2019-10-04,118.21993717089492,118.7730069199961,118.09792773046287,118.740478515625,11516200
2019-10-07,118.0653851618039,118.36631940620096,117.69938170578638,117.75630950927734,11013900
2019-10-08,118.60214590325236,118.69160206878549,117.62612055888684,118.0734634399414,14529700
2019-10-09,117.6098459155816,117.61797490838494,116.95916658171024,117.40650939941406,8608800
2019-10-10,116.40606791937252,116.45486669046626,115.27551754989538,115.65779113769531,15054200
2019-10-11,114.66554273076088,114.76315271311093,113.63260200209022,114.2263412475586,26294000
2019-10-14,115.07224248899728,115.0966418875686,114.74690890092586,115.05598449707031,5936900
2019-10-15,114.4134460225583,114.64118204046164,113.50250195094496,113.66516876220703,11832300
2019-10-16,113.57564696228987,113.91725082915781,113.33978205802737,113.80338287353516,7729500
2019-10-17,113.47804906004717,114.17752718837754,113.29911192879919,113.52684783935547,6219300
2019-10-18,113.71391396359606,114.05551782943046,113.42110887706994,113.52684783935547,6456100
2019-10-21,112.70539999307968,113.04700394144773,112.42885282572327,112.67285919189453,8038000
2019-10-22,113.36421347107076,113.48621045417252,112.76233272951569,113.33167266845703,6683300
2019-10-23,113.8928843405367,114.12062031756983,113.3479437947303,113.44554138183594,5995400
2019-10-24,113.60817608637142,114.06366032251057,113.07950609124714,113.2177734375,6161700
2019-10-25,113.48622455874266,113.50249496207167,112.49394093725668,112.66474914550781,5669800
2019-10-28,111.90019225527934,111.90019225527934,111.42032088762996,111.6399154663086,11402100
2019-10-29,111.9326987838303,112.03030876596756,111.56669548017996,111.71310424804688,5296600
2019-10-30,112.05474355275426,113.42115962749632,112.05474355275426,113.34796142578125,10914100
2019-10-31,114.25887073453542,115.23488369268618,114.21820094238787,114.87702178955078,15834100
2019-11-01,114.66189267374594,115.10187280378598,113.89601146631483,114.52338409423828,11425500
2019-11-04,113.2279554517623,113.366464086224,112.8694566649983,113.01612091064453,11124300
2019-11-05,111.8021109575584,111.98136034299083,111.40287142958005,111.74507141113281,13493000
2019-11-06,112.45394615630977,112.77170422765386,111.89989911028101,112.42134857177734,9351900
2019-11-07,111.09322296582388,111.10136614093688,109.54516186369493,110.38436889648438,19209800
2019-11-08,110.11555682838332,110.76737174134728,109.81409755947584,109.9200210571289,10222900
2019-11-11,110.30295439858541,110.3110975777256,109.70002346917798,109.99333953857422,4577000
2019-11-12,110.2214797133166,110.76737112559289,109.82224012866588,110.49849700927734,5772900
2019-11-13,111.46801404071624,111.59023626807279,110.94656486138395,111.21543884277344,6672400
2019-11-14,112.27469414076941,112.79614359020134,112.16877064199345,112.36431884765625,10213300
2019-11-15,112.01397020528711,112.5680172731476,111.97322943918414,112.24210357666016,4657600
2019-11-18,112.60875621362538,112.93465747249297,112.38061041361473,112.44579315185547,5943900
2019-11-19,112.73911020708464,113.44796472121149,112.73911020708464,113.38278198242188,7893100
2019-11-20,113.99382492498597,114.55601501464844,113.87975827145539,114.55601501464844,7905500
2019-11-21,113.77383705317524,114.13233580919332,113.35015557494178,113.83901977539062,5980900
2019-11-22,114.14864265967923,114.29529447077147,113.80643023579616,113.98567962646484,4664800
2019-11-25,114.31160474525942,114.49899733348228,114.21382442904016,114.31974792480469,4157300
2019-11-26,114.88190002568899,115.13447526352286,114.8330160999574,114.98782348632812,4281100
2019-11-27,114.55600259216247,114.80857783813853,114.40933837790871,114.65377044677734,4095700
2019-11-29,114.57233631699386,114.62122026451264,113.88793618705753,114.40938568115234,6251100
2019-12-02,112.74518727509451,113.17775432223085,112.59011371976135,112.8839340209961,17702200
2019-12-03,114.29594404631355,115.70792096985463,114.2061652387688,115.25086975097656,13062400
2019-12-04,114.5407608870302,114.67135046719945,113.61850155464094,114.10003662109375,8586300
2019-12-05,113.1695992385968,113.8062078274349,113.12063126310262,113.54502868652344,7273800
2019-12-06,112.65543152831529,113.54504979170233,112.51668475405661,112.91661071777344,7931100
2019-12-09,113.43896690379248,113.5369028818432,113.09617852690458,113.16146087646484,4016900
2019-12-10,113.59400653011313,113.7327657443434,112.9655675184018,113.16960906982422,4947600
2019-12-11,113.69190145495526,114.37747775630322,113.63476386965854,114.05917358398438,6256700
2019-12-12,113.60217869581336,113.67563066707346,111.4964683437327,112.18204498291016,14857000
2019-12-13,112.7289104359817,113.94500297671414,112.00252276561845,113.47978210449219,11335100
2019-12-16,112.95743388064515,113.00641432970919,112.16575141255436,112.4595718383789,9156600
2019-12-17,112.8023204296726,112.90841355252427,111.98615434219671,112.30445861816406,6179700
2019-12-18,112.05959088471394,112.18201079951109,111.22709810298002,111.38217163085938,6244700
2019-12-19,111.17616627931757,111.87919253561728,110.97996855420024,111.56037902832031,6591100
2019-12-20,111.28245836538008,111.74024065263241,111.11895399967699,111.70753479003906,5455700
2019-12-23,111.8383501930693,111.96914871594406,111.17619982226222,111.54405975341797,5175000
2019-12-24,111.11079649414211,112.04271410665731,111.08627333120486,111.86286926269531,4667400
2019-12-26,111.92009117138612,112.17350548803712,111.59309489697156,112.13262939453125,5290200
2019-12-27,112.35334929744693,112.50867096717539,112.23072101804598,112.25525665283203,7300500
2019-12-30,111.08629437184001,111.91193678558827,110.89827926249845,111.84654998779297,7979700
2019-12-31,111.34780078589937,111.55216866508867,110.66929793015579,110.75103759765625,10707400
2020-01-02,111.82195575331966,112.42688934185134,111.72386313439037,112.00180053710938,11034100
2020-01-03,113.03187128384862,113.75942095727754,112.71305766231536,113.72671508789062,12366000
2020-01-06,114.19267221158077,114.20902514513392,112.93375827429266,113.0809097290039,11369800
2020-01-07,112.99095117209443,113.19531911843758,112.51681603974275,112.52498626708984,8381200
2020-01-08,112.75387836746734,113.06452164022093,111.43776075604839,111.78109741210938,10621700
2020-01-09,111.17617573961536,112.35333724322754,111.10260626404735,112.17349243164062,7411500
2020-01-10,112.54140316538269,113.19538346013744,112.50870976378144,113.17086029052734,8776000
2020-01-13,112.71305379798675,112.88471594866229,112.31248799035386,112.82749938964844,5966900
2020-01-14,112.95829341049789,113.48148755058479,112.92560001355987,113.40790557861328,13920300
2020-01-15,114.05364927584672,114.24983449074668,113.64491344663503,114.159912109375,6290500
2020-01-16,113.84115659356397,114.06187754627554,113.41608009588073,113.80029296875,6798600
2020-01-17,112.46780968053056,112.92559204717732,112.28796482597164,112.82749938964844,9693100
2020-01-21,113.47330566536235,114.15997926873169,113.4406122681883,114.0128402709961,6794900
2020-01-22,114.21722380029452,114.56056064855554,114.11094841620064,114.41342163085938,6317000
2020-01-23,115.14093856879221,115.57419773985471,115.08370954026584,115.21450805664062,9747400
2020-01-24,115.60691920160123,116.53066679653936,115.50882652731968,116.14645385742188,8585000
2020-01-27,117.67509595138097,117.95303344726562,117.30723603345915,117.95303344726562,10935200
2020-01-28,117.6587566875436,117.78955522090871,116.75137460561423,117.02931213378906,10612900
2020-01-29,117.25817960065787,118.28818977678543,117.24999689795682,118.17374420166016,9566800
2020-01-30,118.45172440503272,119.08118153211446,117.9530658320318,118.19013977050781,14711800
2020-01-31,118.67243671918425,119.34276990455336,118.60703744693099,119.2691879272461,14538100
2020-02-03,118.68943954881316,119.35269003718486,118.00980895739241,119.17254638671875,15309000
2020-02-04,117.90335029190173,118.02616980884163,117.14183180380711,117.567626953125,11388300
2020-02-05,116.51954937804034,116.84707648677394,116.19200977494842,116.2820816040039,10782600
2020-02-06,116.4212858451117,116.99447704955698,116.2739023886718,116.80613708496094,6683100
2020-02-07,118.09167115507545,118.51746628073708,117.80507563899731,118.26361846923828,11374800
2020-02-10,118.8122741892023,118.93509372887272,118.46835448940902,118.5911865234375,6699300
2020-02-11,118.39463456277379,118.50108646803557,117.86240002517505,117.99341583251953,7784100
2020-02-12,117.39570617675781,117.54310214046018,117.08455913224819,117.39570617675781,5595500
2020-02-13,117.45301903556951,118.07532555926602,117.31381938530946,117.84605407714844,7883400
2020-02-14,118.53385530421708,118.79588696561953,118.28001994120679,118.36190795898438,7137400
2020-02-18,119.00878283930167,119.59015780114373,118.66487564141848,119.17254638671875,6909200
2020-02-19,118.8286062283933,119.23802123055215,118.71397052756299,119.1643295288086,5707700
2020-02-20,119.61472487537822,120.31891939283742,119.54921695580548,120.09783172607422,9332900
2020-02-21,121.02308564432974,121.90742361047981,120.90025363843505,121.21959686279297,13860300
2020-02-24,123.50414353087328,123.61059544038511,122.8245130592892,123.02922058105469,15929300
2020-02-25,122.99647374554792,124.26565039399155,122.93914964175723,123.68428802490234,20802900
2020-02-26,122.78356905606499,124.23290180858417,122.48060592204587,123.02922058105469,22589500
2020-02-27,125.03534864716565,125.34650807060814,123.50414042110859,124.3639144897461,30687900
2020-02-28,126.46830622580414,127.72111527707311,126.23085099473435,127.17250061035156,44935200
2020-03-02,127.35214700965588,128.3361919855774,126.08927907176117,126.23689270019531,28152400
2020-03-03,126.13022924868868,130.96025970888672,124.94117489334995,128.1967315673828,38608000
2020-03-04,128.26236036861386,129.03319937548125,126.44187197323147,126.83548736572266,23463700
2020-03-05,128.8528061576173,130.23867486646654,128.5903875205955,129.99266052246094,17786200
2020-03-06,137.19258493977532,138.8572638093278,134.5766574268193,136.75796508789062,76288300
2020-03-09,146.8690884916111,147.36110471419778,139.68553402142675,140.46456909179688,41552800
2020-03-10,139.11147184639398,141.80939574432708,132.87097202638182,133.26458740234375,37728300
2020-03-11,135.65907679664352,136.97114450190736,127.62270276851876,128.36073303222656,29519300
2020-03-12,134.0846206232728,136.42173761918787,127.64731966508995,129.15618896484375,24361800
2020-03-13,127.10613263747283,129.73025674420043,124.80182346073997,126.23689270019531,19812900
2020-03-16,131.5179057312057,136.2495234395645,129.4103987433983,134.4126434326172,30496700
2020-03-17,134.07641658230844,135.8231041785795,125.2281986327558,125.44960021972656,18570900
2020-03-18,125.33478223754008,126.40083564832396,113.9936391508316,118.3726577758789,47061000
2020-03-19,120.5047368729363,125.83499074119578,119.11067297918288,121.59539031982422,21175300
2020-03-20,125.71207264265254,130.73890686035156,124.73622352079383,130.73890686035156,20863100
2020-03-23,129.1561917224562,136.69235500659659,128.39356116795665,136.12652587890625,19971800
2020-03-24,132.2313373474566,135.67549991068947,131.54250733737138,133.5926055908203,11948600
2020-03-25,134.1502437097946,136.6841624766501,132.53476507551395,133.28919982910156,10750600
2020-03-26,134.48652650950757,135.86418736028338,133.0678611663794,133.94529724121094,10576200
2020-03-27,135.7328894301683,137.97159290205158,134.9702464813171,137.52056884765625,12550000
2020-03-30,138.01262089303447,139.49689006915978,136.07732758562074,136.38894653320312,13473200
2020-03-31,135.8804701045973,136.8809187615101,134.94562607419718,135.28184509277344,11464800
2020-04-01,138.35985678353944,138.7540534419385,136.6517088564726,137.1772918701172,11334700
2020-04-02,138.6471887235033,138.96746544204973,137.3578615931508,138.04769897460938,5771200
2020-04-03,138.417345455657,139.8791235718456,138.080640516418,138.37628173828125,6570800
2020-04-06,137.14441237409184,138.18737039600347,136.7584360793108,138.01490783691406,9434800
2020-04-07,135.46920325639272,136.66818404646776,134.44267259939406,136.56964111328125,13811400
2020-04-08,135.59230994844927,136.47923346901086,134.78751384920983,135.5758819580078,10147100
2020-04-09,134.91070629070256,136.1507502822173,134.5000942037377,135.822265625,14259100
2020-04-13,135.29669067806077,136.08507144537458,134.5822296142578,134.5822296142578,8750300
2020-04-14,134.54937744140625,135.28848678125186,134.2537362116455,134.54937744140625,9019100
2020-04-15,136.98013820760698,138.45834361703606,136.93086678243955,138.11341857910156,10027800
2020-04-16,139.00041968484007,139.87092796363817,138.8033338737742,139.68203735351562,8265400
2020-04-17,139.46026913050892,140.29790860890833,137.3661453727422,137.80960083007812,8612100
2020-04-20,138.3270371436344,139.02507035098455,137.93285294825495,138.91831970214844,6462600
2020-04-21,141.19309406008205,141.3737644164558,140.2486910861284,140.66751098632812,7850700
2020-04-22,139.5835102000905,139.9284229392678,138.5487719825587,139.23037719726562,6230200
2020-04-23,139.50131768914625,140.37181312931563,139.28780395901083,139.96942138671875,5968600
2020-04-24,139.28782568163194,140.2979278564453,139.2549822299059,140.2979278564453,6211800
2020-04-27,139.3288491586676,139.40275630187247,137.5057311076541,137.6864013671875,9039500
2020-04-28,138.4173404327131,139.48493439130516,138.33521300094188,139.2714080810547,9905400
2020-04-29,139.22211854915543,139.8216086243729,137.9328032478615,138.54872131347656,8619600
2020-04-30,138.57338725386353,138.9757791247196,136.90630299517673,136.93093872070312,11606100
2020-05-01,137.73348786851292,138.23508495308394,136.86186302745486,138.103515625,10209400
2020-05-04,137.78276806325138,137.88143874623697,136.8946942749711,137.453857421875,8300900
2020-05-05,136.14648463689628,136.72208480325438,135.89979526641636,136.57406616210938,7831800
2020-05-06,134.2222816914066,134.55942332266667,133.25198632004071,134.37030029296875,14721500
2020-05-07,134.49368000329622,136.8043116864507,134.31277529420328,136.6151885986328,9164800
2020-05-08,135.2583954228142,136.0066692824779,134.59233043228403,134.83901977539062,8129800
2020-05-11,134.5758717658426,135.03635177285818,133.2931024471166,133.78646850585938,8713500
2020-05-12,134.1646293589528,135.6200713463193,134.13996170134521,135.1595916748047,10057300
2020-05-13,135.751725270518,136.7384698320105,135.53793458878826,136.10531616210938,13305600
2020-05-14,137.58547284489487,138.2679620273081,137.36345118657223,137.4374542236328,10080000
2020-05-15,138.39126854403793,138.5475054924389,136.77135789030748,137.08383178710938,7225600
2020-05-18,135.62017521678342,135.72707684637803,133.55623348436959,134.07427978515625,10073100
2020-05-19,133.63841196354204,134.60870696215434,133.60551337710484,134.57582092285156,8639100
2020-05-20,134.1729502423601,135.43105193010368,133.9344918542523,134.97879028320312,10927300
2020-05-21,135.56265311481428,135.9737978819286,135.09394205767555,135.3159637451172,8920000
2020-05-22,135.44751839653233,136.2369092374053,135.35706605568845,136.13002014160156,4956700
2020-05-26,134.61700891246636,134.68278102577634,134.01672859102888,134.30453491210938,8098900
2020-05-27,133.8604616145996,134.78143410753313,133.69600627387015,134.0578155517578,8047400
2020-05-28,133.17798867379005,133.67958567927752,132.93129935931202,133.564453125,10272600
2020-05-29,133.79470445742982,134.9294552181819,133.4986797922033,134.518310546875,14632700
2020-06-01,133.4644135892591,133.74434826014425,133.11036821809788,133.61260986328125,13341400
2020-06-02,133.11046741351282,133.45627154052661,132.76466328649906,133.12693786621094,11517100
2020-06-03,131.88356940801256,132.0070788582932,130.8626283066388,131.35662841796875,12255700
2020-06-04,130.8461534977581,130.9202516274935,129.42176834092342,129.45469665527344,14038600
2020-06-05,127.29757331019773,128.57376260153237,126.10372367505282,128.5325927734375,17778500
2020-06-08,127.67632382406731,129.14187931396157,127.6598533794426,129.026611328125,10346700
2020-06-09,130.95324420371918,131.43901555255687,130.3357344189452,130.49217224121094,9095300
2020-06-10,131.10965554959444,132.4764007158083,130.9532177589199,132.427001953125,13135500
2020-06-11,134.4112652978946,135.21814104506186,133.9007946811737,134.9299774169922,17086400
2020-06-12,133.71968847730062,134.74887145142566,133.42328327822187,133.62911987304688,9716100
2020-06-15,134.93822070828557,135.20992648703248,133.4973647248886,133.7032012939453,7759800
2020-06-16,131.24962928935022,132.74811293786408,130.66504792151122,131.65306091308594,13698900
2020-06-17,131.95767682034463,132.36934985117583,131.1919584501014,132.19644165039062,7113900
2020-06-18,133.4150084665966,133.77728279316904,133.0609756422516,133.5961456298828,7691400
2020-06-19,132.5587504725207,133.79376988686096,132.4846523228444,133.7032012939453,8565500
2020-06-22,134.36181325962872,134.5511792902176,133.43966991422815,133.7196044921875,9319700
2020-06-23,132.95395191318897,133.43149425648778,132.65754675401274,132.80575561523438,9088600
2020-06-24,132.99511372834183,134.27953181964997,132.98688478892905,134.23013305664062,11436500
2020-06-25,135.20169256848715,135.31696054038366,134.53477155615715,134.6171112060547,10968000
2020-06-26,135.23460672121726,136.1155931424017,135.17696645967493,136.05795288085938,12119300
2020-06-29,135.72860132875653,136.0744051620654,135.34162768030677,135.62979125976562,7274400
2020-06-30,136.04152903424517,136.09092781062034,134.60067276137747,134.97117614746094,14841700
2020-07-01,134.2062298639725,134.82446384166025,133.66218094488673,134.7090606689453,13181000
2020-07-02,134.1155602090396,134.9728517347964,133.7363837318034,134.8491973876953,7599800
2020-07-06,133.8104580461141,134.3792348692278,133.33235597129377,134.2967987060547,7972700
2020-07-07,134.70895445276705,136.29163067836865,134.52760495606339,136.18447875976562,12791900
2020-07-08,135.45086903391507,135.9454483773194,135.04695187883908,135.6404571533203,7253900
2020-07-09,135.7311683066308,138.0309924282891,135.68171161683145,137.80018615722656,13373100
2020-07-10,138.4431692245321,138.65749835008455,136.96765658430724,137.1077880859375,8478000
2020-07-13,136.42358778484962,137.62708841382684,136.2010201016692,137.56114196777344,8054000
2020-07-14,138.42670865442088,138.59981970940729,137.64361476701265,137.75901794433594,11344600
2020-07-15,136.7698031498822,137.61884324055052,136.69561811159056,137.1160125732422,7840300
2020-07-16,137.98976700635177,138.29477087392962,137.69301430530163,137.7672119140625,9107400
2020-07-17,137.8826159751266,137.9897679387314,137.22316412633742,137.47869873046875,8549900
2020-07-20,138.08046941068616,138.1711442146435,137.4952150580525,137.8166961669922,6907200
2020-07-21,137.90734479454164,138.25355418630056,137.72599522104917,137.8990936279297,8454400
2020-07-22,138.69863036361525,138.86350270449788,138.22877941048205,138.3112030029297,6592100
2020-07-23,139.2428061042313,140.0341512982093,138.8801067477416,139.92698669433594,10471800
2020-07-24,139.31695964451015,140.06708654582377,139.20155647338515,139.91871643066406,7520700
2020-07-27,140.33912931514647,140.38034743407033,139.30050063948582,139.3994140625,6146400
2020-07-28,139.75382003445696,140.41327200419772,139.6631452313926,140.3638153076172,8520700
2020-07-29,140.17418202246898,140.4544449316084,139.29216262382914,140.12472534179688,6733700
2020-07-30,140.99850169050472,141.17160008282025,140.7512056949143,141.04795837402344,9376100
2020-07-31,140.25663590611487,141.33649483853299,140.08353748639817,140.95730590820312,8886000
2020-08-03,139.66169908923456,140.28062056711855,139.4388838314392,140.2476043701172,9066200
2020-08-04,140.97381417061266,141.59273566856194,140.8830385139005,141.58448791503906,9878900
2020-08-05,140.33841933994066,140.75103377412464,140.03308868808233,140.3466796875,6954100
2020-08-06,141.42772865068275,142.14567374261543,140.80054664670172,141.13064575195312,9481800
2020-08-07,141.34513418040638,141.52668545482112,139.9422482715549,140.1898193359375,8176900
2020-08-10,140.47043977334621,140.49519562865274,139.52143174128554,139.56268310546875,6408500
2020-08-11,137.95344235773797,138.21752151332336,136.888903167754,137.9039306640625,19234200
2020-08-12,136.7402964705741,137.0456394364163,136.154391559005,136.64952087402344,11744800
2020-08-13,136.41857828085938,136.64139359465082,134.65258905716303,135.18899536132812,12744700
2020-08-14,135.1807104851085,135.46128521927238,134.64431687026632,134.6608123779297,6398100
2020-08-17,135.3127669980278,135.717133642113,134.86713639564948,134.99917602539062,6901500
2020-08-18,135.6345437953086,136.05540575695332,135.41172859585598,135.96463012695312,8140600
2020-08-19,136.46809038139807,136.66614983777004,134.7598732161641,135.11471557617188,12497700
2020-08-20,136.48451833742848,136.69907317851218,136.10490775029598,136.3359832763672,10319900
2020-08-21,136.79818803922524,137.26031417391545,136.1710060632947,137.1530303955078,6836000
2020-08-24,137.25204231874858,137.78843593261664,136.87243157934108,136.93019104003906,6490600
2020-08-25,135.62630703793332,136.23696806017387,135.1971846984221,135.8821258544922,10518300
2020-08-26,135.37875174978385,135.6098147459894,134.74332221422404,135.36224365234375,8276600
2020-08-27,135.96467134490973,136.01419564245757,132.99385568354103,133.05987548828125,19860100
2020-08-28,133.49728280554942,133.7283458904094,132.56477011822577,132.96087646484375,8415400
2020-08-31,133.3568988407415,134.71852050429737,133.32388265710043,133.84378051757812,11388100
2020-09-01,133.639752285872,135.54819412053823,133.16057755998372,135.37469482421875,10587000
2020-09-02,135.08557325119344,136.77920573065526,135.0690591085642,136.66354370117188,15167700
2020-09-03,136.9361568363266,138.16714100464577,136.68004899739765,137.05181884765625,16416600
2020-09-04,135.82910417839526,136.06868527076065,134.20982341567864,134.4494171142578,13780300
2020-09-08,135.79601582648056,136.53129826726965,135.27554321289062,135.27554321289062,13790400
2020-09-09,135.44077537875532,135.69688315645567,134.46589928243216,134.9120330810547,9558900
2020-09-10,134.21801575718743,135.77945831152442,133.79666591150178,135.5977020263672,8847700
2020-09-11,135.7465017850398,135.96131169702312,135.5564882989292,135.88694763183594,5458200
2020-09-14,136.14308815300853,136.3826819421039,135.68043993350943,135.87872314453125,4274900
2020-09-15,135.63085683153358,135.8787076655216,135.31691160140093,135.54824829101562,6928500
2020-09-16,136.13476192105992,136.2256401041666,134.64767010941088,135.14337158203125,8815200
2020-09-17,136.23394878516947,136.2835290361846,135.32517921602863,135.55650329589844,7813900
2020-09-18,135.63075950684845,135.68859678930406,134.9450448208912,135.13507080078125,7246300
2020-09-21,136.22566993578187,136.64700745542802,135.6060492624237,135.8208465576172,11086900
2020-09-22,135.85385521735907,136.21736790942066,135.38293761004,135.71340942382812,10524100
2020-09-23,135.7382300583608,135.9282435239558,135.06077211096635,135.89520263671875,6224800
2020-09-24,136.28345804007347,136.41563415527344,136.00255385552398,136.41563415527344,8278100
2020-09-25,136.40737708751416,136.6634848563652,136.07691789019873,136.41563415527344,5140300
2020-09-28,136.2091612152271,136.23394503694436,135.79608071165092,136.02740478515625,4470100
2020-09-29,136.1512700356645,136.51478271835202,135.95298695250486,136.18431091308594,10297600
2020-09-30,135.4903459602948,135.4903459602948,134.29241554469294,134.8789825439453,12971000
2020-10-01,134.39845605018428,135.4156955005266,134.0593888526747,135.10142517089844,11523900
2020-10-02,135.308265837815,135.3578848438509,134.12562484374862,134.59703063964844,8828800
2020-10-05,133.10833069951067,133.10833069951067,131.92570291700142,131.96705627441406,14726000
2020-10-06,131.76854258074425,133.4887384427513,131.2309742755274,132.67825317382812,22419400
2020-10-07,131.95875506502964,132.66998978321445,131.3798460198259,131.7106475830078,9429200
2020-10-08,132.29788855344492,132.52945226549,132.0415153450576,132.42193603515625,8431500
2020-10-09,131.9257321989713,132.54599484001432,131.33854467963593,132.39712524414062,8441500
2020-10-12,132.67831996719042,132.88507419960402,132.41368111172503,132.8189239501953,3962000
2020-10-13,133.32339021414836,133.83613661633893,133.29856809923623,133.7699737548828,7914300
2020-10-14,134.24965260927152,134.596998187054,133.95192602556136,134.0759735107422,6954800
2020-10-15,134.83685458389232,134.9609147132396,133.67903575899018,133.8444366455078,9458800
2020-10-16,133.69554233780633,134.24137646839986,133.2324149370392,133.4722442626953,8416300
2020-10-19,132.73619448758922,133.13315901247293,132.36403945680604,132.96775817871094,9286600
2020-10-20,132.20691915688482,132.3309666413764,131.45433076623289,131.7024383544922,11189000
2020-10-21,131.32200234170665,131.80167363735754,130.97465677298203,131.24757385253906,10453700
2020-10-22,130.90842688072064,131.18962206127816,129.81677174072658,129.8829345703125,12664900
2020-10-23,129.68444740861813,130.84227800931563,129.6348284407383,130.67686462402344,8783800
2020-10-26,131.66938417014208,132.3392659314753,131.5039706721473,131.89266967773438,7227300
2020-10-27,132.51295160975434,132.90165067157957,132.2400344417102,132.77760314941406,6062300
2020-10-28,133.46402002049305,133.53018290101417,132.4881333069055,132.90164184570312,11765800
2020-10-29,132.92640385019251,133.0091105761103,131.0573504656324,131.6114501953125,11932400
2020-10-30,131.52051763432067,131.78516914190467,130.31307983398438,130.31307983398438,13095400
2020-11-02,131.38854440431308,131.79422247447675,131.08222354219092,131.28919982910156,10810500
2020-11-03,130.6847544667699,130.79237348128925,130.0141410865893,130.52745056152344,16228700
2020-11-04,133.82251131603306,134.26129978366333,132.9118111193536,133.35888671875,21570800
2020-11-05,133.82252582475064,133.90532135445176,132.94494879434532,133.59071350097656,18537500
2020-11-06,132.15015602880408,132.3985299876543,131.58718684604622,131.97630310058594,12408400
2020-11-09,129.12834192479252,129.2773587588012,128.01895227330266,129.20285034179688,23245000
2020-11-10,128.29216993245745,128.99588163333553,128.14314045691202,128.45774841308594,12561000
2020-11-11,128.34177970843356,129.10345045463876,128.30038195023087,128.9213104248047,5888200
2020-11-12,129.93142770496436,131.14016206997226,129.7410130701975,131.11532592773438,15999700
2020-11-13,131.10695410203968,131.22286022405413,130.73439961219466,130.94137573242188,7344600
2020-11-16,130.58546379199757,131.04081410928836,130.48611922561736,130.62686157226562,6310400
2020-11-17,131.44644259062122,131.76932494246537,131.29741316440322,131.47955322265625,7444600
2020-11-18,132.00117018513637,132.10880187353487,131.09875680144395,131.8604278564453,10333300
2020-11-19,132.4399163424066,133.06084486962317,132.33228468851894,132.5392608642578,10637200
2020-11-20,132.90347059027405,133.73964934973543,132.78756449853864,133.71481323242188,7246800
2020-11-23,133.14367743631607,133.28441975903706,132.69660169795358,133.10227966308594,11300000
2020-11-24,132.45650647445876,132.48134261026559,131.64515059534943,131.77761840820312,10891700
2020-11-25,131.84387542969438,132.39029577889556,131.3222912206543,131.37196350097656,9145800
2020-11-27,132.1418435721637,132.68826359811447,132.11700744669508,132.64686584472656,4708200
2020-11-30,132.4896740406819,132.9036266591013,132.26613608954267,132.4813995361328,13071600
2020-12-01,131.39821979395364,131.55568420314157,129.84844981810994,130.5280303955078,13662800
2020-12-02,130.01418148412705,130.05560882849693,128.85392499045133,129.4920654296875,12114300
2020-12-03,130.0639201232065,130.79322357041963,129.76556986259303,130.5363006591797,9626500
2020-12-04,129.02791768350068,129.11078498570487,128.26547021641736,128.621826171875,12734500
2020-12-07,129.57496293584353,130.0141990695343,129.43406442137407,129.7821502685547,9316100
2020-12-08,130.58599186687107,131.00036638548798,130.27934612401395,130.39537048339844,7397200
2020-12-09,129.74063551392794,130.37877567176935,129.29310405154942,129.9644012451172,7750100
2020-12-10,130.31247611450263,131.182652306386,129.97268604480684,131.11636352539062,10025100
2020-12-11,131.48107736906323,132.0943564314231,131.2076012158456,131.58053588867188,8135900
2020-12-14,130.5196590646766,131.51415514125475,130.20473045957377,131.21580505371094,7535900
2020-12-15,130.75997177780417,131.26550900185745,130.3704588684991,130.77655029296875,6847500
2020-12-16,129.7655867964485,130.85124652249866,129.60812238200532,130.4285888671875,9954200
2020-12-17,131.18676128283593,131.46053520363958,129.77640848010887,130.0833740234375,9422700
2020-12-18,130.34890121962712,130.56460888452563,129.56906231185675,129.69351196289062,6505000
2020-12-21,130.41524334667025,130.53138873359032,129.7930332041204,130.2078399658203,8988200
2020-12-22,130.71391684783993,130.93791606442974,130.31570586415717,130.8798370361328,7370800
2020-12-23,129.9341027178227,129.9921817571512,128.97176037937652,129.9755859375,9266600
2020-12-24,130.16636515179525,130.6060593348395,130.1248946000692,130.4899139404297,3117100
2020-12-28,129.7350014836366,130.62268160808748,129.50271064776717,130.5480194091797,7791100
2020-12-29,129.74325885965288,130.48990596969443,129.71837146657802,130.38206481933594,9030900
2020-12-30,130.1000228289692,130.68904145031811,129.98386476171157,130.66415405273438,9097300
2020-12-31,130.63091769493872,131.1452738976014,130.6226134601251,130.8549041748047,7742100
2021-01-04,129.9755213240304,131.22823291856804,129.867667538266,130.69728088378906,13152900
2021-01-05,130.2078773298182,130.2078773298182,129.1376811474477,129.72669982910156,10458100
2021-01-06,127.61117719527823,127.63606459196406,126.34185666980257,127.06362915039062,22827300
2021-01-07,125.92703821731196,126.24229542475177,125.48734403793456,125.94363403320312,14651900
2021-01-08,125.66991427666647,126.06813807654177,124.98963743829474,125.53718566894531,13622500
2021-01-11,125.2716252695312,125.44584965604547,124.84852698641947,125.32970428466797,8370700
2021-01-12,125.09740712469062,125.4043727106368,124.38393904808898,125.23014831542969,12186300
2021-01-13,125.8191936195689,126.98895175937807,125.74453143844869,126.6405029296875,12533300
2021-01-14,126.58247602704243,126.63225082997357,125.09746022545225,125.4542007446289,14835500
2021-01-15,126.25888012808743,126.3999129035033,125.66155739756292,125.9519271850586,11624700
2021-01-19,125.78602399943706,126.39994268905915,125.69476598691082,126.35845947265625,9575600
2021-01-20,126.0929070402722,126.49940938148349,125.92697428340256,126.48282623291016,5368900
2021-01-21,125.63666753198278,125.89384568555444,125.354601986704,125.59518432617188,8162700
2021-01-22,125.97679870712956,126.10952722916082,125.62005836575015,126.0016860961914,9507200
2021-01-25,126.73178099717994,127.5033283009757,126.63223140658698,127.48673248291016,8712600
2021-01-26,127.0138334973933,127.42864025256586,126.86449648290446,127.24612426757812,7690300
2021-01-27,127.81855821301222,128.1752859422766,127.37055983335763,127.56967163085938,7895200
2021-01-28,127.26270525742744,127.31249270067474,126.23399262380217,126.86449432373047,10667800
2021-01-29,125.62011795624628,126.50781078353343,125.52056835277548,126.1012954711914,14965900
2021-02-01,125.96502114641082,126.54642117449073,125.82382490198927,126.2474136352539,8165500
2021-02-02,125.20091163492735,125.49160535409159,125.01818407496268,125.4334716796875,9177500
2021-02-03,124.9434577047864,125.07635281721561,124.23747618296022,124.32052612304688,9633100
2021-02-04,123.88858577530657,124.16267708094398,123.58957823039034,123.98825073242188,8262600
2021-02-05,123.83878730301609,124.22915872367454,122.94176442194396,122.95006561279297,10258900
2021-02-08,123.17428876448751,123.97163375616607,122.95833112933154,123.48989868164062,11574800
2021-02-09,123.9383839503353,124.31214010964017,123.47326404777216,123.58123016357422,5218300
2021-02-10,123.98828441695535,124.40357208251953,123.87200437754034,124.40357208251953,8079800
2021-02-11,124.32046789382485,124.41183165663006,123.54803917757425,123.72246551513672,11962700
2021-02-12,122.67598003182567,122.99160272904372,122.11949605286054,122.18594360351562,14088400
2021-02-16,120.61611528575686,120.98157035222538,120.15099526427694,120.32540893554688,17789100
2021-02-17,121.22249473437053,121.57964879859892,120.41683546525306,121.089599609375,11199100
2021-02-18,120.10948908896526,120.93176316044945,119.86862783946916,120.59952545166016,10755300
2021-02-19,119.65268521775744,119.86864292404032,118.64769612193469,118.99653625488281,12741700
2021-02-22,118.79715755164216,119.38687145900334,117.70910617998086,118.0911636352539,13203900
2021-02-23,117.54298946868884,118.35694950263367,117.22736688113942,117.7506332397461,12658500
2021-02-24,115.74065393904947,117.26059533335673,115.58284263043683,116.97820281982422,17363100
2021-02-25,115.88185919983191,116.21408422114624,113.46488224801773,115.06788635253906,52621700
2021-02-26,116.92008112673017,119.02143548879569,116.01474447513642,118.8719253540039,45423300
2021-03-01,116.96930085327008,117.59298188096783,116.49529718158477,117.30192565917969,22048000
2021-03-02,116.75309070514025,117.36014941317237,116.66161697439732,117.31025695800781,12482200
2021-03-03,115.90488341439712,116.54518678456158,115.38929848237117,116.03792572021484,19763700
2021-03-04,116.11280686742957,116.37059305515176,114.7240783128295,115.28954315185547,22366600
2021-03-05,114.89868345228403,115.87162440209157,114.74900608561697,115.51405334472656,20598000
2021-03-08,115.44750324996942,115.50570687378698,114.61592864990234,114.61592864990234,15236600
2021-03-09,115.81340541917271,116.27077401586202,115.56393048563106,116.2042465209961,14463400
2021-03-10,116.25412533668498,116.54516881766737,115.82170301517827,116.43707275390625,12387600
2021-03-11,115.73021529737744,115.90485151588368,115.13980454048613,115.59716033935547,14150700
2021-03-12,113.4267600028159,113.476665132867,112.8030791097898,113.14402770996094,20402700
2021-03-15,113.5016551690246,114.00059246276028,113.43512765876149,113.80933380126953,11366500
2021-03-16,113.94235991360578,114.02550976371997,112.88625657546244,113.35193634033203,15567900
2021-03-17,112.38731844995155,112.7033209043053,111.55574372908228,112.50373840332031,27107500
2021-03-18,110.85722559977309,111.82185533514235,110.75744069226022,111.36448669433594,21615100
2021-03-19,111.49754917311114,112.12123026453298,111.2647092474196,112.05470275878906,18685000
2021-03-22,112.83635759494955,113.4350923119243,112.57024763681802,113.31034851074219,17047500
2021-03-23,113.58472830278782,114.37472133410496,113.21883358795044,114.3331527709961,16768400
2021-03-24,113.97558396062409,114.99010573239684,113.88411027009317,114.94852447509766,13863000
2021-03-25,115.08162846554302,115.3061571995881,114.00057875916043,114.04216003417969,20782000
2021-03-26,113.44339240441965,114.12528958888261,113.27708004124965,113.64297485351562,8433300
2021-03-29,113.78437885539554,113.8010139038934,112.2376492545232,112.67838287353516,13968100
2021-03-30,112.51204004810256,113.51823815587004,112.27087632094388,113.2687759399414,15020800
2021-03-31,113.3769267668413,113.58482050641177,112.24598431602477,112.63682556152344,19271300
2021-04-01,113.7068140079087,114.59780914562126,113.49863603012277,114.50621032714844,14885900
2021-04-05,113.70682260733923,114.05656011172853,113.1988677948789,114.00659942626953,8243000
2021-04-06,114.21476786331576,114.89758501775044,114.08985345394365,114.781005859375,9282400
2021-04-07,114.456282997205,114.99755352087598,113.98164367675781,113.98164367675781,11052700
2021-04-08,114.40629953764761,114.97255029677157,114.38131919449856,114.92257690429688,7847900
2021-04-09,114.49788778226014,115.07246103393737,114.15647284920912,114.50621032714844,8717800
2021-04-12,114.46461119291999,114.52289443287846,114.16483432779236,114.4562759399414,7659000
2021-04-13,114.33138582080686,115.33896045165567,114.24810951963175,115.31398010253906,13232800
2021-04-14,114.93919485224748,115.11406989983809,114.55615458597802,114.94751739501953,7293200
2021-04-15,116.1550218312781,117.39575479698654,116.13004148338995,116.87115478515625,23896700
2021-04-16,115.83023095222168,116.35483081164824,115.68865874707889,115.96345520019531,15238400
2021-04-19,115.53044973505173,116.00508889504331,115.3722324463296,115.63037109375,13886800
2021-04-20,115.28897989114019,116.37983063522954,115.2723220925391,116.163330078125,11476500
2021-04-21,116.19663653358292,116.50474863935636,115.80527355078247,116.39649200439453,11902200
2021-04-22,116.5796618241921,116.9044189453125,115.9134897868189,116.9044189453125,14156400
2021-04-23,116.89609731258354,116.97103833200165,116.1549842505963,116.62962341308594,12302200
2021-04-26,116.70456220877871,117.00433898691402,116.45475881547814,116.46308135986328,9103500
2021-04-27,116.23829390389882,116.42982685992253,115.35562099763276,115.44721984863281,14137300
2021-04-28,115.45556013837603,115.65541567295494,114.88099930055267,115.52217864990234,15263700
2021-04-29,114.45626462931398,115.21403561713913,114.18980339007588,115.18073272705078,17178200
2021-04-30,115.3389631957655,115.52216089776562,114.89762674263247,115.44721984863281,15692000
2021-05-03,115.66648975233575,116.45872345598616,115.31623946413683,115.51638793945312,16447700
2021-05-04,116.32534809404858,116.88408181801246,116.05014860765246,116.30033111572266,18639700
2021-05-05,115.94173511245444,116.62556646403034,115.85000194882379,116.49213409423828,11127900
2021-05-06,116.12522610914942,116.90912554219396,116.0835268941295,116.6839599609375,21907600
2021-05-07,116.83404339657665,117.25100998582236,115.84166087820213,116.10851287841797,18346900
2021-05-10,115.8750063814624,116.12518886653177,114.8242552139427,114.93267059326172,15146200
2021-05-11,114.4406530232015,114.64913632966902,114.05705086519555,114.2822036743164,15158600
2021-05-12,113.97360804462714,114.08202339368746,112.88115798036345,113.08130645751953,20859400
2021-05-13,113.3564994613654,113.723431994285,113.10632975692653,113.25643157958984,13073900
2021-05-14,113.8568708067419,114.31553649902344,113.59835361422166,114.31553649902344,17566700
2021-05-17,114.10707966338141,114.39061389340245,113.89026161539074,114.07371520996094,6113800
2021-05-18,113.7484882668435,113.89026811475554,113.47330149687883,113.78185272216797,11423100
2021-05-19,113.8652303607498,114.49902771899312,113.09801336507515,113.50664520263672,14296000
2021-05-20,114.04870131293256,114.65748171859963,113.97365037792517,114.4406509399414,13310500
2021-05-21,114.79924428968256,114.83259601787209,114.29887929316652,114.80757904052734,10171600
2021-05-24,115.07441254915936,115.56642993655112,114.99101416409327,115.23284912109375,6868700
2021-05-25,115.60816502414653,116.33368284522024,115.59981754816393,116.30033111572266,12346900
2021-05-26,116.408702194184,116.67556685699815,115.81661690137732,116.10015106201172,9793700
2021-05-27,115.49975396771423,115.65820331959644,115.07445259540783,115.63318634033203,10695200
2021-05-28,115.56644952585374,116.16688237064747,115.36630100265278,115.44969940185547,10258000
2021-06-01,115.09809607764052,115.46554408465353,114.62206390320048,115.42379760742188,11778500
2021-06-02,115.7077157547634,115.90813958162255,115.51563867298262,115.69100952148438,7347900
2021-06-03,115.67432635694892,115.67432635694892,115.12314798004337,115.25675964355469,10994000
2021-06-04,115.68271407447786,116.83518981933594,115.68271407447786,116.83518981933594,15773700
2021-06-07,116.57624034860028,116.67646499793908,116.350763559611,116.47602844238281,7799800
2021-06-08,117.4698706257469,117.4698706257469,117.0940631330998,117.29448699951172,11230900
2021-06-09,118.38850794925713,118.71420947035428,117.96259449647613,118.3300552368164,12768300
2021-06-10,117.61185345907376,119.05663085981708,117.48657578699999,119.03992462158203,19698300
2021-06-11,118.84781646728516,118.92297540503968,118.45530280151459,118.84781646728516,8646700
2021-06-14,118.67246728361124,118.67246728361124,117.76216214645667,117.93754577636719,9401300
2021-06-15,117.58681748391284,117.82900062928908,117.31956860599489,117.79560089111328,18207300
2021-06-16,118.08786438677267,118.31335398568706,117.09406628840945,117.69535064697266,19676300
2021-06-17,118.47203761043124,121.03589080283544,118.28830722285657,119.45748901367188,35225800
2021-06-18,120.49305379062868,121.9628840829604,120.35942937956438,121.70399475097656,26616900
2021-06-21,120.58491929457401,120.66843773748813,119.44079053677682,119.66626739501953,16485000
2021-06-22,118.7309176030669,119.99196448835401,118.68915838315678,119.95856475830078,14530200
2021-06-23,119.51595748882357,119.84165904898776,119.18190918105942,119.64958190917969,12040900
2021-06-24,119.77488546114891,120.17574610835175,119.6997264791353,119.8416976928711,8788400
2021-06-25,119.6412221864983,119.75814036830168,118.06282036058948,118.59730529785156,15562200
2021-06-28,119.19030761400833,120.09225372784026,119.17360136843784,119.81665802001953,11460700
2021-06-29,119.50761970618956,120.02539844500345,119.45750098745174,120.01705169677734,11217900
2021-06-30,120.4680257294779,121.03591047930024,120.31770779327594,120.55154418945312,15708900
2021-07-01,120.3992669879283,120.67522184098196,120.02296955548714,120.55815124511719,10810000
2021-07-02,120.60835979740281,121.28569793701172,120.5080171870139,121.28569793701172,9650200
2021-07-06,121.85434015166899,122.91634626829082,121.85434015166899,122.70729064941406,20037200
2021-07-07,123.40139014555875,124.22924245354162,123.10870709622904,123.79440307617188,20964400
2021-07-08,124.49683738017524,124.96512004204389,123.90311365975535,124.27941131591797,17487800
2021-07-09,122.8160204113358,122.91637580914016,122.49826447090071,122.53170776367188,14483600
2021-07-12,122.99994663026546,123.11701725290297,122.23062357297019,122.3727798461914,10610400
2021-07-13,122.77424863014676,123.30943075974797,120.95127612760774,121.43628692626953,23340200
2021-07-14,122.09685757308849,122.85782320354987,121.92961560457081,122.81600952148438,16038600
2021-07-15,123.71911751464793,124.26266980072879,122.94979433840736,124.17068481445312,18462400
2021-07-16,123.20901646604882,124.04523894146885,123.19230120355493,123.93653869628906,12787900
2021-07-19,126.22778471317908,127.06400721907592,125.95182975506398,126.65426635742188,40203900
2021-07-20,127.5489988434175,127.69952550716931,125.23265927368077,125.43335723876953,25674800
2021-07-21,123.91145292149731,124.17905026560183,122.64876144833123,123.84456634521484,19988900
2021-07-22,123.85294030441352,125.27451629307508,123.81112661891707,125.01528930664062,18136900
2021-07-23,123.7107792533746,124.31286057422521,123.66896556947626,124.17906188964844,12639300
2021-07-26,124.59710896131816,124.64728025222769,123.66054417170504,123.8110580444336,10737700
2021-07-27,124.87310491996833,125.17414552424383,124.58879233808103,125.13233184814453,13036500
2021-07-28,124.32114612048696,125.15736827459777,123.9866623627376,125.14064025878906,14346700
2021-07-29,124.41318396880538,124.78112391462166,124.20412834138641,124.44664001464844,11532000
2021-07-30,124.70592466710505,125.19929311381483,124.64738293965705,125.03205108642578,14342100
2021-08-02,125.12576567338127,126.61605483166302,124.89970684423015,126.14720153808594,21232700
2021-08-03,126.21410369873047,126.61597587472093,125.91269637291609,126.21410369873047,13361900
2021-08-04,126.84212804655577,127.11005154486857,125.35183871925354,126.47373962402344,18267900
2021-08-05,126.22256808015685,126.3565298330724,125.58626891675183,125.82906341552734,15345400
2021-08-06,124.17967956638005,124.54805513712338,123.65221327316515,123.7275619506836,21144300
2021-08-09,124.03734876042319,124.38062091246691,123.26708795420166,123.2838363647461,12942400
2021-08-10,123.48476112216694,123.55174197937208,122.7061198355378,122.7145004272461,13716900
2021-08-11,122.58049887464176,123.26703008111308,121.99443253368133,122.63909912109375,17227600
2021-08-12,122.31263850004191,122.60567820902445,121.76005590468354,122.438232421875,14709400
2021-08-13,122.93224950186057,124.38067464497055,122.91550108408079,124.37230682373047,18653800
2021-08-16,124.90809456788628,125.60300673028547,124.5899386253844,124.67366790771484,19170900
2021-08-17,124.64851404920651,125.14248345007017,124.47268771950894,124.62339782714844,14126900
2021-08-18,124.50623423813744,125.14253340978551,124.28854319300557,125.04206848144531,13144000
2021-08-19,125.845791744647,125.97138565869768,125.42717091506582,125.96300506591797,15474300
2021-08-20,126.08022934844122,126.26442355149405,125.6783568941873,126.04674530029297,12388400
2021-08-23,125.75369465112739,126.00486970393487,125.51926800858544,125.96300506591797,10615000
2021-08-24,125.38532432040813,125.64488000334623,124.98345184326172,124.98345184326172,13835900
2021-08-25,124.924858532128,125.05880751512012,123.56015026706828,123.94527435302734,16743800
2021-08-26,123.8866712108719,124.38902140521897,123.50153435849965,124.28854370117188,16657400
2021-08-27,124.38900305669803,125.15926387252583,124.18806045354086,125.13414764404297,15384700
2021-08-30,124.7406648744268,125.50254523064574,124.69041963336825,125.460693359375,10596300
2021-08-31,125.30992341254746,125.6615632804423,124.33035247156393,124.60664367675781,15262400
2021-09-01,125.13400548577754,125.23459816496711,124.48012748796306,124.81544494628906,10807100
2021-09-02,125.1088241548162,125.3686970348685,124.69804950443626,125.36030578613281,9765900
2021-09-03,124.29568739639865,124.49687273591782,124.01904476301989,124.22023010253906,12928000
2021-09-07,123.44896771820008,123.6669355190991,122.94599166778045,123.17232513427734,15547800
2021-09-08,123.78431713305939,124.22861846957258,123.55797083981355,124.01065063476562,14533700
2021-09-09,124.21184548933742,125.65373337830026,123.94359411942347,125.51122283935547,20324600
2021-09-10,124.82378566028989,125.05013191156279,124.20344727081657,124.40463256835938,14894600
2021-09-13,124.94121178186585,125.31845999037303,124.86576725678192,125.1591796875,15036100
2021-09-14,125.5195935266616,127.06208677644334,125.39385270347705,126.67646026611328,19918400
2021-09-15,126.76034549859867,126.79387213402441,125.68730129182296,126.23220825195312,11940300
2021-09-16,125.46933436105931,126.12321241837276,125.32682378872609,125.65376281738281,13328900
2021-09-17,125.0584806887835,125.2093824176649,124.65609739765677,125.05010223388672,13782900
2021-09-20,126.22378553687605,126.89442034261378,125.93875167374463,126.60102081298828,14660400
2021-09-21,126.34112305977153,126.55069959323231,125.9135787449282,126.49201202392578,10035800
2021-09-22,126.4082070290289,127.24651336669922,126.11480748576804,127.24651336669922,22277800
2021-09-23,126.0980564200267,126.12320459055161,124.35437744489796,124.37114715576172,23853300
2021-09-24,123.93520499110805,123.94359624100913,123.01307570129158,123.15558624267578,20203900
2021-09-27,122.44297751739732,123.12200335961163,122.29208857092081,122.70285034179688,13464300
2021-09-28,120.99275543831843,121.61310673410942,120.41432201778377,120.79155731201172,26613500
2021-09-29,121.38675567946709,121.91487995405427,120.45623516805078,121.00112915039062,23569400
2021-09-30,120.79990849630042,121.14360425971391,120.42266053565466,120.98433685302734,22567600
2021-10-01,121.58284762071169,122.04449124658757,121.03724899628912,122.00253295898438,26151800
2021-10-04,121.4317450961185,122.09485505301971,120.9533105065553,121.69194793701172,28027600
2021-10-05,121.37295361146636,121.45688295895117,120.41607195727163,120.51679229736328,22659200
2021-10-06,121.06239108046428,121.47368719363249,120.89451955941998,121.19669342041016,18696500
2021-10-07,120.18946305774264,120.31536350870306,119.68583563834638,119.92926025390625,14856000
2021-10-08,119.4088645535838,119.48441764630981,118.79612756272009,119.08991241455078,17257800
2021-10-11,118.85483273664332,119.10663356587683,118.72891951425295,118.78768157958984,7213400
2021-10-12,119.71941174179119,120.87773425698427,119.59349848924678,120.81898498535156,17968700
2021-10-13,121.38135043171262,122.15356963972009,121.3561703450866,121.99408721923828,23584600
2021-10-14,122.01930049069493,122.51453888050308,121.66676637427864,122.4473876953125,12946400
2021-10-15,121.70873714292087,121.8262485147477,121.2638717490208,121.73391723632812,11811500
2021-10-18,121.70878192436244,122.54815283418564,121.30588747382674,122.30474090576172,12115900
2021-10-19,121.42337049011896,121.48211978001866,120.57559787249497,120.61756896972656,12156300
2021-10-20,120.23981330406514,120.60073643885084,119.6186745791644,119.80333709716797,12782500
2021-10-21,120.03000782847819,120.15590830798338,119.383688815531,119.66068267822266,13660000
2021-10-22,120.40765330242338,121.20505243533223,120.20621265027043,120.97843170166016,13740000
2021-10-25,120.59237730885695,121.12118490614813,120.55880811895915,120.79383087158203,8137900
2021-10-26,121.3897565162543,121.79266357421875,120.6511191922074,121.79266357421875,13671000
2021-10-27,122.88386996055843,124.37794883790956,122.48936469215641,124.00863647460938,22092300
2021-10-28,124.0505641353467,124.50383139076753,123.25316469891708,123.58892059326172,17497600
2021-10-29,122.94261871070438,124.22685476575502,122.81671823776982,123.9666519165039,19087300
2021-11-01,122.53624571014068,123.34306152877498,122.45219651798426,123.07412719726562,18035500
2021-11-02,123.12452742256235,124.02380487056995,123.12452742256235,123.6203842163086,9836700
2021-11-03,124.2338706090583,124.36833128834544,122.30925546112731,122.34288024902344,20639400
2021-11-04,122.59501058922537,123.84727113167416,122.5782110182046,123.6287612915039,15922400
2021-11-05,124.82227092411618,125.71313611824158,124.4944995258227,125.47781372070312,21513000
2021-11-08,125.19199201597998,125.46092624191219,124.81378362385787,125.24241638183594,12083800
2021-11-09,126.73841311780502,127.55364132036716,126.60393957789522,126.87288665771484,23430200
2021-11-10,126.76354544163046,126.8475817330537,123.56987141337319,124.55318450927734,28170600
2021-11-11,124.81381011060138,124.93988387609659,124.2927411207121,124.36837768554688,5552500
2021-11-12,124.38516070612782,124.81378062972261,123.34301014840015,123.82206726074219,12712000
2021-11-15,123.45229706028208,123.51113404729114,122.04876304912126,122.26727294921875,15232700
2021-11-16,122.44380172586096,123.02370783273254,121.73783464971588,121.95634460449219,12998700
2021-11-17,121.50246477004026,122.94801034073221,121.41001582069526,122.92279815673828,14239900
2021-11-18,122.69587830838654,123.46066919950724,122.66225351645336,123.3850326538086,11054600
2021-11-19,124.03222439146961,124.8894773880305,124.03222439146961,124.6877670288086,14022100
2021-11-22,123.88091482696552,124.0826251477783,122.81356470926907,123.22537231445312,15266000
2021-11-23,122.6455115466298,122.79679754899999,121.44368743896484,121.44368743896484,15318500
2021-11-24,121.81340851658537,123.39344024658203,121.68733478811322,123.39344024658203,13769700
2021-11-26,125.08274378142039,126.63755079601401,124.94827024231209,126.51148986816406,20064800
2021-11-29,124.64579062952383,125.76357859054804,124.5281294138429,125.49464416503906,23234200
2021-11-30,126.76362132104357,127.80577198644984,126.2761643722617,127.40235137939453,31481100
2021-12-01,126.63159675887303,128.24720194880507,126.04256319988963,128.18829345703125,30826500
2021-12-02,128.6847852508103,128.73528375919363,126.85881414154991,128.34820556640625,17754200
2021-12-03,127.63295427521484,130.5275857065937,127.35528310483551,129.87966918945312,34427100
2021-12-06,129.62721581160108,129.8796569642396,127.84330774872869,128.0957489013672,30924200
2021-12-07,127.66661415806053,128.34819631565313,126.94295633302706,127.06076049804688,22115900
2021-12-08,126.61478252283683,126.6231925201731,124.83929726839824,124.86454010009766,33633900
2021-12-09,125.66392145710616,126.08465242181298,124.94026368422283,125.56295013427734,17544900
2021-12-10,126.1519649436137,126.42123891132715,125.21794173260312,125.26001739501953,14298700
2021-12-13,126.5474434311196,127.32158676986447,126.48012494431285,127.11122131347656,17860500
2021-12-14,126.53058180603061,127.00179826675873,125.63863452826877,126.80826568603516,14015500
2021-12-15,125.89110732020364,126.88402613564246,125.4872092291513,125.58818054199219,25383900
2021-12-16,125.30846171935676,126.26038893683976,125.29160992365998,125.63700103759766,18677900
2021-12-17,126.64792915234241,127.18707109282488,126.49630150696818,127.06071472167969,18093500
2021-12-20,126.9932899677588,127.2207442355211,126.02452374316582,126.10875701904297,17147300
2021-12-21,124.79463332504433,125.68758598600805,124.35657646817523,125.62862396240234,16598200
2021-12-22,126.13406559183262,126.24358302243331,125.5359615958409,126.20989227294922,12253900
2021-12-23,126.01603364859612,126.02446597022654,124.70187688913317,125.11466217041016,11642500
2021-12-27,125.06421905749032,125.52753436604584,124.94628214826835,125.41802978515625,7821800
2021-12-28,126.02459651963059,126.17622421626402,124.6851542618914,124.92102813720703,9174600
2021-12-29,123.75844980173603,124.09540864269364,123.3372448234611,123.55626678466797,11771200
2021-12-30,124.04490675218466,124.65144314799844,123.37097599526268,124.59246826171875,10355000
2021-12-31,124.51666433559188,125.54440592950594,124.19654430839078,124.83678436279297,13402300
2022-01-03,123.33722337252405,123.7836995435114,121.54288636381594,121.55973815917969,33860400
2022-01-04,120.97855321746223,121.41661020709984,120.24566031211945,121.05436706542969,21996400
2022-01-05,121.4249963368133,121.44184813867659,120.22035601383797,120.39725494384766,20911700
2022-01-06,120.11926927870203,120.83532310196455,119.86654364377645,120.70895385742188,18996400
2022-01-07,120.57419141384833,120.66685706183058,119.25160106120714,119.8412857055664,18756800
2022-01-10,119.32734355467565,120.30454201198276,119.08305036742561,120.13606262207031,13775800
2022-01-11,120.3635838108511,120.9953915150304,120.21194327768453,120.93641662597656,24388700
2022-01-12,121.22278203241882,121.31544763754506,120.46461824804427,120.47303771972656,14440600
2022-01-13,120.79316336637187,121.66084459480035,120.4898952673183,121.54290771484375,15166000
2022-01-14,120.81845659612641,120.8521601989003,119.44532400164978,119.70648193359375,22997500
2022-01-18,118.74613304939538,119.04096887114966,117.9542655007469,118.02165985107422,21171700
2022-01-19,118.38392027311724,119.37797112675176,118.19858897589998,118.83882904052734,17930500
2022-01-20,119.09148309128268,119.61378596853626,118.8556093483249,119.57166290283203,13959000
2022-01-21,120.80155205579574,121.391249159468,120.18659654230753,120.99531555175781,28916600
2022-01-24,121.55972966076784,121.61869165918844,119.98441468530656,120.00126647949219,25001600
2022-01-25,120.55727753757579,121.06272860345008,119.45372265970997,119.80753326416016,15599000
2022-01-26,119.84122594659965,120.10238380916748,118.35016970098552,118.35858917236328,23655500
2022-01-27,119.96763780369126,120.77634438480129,119.90024344623886,120.53205108642578,21501800
2022-01-28,119.69804404166345,120.85215458109379,119.49587385105076,120.57415771484375,12826500
2022-01-31,119.77382527669977,120.42248445480477,119.58850693710957,119.95073699951172,13998400
2022-02-01,120.0250168378336,120.09250503857706,118.99584430259756,119.5526123046875,20806100
2022-02-02,119.74662374695734,121.1132371821726,119.72974848003793,119.95751953125,18404600
2022-02-03,118.47278678806404,119.35010735704108,118.25344699177946,119.02111053466797,17234100
2022-02-04,117.9750760367171,118.21970941883032,117.0724361373587,117.2664566040039,23609800
2022-02-07,117.18213962572214,117.51956774026804,116.87844917380785,117.34242248535156,12962400
2022-02-08,116.59162711961453,116.90374875078203,116.2626302220968,116.55787658691406,16269200
2022-02-09,117.02186038214732,117.57018430324236,116.57476232413252,116.77721405029297,14349100
2022-02-10,116.12764082862681,116.2710483963998,114.59231356413598,114.92131042480469,30896200
2022-02-11,115.46124004728243,116.84471611918168,114.18743392144319,116.6253890991211,43210300
2022-02-14,115.68060131910045,116.19518773270694,114.70204143878945,115.17444610595703,23157400
2022-02-15,114.38988212101704,114.59233384214303,113.83311414380547,113.86685180664062,18198500
2022-02-16,114.68512511821196,114.7863638478428,113.47036333909931,114.54171752929688,16473700
2022-02-17,115.10694543169947,116.05176753586832,114.64297201519608,115.39376068115234,24508200
2022-02-18,116.00952282811929,116.7265605625687,115.70583247233678,116.60845947265625,17522600
2022-02-22,116.15298114246947,116.97968913318931,115.96739179548312,116.91220092773438,19534000
2022-02-23,116.14447084057018,116.2878912404136,115.20810631299791,115.30088806152344,17757800
2022-02-24,117.34242721403335,117.5701854081042,114.93820996682159,115.37687683105469,28150400
2022-02-25,115.45276570365995,115.83237546546816,114.87912259101599,115.46119689941406,15025400
2022-02-28,116.77718939999734,118.13535855521415,116.68440762646419,117.99195098876953,25817700
2022-03-01,118.56212746976627,120.22618799148853,118.25803486455044,119.35614776611328,35664400
2022-03-02,118.12290431247742,118.61283210556168,115.2255880421392,115.2762680053711,30397400
2022-03-03,116.13785105504233,117.1599312192236,115.74084087550297,116.45038604736328,20649100
2022-03-04,118.56213719640121,118.95070501403887,117.67519928433363,118.46077728271484,25853100
2022-03-07,117.51469295228377,118.79864092262365,117.21905560253036,117.55693054199219,23710900
2022-03-08,116.15475927289216,116.77984227305778,115.93514178645339,116.3743896484375,28331300
2022-03-09,115.78305636415968,116.01111612572177,114.98903615667292,115.23399353027344,18819200
2022-03-10,113.89094227209883,114.17813727888927,112.95332442949173,113.57840728759766,26868900
2022-03-11,113.46860646124182,114.41466678625018,113.36724653759242,113.95853424072266,15583800
2022-03-14,112.09174999770748,112.2522451495602,111.26394714453203,111.2977294921875,24385000
2022-03-15,112.22691549650966,112.47187298460143,110.81626712585965,111.10346221923828,17518800
2022-03-16,111.35682689388078,112.4549397117933,110.08133425508125,112.19308471679688,25857700
2022-03-17,112.19309997768235,112.63233485331202,110.71487445340816,111.35684204101562,19330600
2022-03-18,111.981926984005,112.80127443185512,111.981926984005,112.71681213378906,55891700
2022-03-21,110.89225454672851,111.22168714874026,109.59986411659752,110.106689453125,26122000
2022-03-22,108.9325805457618,109.25355796643865,108.40885747888782,108.69605255126953,21830900
2022-03-23,109.27888614321022,111.16257730708723,108.8480935811814,111.0781021118164,21266100
2022-03-24,109.51539312833809,110.80778360800412,109.47316842292884,110.20805358886719,17141600
2022-03-25,109.38870634386569,109.40560396151706,107.8260118278639,108.67916107177734,25684500
2022-03-28,109.29576428893675,110.28406202983439,109.00011404726442,109.6082992553711,17657800
2022-03-29,110.28409680264728,111.12035494974367,109.59144908502869,110.43614959716797,19319700
2022-03-30,109.87019652210655,111.50890461007658,109.80261893768929,111.2977294921875,16310200
2022-03-31,111.48354086745147,112.06638613086515,111.21324347649507,111.5680160522461,19901000
2022-04-01,109.98777386719755,112.48346873099023,109.73398576682014,111.99279022216797,23489700
2022-04-04,111.61196835259359,111.65427062910506,110.57986767699977,111.21436309814453,13609900
2022-04-05,110.62218722688421,110.63911072387468,108.53258070374406,108.70178985595703,25196900
2022-04-06,106.95906432390147,108.54107605825841,106.9336855264902,107.82197570800781,22952000
2022-04-07,106.68832069543019,107.16207534478988,106.09612738373058,107.00979614257812,23458800
2022-04-08,106.12996509940398,106.45144701197135,105.123236435079,105.85079193115234,26859200
2022-04-11,104.83558694838399,105.06400896904464,103.68503446014084,104.17571258544922,30020700
2022-04-12,104.94557370184643,105.03863357187386,103.77809767947439,104.03189849853516,23124200
2022-04-13,104.09957549790171,105.15706811184049,103.96421334519466,104.24339294433594,17189500
2022-04-14,103.93885702838809,103.9980763693959,101.84078838875205,102.15380859375,34274500
2022-04-18,102.25531893012666,102.43297693351737,101.25704553886699,101.64620208740234,18784300
2022-04-19,100.80019802369951,101.28241440117266,100.39411801689029,100.88479614257812,26012300
2022-04-20,101.70544989290535,103.18594012336072,101.45164898591435,102.91522216796875,31423200
2022-04-21,102.22148968473725,102.28917077572449,100.81713609166026,102.15380859375,23323200
2022-04-22,101.57848428169639,102.73749821367996,101.35852406702644,101.51080322265625,19773400
2022-04-25,102.6867812738201,103.37204101555461,102.47528270816387,102.52604675292969,25418900
2022-04-26,103.58353003794993,104.08266350878941,103.00825373418884,103.55815124511719,26931300
2022-04-27,103.37202429635038,103.4820012091115,102.17070773235952,102.22992706298828,14560500
2022-04-28,101.84926614259206,102.42454259753029,101.52779059152441,102.38224029541016,16892500
2022-04-29,100.93554694634032,102.3399001522454,100.76635071994271,101.05398559570312,26153400
2022-05-02,99.87860849585545,100.22605320164466,99.09049432734491,99.30235290527344,29233900
2022-05-03,100.8785713828973,101.10737577991713,99.90402072659197,99.97181701660156,21256700
2022-05-04,99.9718484747501,100.81928297030223,99.44643675995943,100.5226821899414,25575700
2022-05-05,98.59898330707428,98.7006777545364,96.62445976037469,97.76850128173828,48384500
2022-05-06,96.72617612040212,97.48886848562293,96.02280391328668,96.327880859375,32790500
2022-05-09,95.64142388403202,97.20917585365233,95.4380414872935,97.17527770996094,26773000
2022-05-10,98.209148521418,99.11590285311446,97.86170386284395,98.05661010742188,33640800
2022-05-11,97.23460243927207,99.94639587402344,96.98037604768952,99.94639587402344,34173600
2022-05-12,100.01418274393383,100.75145283509927,99.70911237613116,99.75995635986328,26405700
2022-05-13,99.13291905675827,99.27698141133381,98.21768798284201,98.28548431396484,20782700
2022-05-16,98.48034707343977,99.09897700650895,98.17527018390034,98.18374633789062,11050600
2022-05-17,97.20918064196906,97.75153803692702,96.91257995182175,96.99732208251953,15040800
2022-05-18,97.21768653203135,99.14983615075971,97.12446822012673,99.06509399414062,21337300
2022-05-19,100.53960622452674,100.60740252116243,99.02269803070922,99.30235290527344,21937500
2022-05-20,99.2260892458155,100.86163787093618,99.2006672486776,100.42945098876953,22780900
2022-05-23,99.75146701077293,100.20908220005143,98.75997066670737,98.77691650390625,15925200
2022-05-24,99.91249996278421,101.38703375624611,99.87860181673322,100.72603607177734,23388200
2022-05-25,101.36159386955141,101.37007002092042,100.49720746136805,101.12431335449219,14410800
2022-05-26,100.86162379041883,100.92094393059644,99.82775941381067,100.66671752929688,14912900
2022-05-27,101.14977144447342,101.47179419192825,100.62435978402577,100.91249084472656,11190400
2022-05-31,99.3023279727984,99.3447022639092,98.24303534911921,98.77691650390625,28393700
2022-06-01,99.35168055457292,99.61485050018821,98.21410139115284,98.6640396118164,15544800
2022-06-02,99.01209419813097,99.08001110646458,98.01883370217516,98.7149658203125,9832000
2022-06-03,97.70471626704844,98.52819091352636,97.51795449710043,98.50272369384766,15330400
2022-06-06,97.75568880840393,98.06130849724478,96.61810297173753,96.68601989746094,20815400
2022-06-07,97.29726988620781,98.29053074480656,97.27180265551274,97.73023223876953,14278700
2022-06-08,97.35666094592932,97.73868222427022,96.84729708250381,96.86427307128906,11476100
2022-06-09,96.64356077256367,97.38214269470322,96.50773341128064,97.1868896484375,15527300
2022-06-10,97.08500848586459,97.29724398771775,95.90497961371408,96.5841293334961,21917100
2022-06-13,94.64851856227952,94.80132834389296,92.7383995305674,93.55338287353516,36968300
2022-06-14,93.83354843352781,94.21557617981684,92.18659905275072,92.37336730957031,21865900
2022-06-15,93.46001898218557,94.22406805558616,92.56014256068782,94.09672546386719,25202800
2022-06-16,92.06775937636179,94.84380340576172,91.78761343252611,94.84380340576172,26067300
2022-06-17,95.09000363511511,95.78613587754461,94.19861186559172,95.14942932128906,21614300
2022-06-21,93.45998409463965,94.24950009628407,93.22228146651632,93.53639221191406,17663800
2022-06-22,95.66728708977143,96.1936270452708,95.40411063510756,96.10873413085938,23703800
2022-06-23,96.69447964304838,97.77263296091137,96.3464103697534,96.89822387695312,20669200
2022-06-24,96.32098749643932,96.92373572039318,95.50600370868835,95.55693817138672,18161300
2022-06-27,94.41933246479752,95.26827448447466,94.36839801622925,94.74192810058594,12053000
2022-06-28,94.47875670690283,95.23431457474497,94.12220261853285,95.18338012695312,13706600
2022-06-29,95.40410097461204,96.69449645989307,95.22582392932588,96.66902923583984,12925400
2022-06-30,97.50949124827629,98.28202520018694,97.41610709804658,97.51798248291016,25802100
2022-07-01,98.58721644311942,100.02476503782195,98.00879248811383,98.5191650390625,21858800
2022-07-05,99.42932445818208,100.16086077580869,98.81687484437946,99.29322814941406,16689700
2022-07-06,99.85461064991726,99.98220536872985,97.6259765625,97.6259765625,20205400
2022-07-07,97.90670022902444,97.96624357592394,96.55421285384774,96.7668685913086,13088000
2022-07-08,96.54572197808159,96.54572197808159,95.312321077341,95.69509887695312,15320000
2022-07-11,96.79237734378103,97.64300021543066,96.71581791066906,97.34528350830078,13639900
2022-07-12,98.25547141688656,98.86792105806555,97.7961341860023,97.9237289428711,18547300
2022-07-13,96.77536362212025,99.22516170589867,96.50316455611572,99.0465316772461,20594800
2022-07-14,97.8896590275094,98.80833307433672,97.37077867641635,98.23841094970703,15665000
2022-07-15,98.53618466026205,99.36979822033861,98.33203691708115,98.79137420654297,16022600
2022-07-18,98.03429931615585,98.09384266569543,97.12413297905744,97.76210021972656,15838300
2022-07-19,97.74508967276304,97.94923737068153,96.68181094856924,97.23471069335938,9276800
2022-07-20,98.22994299858804,98.28948634663635,97.01355189725416,97.48989868164062,9117300
2022-07-21,97.98327382019711,99.28472608305881,97.83016140752285,99.17414093017578,14754900
2022-07-22,100.62019058368391,101.45379744912465,100.34799149643453,100.84135437011719,17715300
2022-07-25,99.27619805460156,99.98221662037868,99.07205037536956,99.85462188720703,24868100
2022-07-26,101.10502470912567,101.42825903100803,99.86311622222588,99.93116760253906,13536000
2022-07-27,100.38201726322193,100.79031264951026,99.27620482002624,99.3697738647461,15725600
2022-07-28,100.4160247034504,101.15606239020148,99.79506720045647,100.16083526611328,16637900
2022-07-29,100.11832196490124,101.48782547934694,99.80359561631596,99.88865661621094,16655900
2022-08-01,100.76895161544039,102.34546245457229,100.6240844927244,102.2943344116211,17974600
2022-08-02,102.38806232052825,102.84823416147698,99.95085951561316,100.12981414794922,17896300
2022-08-03,99.84860138720619,101.82563243924166,99.13278282597501,101.70632934570312,16731200
2022-08-04,101.39102288471709,101.87675872663692,101.01606662024197,101.67223358154297,11003000
2022-08-05,99.76337504116461,99.79746256442544,98.75781586032568,99.2520751953125,19492300
2022-08-08,100.249140295295,101.00757003125644,100.18096522876243,100.85417938232422,17476300
2022-08-09,100.32581460456967,100.86267849521421,100.09572543605728,100.462158203125,8223200
2022-08-10,100.3258461865796,101.33140573590082,99.4736772973763,99.80602264404297,14665300
2022-08-11,99.59297291625974,99.75488057196453,97.22393812152127,97.4795913696289,20663800
2022-08-12,98.08459886462887,98.48511912361843,97.51364749614721,98.46807861328125,12178400
2022-08-15,99.13277077491031,99.49068001201671,98.38285827636719,98.38285827636719,9031800
2022-08-16,98.21243334315882,98.86860031913814,97.35174121751038,98.79190826416016,11066000
2022-08-17,98.05053748635281,98.08462501764625,97.4114109030473,97.76080322265625,14131300
2022-08-18,97.97382995905699,98.5447813896925,97.65000171362787,97.90565490722656,10738200
2022-08-19,96.49105382461,96.58478638957689,96.07348652783793,96.32913970947266,16330900
2022-08-22,96.1757488075381,96.26096436731301,95.5536628682734,96.00531768798828,10457200
2022-08-23,95.60481636186677,96.704114855064,95.22133651454769,95.47698974609375,17813200
2022-08-24,95.0082732689744,95.33210149071238,94.47140940353084,94.77819061279297,13971600
2022-08-25,94.86340299935533,96.37173847652944,94.5821858166776,96.09904479980469,21429700
2022-08-26,95.69856269176273,97.13872360067667,95.45143294963378,96.82342529296875,18764400
2022-08-29,96.24393506721445,96.30358661615861,95.55367399911066,96.02236938476562,14278300
2022-08-30,95.97125205848475,96.72968176611003,95.62185973170828,96.260986328125,14346600
2022-08-31,96.0308906294763,96.58479507025022,95.08498287455592,95.34062957763672,13623500
2022-09-01,93.82568357421538,94.1501898194778,93.03149123621563,93.59510803222656,22490400
2022-09-02,93.66342818034602,94.41491942136606,93.48409526539602,94.12457275390625,13024400
2022-09-06,92.9973443658243,93.05712201168157,91.73346576234584,91.79324340820312,24648500
2022-09-07,92.50202366490146,93.49263192289743,92.40808645025447,93.24497985839844,17050100
2022-09-08,92.94609777764137,93.52679767639441,92.27146716677082,92.28854370117188,14671400
2022-09-09,92.51059806807775,92.91196512507996,91.91281498829385,92.49351501464844,12529800
2022-09-12,92.76676243178359,92.98879646486176,91.30647445573054,91.73345947265625,14806900
2022-09-13,90.99902290015791,92.00670755906418,90.72575281546838,91.94692993164062,22158900
2022-09-14,91.66512609536106,92.40808225512944,91.47725818986947,92.26290893554688,13077800
2022-09-15,92.10067675699145,92.39102998768286,91.87010768976519,92.20315551757812,10260200
2022-09-16,91.40041072966845,92.27146380368735,91.1783766989005,91.4345703125,18903800
2022-09-19,91.34063392663741,92.07504867606882,91.20400210933177,91.64806365966797,11084400
2022-09-20,90.2560928420109,91.23815314564635,90.00844075617984,90.73431396484375,20133800
2022-09-21,91.11858252290614,92.26290553664833,90.49518816635894,92.25436401367188,23132900
2022-09-22,90.34146018931416,90.48663348243373,89.43625434366025,89.89739227294922,29030600
2022-09-23,89.95719583097099,90.88802651020404,89.29110027964725,90.2646255493164,23042200
2022-09-26,89.97428946172735,90.01699057245973,88.14679398510687,88.53961944580078,25104600
2022-09-27,87.71124844445815,87.94182396810712,86.16556499629542,86.20825958251953,34609500
2022-09-28,88.06992054372303,89.1971606420161,87.51484527617873,89.09468841552734,39283100
2022-09-29,87.87351216161856,89.00929379760586,87.78811646675442,88.633544921875,19127100
2022-09-30,89.04342143501381,89.5472669667936,87.30132890840203,87.48919677734375,26485700
2022-10-03,88.89648894095113,89.60697762346862,88.29728555257921,88.8793716430664,27192200
2022-10-04,89.15332284122596,89.5813272653021,88.42571662646236,88.63115692138672,13788700
2022-10-05,87.93779615588889,88.03195112543922,86.95338462608167,87.7837142944336,20522100
2022-10-06,87.81794337834513,88.03194558741313,86.91057610176216,87.29578399658203,13965700
2022-10-07,86.29422903539117,86.98760047577325,86.0031892321606,86.44831085205078,14814800
2022-10-10,86.02886093644028,86.03742285073717,84.57364898566715,85.1043701171875,15652600
2022-10-11,85.37829468481301,86.37126778106584,84.73628824421664,85.48101806640625,33246700
2022-10-12,84.98453037452661,86.06310300884434,84.90749273748892,85.90045928955078,21447600
2022-10-13,84.19701691104139,85.92615162496097,84.17989307964413,85.07870483398438,30292500
2022-10-14,85.76351409979522,85.76351409979522,84.1028551250189,84.37677764892578,18728200
2022-10-17,84.99310331999673,85.30982888529998,83.83749289865703,83.96588897705078,18969900
2022-10-18,83.84603996903343,84.2826061847656,82.92155564213171,84.16276550292969,16931500
2022-10-19,83.19549259204732,83.39237094749559,82.45076262764627,82.63052368164062,25431600
2022-10-20,82.1169055172251,82.45931026446632,81.09825319016,81.21809387207031,25434900
2022-10-21,79.62590040926267,80.40487120679157,78.97533871181268,79.75430297851562,46280300
2022-10-24,79.45473697424917,80.07962627511299,78.62440738893282,79.09521484375,31332600
2022-10-25,80.96130555445359,81.51771252346111,80.84146485723082,81.39786529541016,31213100
2022-10-26,81.97995429552356,82.7674873010912,81.97995429552356,82.57060241699219,24843900
2022-10-27,83.01572298914716,83.8032493914983,82.36515457680902,83.43516540527344,20270000
2022-10-28,82.91298409168279,83.57210776517975,82.52778287780913,82.86162567138672,22244100
2022-10-31,82.48499061798644,82.70755468639433,81.3464975932711,82.27098846435547,23956700
2022-11-01,83.56333010631117,83.59765553045416,82.55933600102355,83.03987884521484,17585100
2022-11-02,83.16003862810852,83.7778767521682,82.34482436345323,82.67948913574219,25010500
2022-11-03,81.66689380660199,82.70521332576699,81.59824295899476,82.2332534790039,29097500
2022-11-04,81.60680883611055,82.08735812166942,80.85166931152344,80.85166931152344,23561400
2022-11-07,81.34938367921484,81.40086853424374,80.01071852632515,80.0450439453125,14522800
2022-11-08,80.49126831342899,81.48667928223507,80.46551933886052,80.92032623291016,20360600
2022-11-09,80.50842803125063,81.53816442284653,80.39687532868078,81.18634033203125,15637500
2022-11-10,83.00553487035867,84.46432894737455,82.92830105266313,84.30986785888672,45380900
2022-11-11,83.72639490724937,84.41289046580201,83.70065246951235,84.00099182128906,15943100
2022-11-14,84.01811008076213,84.08675436009543,83.31444893219347,83.79499816894531,13741100
2022-11-15,84.30987677102014,85.21090097359415,84.18974108359747,85.15083312988281,26608200
2022-11-16,85.82876561547003,87.05587184564698,85.58849416568535,87.01296997070312,28507700
2022-11-17,85.98318260054774,86.30068773718462,85.62277561100487,86.09474182128906,24528900
2022-11-18,86.32643768218553,86.57529201957887,85.42542012979916,85.50264739990234,14941300
2022-11-21,86.40369246586857,86.5152451764991,85.63996983508659,85.86307525634766,15534000
2022-11-22,86.36935867199817,87.20173206567013,86.26638241661774,87.08159637451172,18103100
2022-11-23,87.6479622719947,88.60047149658203,87.59647741020244,88.60047149658203,23234600
2022-11-25,88.05126312402344,88.32585991927705,87.89680201751177,88.30011749267578,9486100
2022-11-28,88.9093954755909,89.08101604947784,88.11993036066254,88.54898834228516,14563200
2022-11-29,87.65653638907095,88.3516081405084,87.45059041584956,87.51065826416016,16576400
2022-11-30,87.20171926543647,88.15422821044922,86.98719034172915,88.15422821044922,21581700
2022-12-01,88.72539780330884,91.01341721839955,88.68238723042505,90.97041320800781,53156800
2022-12-02,90.5747317953738,92.12301382660335,89.9812200740322,92.11441040039062,24479500
2022-12-05,91.03918975122119,91.16821486318231,90.23064507041168,90.82415008544922,20159700
2022-12-06,91.60693436723105,92.37247535947894,91.3402871747043,91.99400329589844,21754500
2022-12-07,93.21542470422422,94.34223079161877,93.06919270004603,94.1615982055664,30546700
2022-12-08,93.49928104214422,94.1444002946774,93.30144814636313,93.90355682373047,13377300
2022-12-09,92.84554965201136,93.04338251525009,91.40907936516773,91.460693359375,25872200
2022-12-12,92.77670358798615,92.99174322979727,91.40045119289285,91.75311279296875,16897100
2022-12-13,93.79172303729341,93.82613017924938,92.43267046124382,92.63910675048828,23854700
2022-12-14,92.60469539958613,93.1723967695983,91.94236947833298,93.03477478027344,19517500
2022-12-15,93.45814550761125,94.0875832817373,93.25983409242983,93.39778900146484,20246200
2022-12-16,91.91473292482996,92.97529044516277,91.66468267079432,92.35447692871094,20838300
2022-12-19,91.25081270568334,91.25943036471757,90.51791040746775,90.80244445800781,26126800
2022-12-20,89.13830175402205,89.50906493815256,88.8968757882374,89.1900405883789,28869000
2022-12-21,89.92293970877827,90.01778656049692,88.77615983135391,89.41421508789062,15894100
2022-12-22,89.3883636784545,89.77637538437936,89.13831344442248,89.39698791503906,11322500
2022-12-23,88.44854961606123,88.64686106230418,87.96569091289402,88.08641052246094,15408900
2022-12-27,86.64642507731105,87.14652544816897,86.23255389880805,86.34464263916016,26475700
2022-12-28,86.78440726673857,86.89649603388362,85.66349328182676,85.83594512939453,17302900
2022-12-29,86.10324366456932,87.07757200681505,86.0428871580296,86.8102798461914,16593000
2022-12-30,86.11185742227927,86.6981805194658,85.68073769135873,85.84455871582031,20810200
2023-01-03,88.1208586194735,88.24157160176713,86.94821258145178,87.48280334472656,25313200
2023-01-04,89.00035879066212,89.22454289390944,88.12949508749625,88.68132781982422,21678200
2023-01-05,87.83634677052014,89.06072537283806,87.75874178899433,89.0521011352539,14771100
2023-01-06,88.55199647964582,90.79382450464182,88.500264213285,90.69035339355469,27473700
2023-01-09,90.0264139170383,91.33701483784704,89.9056943556403,91.17318725585938,21472200
2023-01-10,90.12987086475239,90.37992104529746,89.24176545909859,89.66426086425781,20545200
2023-01-11,90.5092707769741,91.15595032630559,90.27646245533062,91.1214599609375,18794000
2023-01-12,91.24217049780619,92.95802501396538,90.15574704219202,92.9149169921875,32029600
2023-01-13,92.34587285785054,92.94944460992646,91.72505920582594,92.0440902709961,17750800
2023-01-17,91.11286189070641,91.96648387738878,91.09561999225313,91.44913482666016,13911700
2023-01-18,93.51851330397663,93.78580549512787,92.36311531015308,93.66509246826172,35497200
2023-01-19,93.20805728995248,93.44086556054737,92.63898283207305,93.07872009277344,17194700
2023-01-20,92.22514339107052,92.46656941753845,91.49224107404545,91.56983947753906,22754100
2023-01-23,91.02663649827751,91.5698450911312,90.9576557498105,91.13872528076172,12961500
2023-01-24,91.50085582150507,92.6476293282883,90.87141810775466,92.4493179321289,16417200
2023-01-25,92.57863795098764,93.04424797215717,91.94920035430553,92.6734848022461,11906500
2023-01-26,92.38034076539192,92.8200847583399,91.81988376706455,92.24238586425781,15549400
2023-01-27,91.56120565905475,92.22512711466905,91.49222492699063,92.00956726074219,11845500
2023-01-30,91.79399941941439,92.39757090490902,91.56119769191093,91.67328643798828,11459700
2023-01-31,92.24238319442547,92.50105109345216,91.28529683778666,92.40620422363281,13705300
2023-02-01,92.97241527862126,93.87144535711215,91.99557399316676,93.51702117919922,25305800
2023-02-02,94.15673484500329,94.5284519345951,93.43923334260457,93.6380615234375,19548400
2023-02-03,92.29818269786445,92.59210186314637,91.7017111307393,92.2376708984375,20619500
2023-02-06,91.41641685581072,91.9005111371785,91.35590507063975,91.55473327636719,15182400
2023-02-07,91.05334597008671,91.83135934599929,90.76807329970377,90.81993865966797,18290300
2023-02-08,90.80265157677964,91.26945959807054,90.2407526662282,91.25216674804688,13530700
2023-02-09,92.03880492215843,92.16847488571725,90.24073146887338,90.38768768310547,20469900
2023-02-10,90.24938586843794,90.28396496812908,89.1428810594772,89.37628173828125,16598300
2023-02-13,89.65294053108755,90.26670493432033,89.54056336270678,90.1283950805664,13134300
2023-02-14,90.07649346441661,90.62110605915016,89.16017037463385,89.92089080810547,15440300
2023-02-15,89.51461111803408,89.86038897451073,88.60692775655828,89.08238220214844,15246900
2023-02-16,88.2352093789504,88.36487937094275,87.59551243915514,87.82026672363281,19267300
2023-02-17,87.39669920245768,88.50320434570312,87.28432204097805,88.50320434570312,19560900
2023-02-21,87.318871712115,87.48311418578254,86.6878147066164,86.78290557861328,22728000
2023-02-22,87.30155990269287,87.9066841017165,87.26698081172404,87.57818603515625,15165400
2023-02-23,87.77706919331774,88.68474616801191,87.7165573950048,88.4340591430664,15829100
2023-02-24,87.69059796340252,88.00180328703362,86.9298709077312,87.2843017578125,21403600
2023-02-27,87.56094629683612,87.9153706257726,87.23245465107907,87.5263671875,14209200
2023-02-28,86.93852221927393,87.93265002590819,86.68782866140688,87.92400360107422,14955700
2023-03-01,87.36937774112792,87.55136037743142,86.62411173824314,86.97941589355469,19000000
2023-03-02,85.84420368069833,86.35549402986362,85.6882175789325,86.20817565917969,23763600
2023-03-03,87.46472247557686,88.30531384893703,87.152750283164,88.29664611816406,30877300
2023-03-06,88.58261851222623,88.68660483155918,87.51671245827544,87.6120376586914,16631900
2023-03-07,87.9240001939662,88.71259829061313,87.4213776671939,88.1493148803711,23096500
2023-03-08,88.7385767085862,89.23253140477091,87.8893179022575,88.23595428466797,20252400
2023-03-09,88.0019910971495,88.84257568426295,87.81134072901696,88.4526138305664,21550400
2023-03-10,90.1511385962779,91.58967769047362,90.12514201700418,91.50301361083984,43921500
2023-03-13,93.76479981513002,94.54473017823081,91.02638573212549,91.71099090576172,51502500
2023-03-14,91.11305258204325,91.52034995872333,89.90849591271427,90.20313262939453,38417800
2023-03-15,92.53424917723737,93.34017613882044,91.29502829247073,91.9449691772461,45164100
2023-03-16,93.05419349489918,93.61747687456224,91.02638126196025,91.22569274902344,43089300
2023-03-17,92.42160997427749,93.35752658537122,92.25695614134202,92.59492492675781,38129000
2023-03-20,92.6208961465247,92.69022475314956,91.61565779662358,91.78031158447266,24242800
2023-03-21,91.06105072007048,91.35568740859162,90.59309249870711,90.9917221069336,18934900
2023-03-22,90.697087419765,92.24827385080422,90.5064370352018,92.20494842529297,26388500
2023-03-23,91.30369626924734,92.33493792490792,90.83573803755785,92.20494842529297,25475100
2023-03-24,92.80290419204255,93.09754754510908,92.08364118886169,92.59492492675781,23652700
2023-03-27,91.03505245285027,91.65032900705083,90.41110816928341,90.41976928710938,22224500
2023-03-28,90.3331384347453,90.7144393006866,90.14248800177464,90.5844497680664,17794300
2023-03-29,89.86515609279213,90.5150969708351,89.77849863136117,90.4024429321289,16804400
2023-03-30,90.5237618579054,91.03505210391192,90.35910805827851,90.81840515136719,14315800
2023-03-31,91.29502418276367,92.34359463628094,91.06104838385497,92.17894744873047,25396700
2023-04-03,91.9869387440136,93.04685733550957,91.83055720382072,92.61246490478516,18234800
2023-04-04,91.9000559580341,93.65500498258412,91.8739934743144,93.07291412353516,18052400
2023-04-05,93.62895502172536,94.15023131595116,93.31619852481467,94.04597473144531,23047700
2023-04-06,94.1936482277976,94.58460537226057,94.16758574382716,94.28921508789062,16447300
2023-04-10,93.51601548246177,93.62027206710442,92.57772610558808,92.76885986328125,19134400
2023-04-11,93.00339518994349,93.03814074145325,92.53425070495513,92.95995330810547,13971200
2023-04-12,93.00341151463725,93.1076614440664,91.98692830459099,92.8644027709961,20563000
2023-04-13,93.00341307331077,93.29879671604608,91.98692984622896,92.13462829589844,22079400
2023-04-14,91.56126003838547,91.70026883427062,91.02261089678687,91.29193878173828,19801900
2023-04-17,90.71852017013883,90.866212016421,90.10168366951659,90.20594024658203,19528800
2023-04-18,90.18854872300187,90.86619981215436,90.17986564730653,90.52737426757812,15922600
2023-04-19,90.27541851271012,90.56211241716333,89.90184083835486,90.44048309326172,16093900
2023-04-20,91.0747277133998,91.46567828878057,91.0052233267489,91.21372985839844,16450100
2023-04-21,91.48304906266652,91.62205119454195,90.58819508270167,90.70114135742188,15244700
2023-04-24,91.18764852895256,91.64810339584334,91.08339197051811,91.57860565185547,17034300
2023-04-25,92.37789224935636,93.07291613400254,92.33445035668377,92.92522430419922,21899900
2023-04-26,92.77752143683057,93.1684719111645,91.80448016012416,91.93479919433594,19610400
2023-04-27,91.39613776478875,91.45695242198684,90.88355802959063,91.0225601196289,20247600
2023-04-28,92.27362565522614,92.75145990948282,91.96955232447256,92.4908218383789,26954100
2023-05-01,91.68780502524167,91.81845298854412,89.57132928384237,89.82391357421875,32487300
2023-05-02,90.58165783788583,92.06231689453125,90.48584978357022,92.06231689453125,30057800
2023-05-03,92.32362572023989,92.84621095191414,91.69652078421808,92.57621002197266,23656200
2023-05-04,91.64425787251588,92.71555652608883,91.58328971048353,91.66167449951172,25110500
2023-05-05,90.88649814852324,91.36553841758146,90.67746541522091,91.35682678222656,15096500
2023-05-08,90.16360400493326,90.4684515004901,89.98941113178549,90.07650756835938,20587000
2023-05-09,90.14615620675843,90.2680925048077,89.71066752943109,89.75421905517578,19182500
2023-05-10,90.29421510800115,90.7906719032649,90.26808685220244,90.62519073486328,22886800
2023-05-11,91.7139304204535,91.90553988238584,91.2087618921018,91.58328247070312,19147200
2023-05-12,91.4961785619878,91.67037138404041,90.79939398371698,90.81681060791016,14198500
2023-05-15,90.0503677776131,90.12004757596773,89.81520676445533,89.87617492675781,20085300
2023-05-16,89.18809754510673,89.6235862961619,88.935513272091,89.60616302490234,29251700
2023-05-17,89.78033726138536,89.850017036764,89.14452093985618,89.3448486328125,21340900
2023-05-18,89.01390671284253,89.06616988667199,88.62196945679564,88.68293762207031,25536600
2023-05-19,88.19516858702981,88.71775366959656,87.90774446585766,88.0558090209961,29038000
2023-05-22,88.18646414059535,88.58711295805267,87.68129564009378,87.74226379394531,20131100
2023-05-23,87.47227260505836,88.18647390570331,87.34162464804369,87.99485778808594,21749500
2023-05-24,88.21258973744371,88.28226952403661,87.55935668945312,87.55935668945312,18473400
2023-05-25,87.7074456716306,87.794548751638,87.12389224776042,87.34163665771484,22492800
2023-05-26,87.20226892548477,88.11679130542525,87.0977492341926,88.04711151123047,17030300
2023-05-30,88.31712198201666,89.0487399102373,88.1864740248255,88.92680358886719,23125200
2023-05-31,88.83099544106425,89.86746081670444,88.72648239144078,89.70197296142578,23787000
2023-06-01,90.19365553649882,90.49930660336837,89.62601403363048,90.0539321899414,21040400
2023-06-02,89.94912781858034,90.01025802728913,89.02343989736352,89.06710052490234,19136500
2023-06-05,88.50817565067325,89.46006774785013,88.38591525840343,88.90116119384766,14433200
2023-06-06,88.93609212105827,89.48627058049802,88.54311321805166,89.42514038085938,14332100
2023-06-07,89.22427278221338,89.45133064599669,88.01039701700074,88.09772491455078,25251100
2023-06-08,88.08899864576796,89.19807695968719,88.02786844992504,89.12821197509766,23845100
2023-06-09,88.72651286500738,89.31161721588589,88.4994549591841,89.00596618652344,22147400
2023-06-12,89.28539198943288,89.33779405166759,88.30730899692753,89.26792907714844,19010300
2023-06-13,89.17188980585743,89.36401520486271,88.17633697709591,88.38592529296875,25910800
2023-06-14,88.75268591537765,89.32906197863906,88.60422783703126,89.09326934814453,29094200
2023-06-15,89.97531727452997,90.49929139578491,89.59980126613699,89.9491195678711,25732000
2023-06-16,89.46004631859968,89.8006297101525,89.10199335365486,89.59976959228516,16759100
2023-06-20,90.04515471975174,90.52546807052963,90.04515471975174,90.21981048583984,17162900
2023-06-21,89.78316412494448,90.51673299812128,89.37271574697166,90.4381332397461,19720100
2023-06-22,89.77444509510016,90.16742393871547,89.250464420025,89.34652709960938,23630700
2023-06-23,90.67395855089167,90.7787493829276,89.93166128563509,90.23731231689453,22901900
2023-06-26,90.49057457511836,90.64776749740469,90.088860809874,90.33338165283203,12894900
2023-06-27,90.46436118392658,90.77874699715751,89.73953351818716,90.09757995605469,18105700
2023-06-28,90.30717096598082,90.68268030463994,89.8006597710989,90.48182678222656,23826800
2023-06-29,89.2242861537656,89.37274426811842,88.59551453686836,88.84877014160156,41091600
2023-06-30,89.12822688198992,90.00151934734414,88.9623058442037,89.896728515625,32024900
2023-07-03,90.05259496826132,90.4203761175133,89.36958333223426,89.38710021972656,16011800
2023-07-05,89.22070836086743,89.31703118385776,88.21370128098107,88.5376968383789,28170300
2023-07-06,87.74082298463829,87.89844150155069,87.10159715768908,87.28548431396484,41375700
2023-07-07,86.84768096059564,87.21545537951438,86.68130395553202,86.76011657714844,28996500
2023-07-10,86.56746086733591,87.15414951707568,86.55870242578851,86.87393951416016,24665200
2023-07-11,87.18917622334104,87.53944039564549,86.94399330694795,87.32052612304688,20485500
2023-07-12,87.65327833491837,88.54645235849179,87.3643098754838,88.29251098632812,31928000
2023-07-13,88.71281280775179,89.29074966235764,88.46762990485225,89.22069549560547,32441500
2023-07-14,89.07185299916033,89.26449865542203,88.65153459634074,88.69532012939453,18569000
2023-07-17,88.64278907043695,88.87045515227702,88.37133077172787,88.73910522460938,18822000
2023-07-18,89.14191436767578,89.37833889532092,88.94051025241629,89.14191436767578,15407400
2023-07-19,89.31703125465489,90.17517821995789,89.08060675850378,90.1489028930664,27192500
2023-07-20,89.50967437478293,89.58848031103135,88.68655452116339,89.05432891845703,56951200
2023-07-21,89.45714505551382,89.62351538488599,88.99304111578144,89.08061218261719,20657500
2023-07-24,89.30825328777934,89.4483616109673,88.7040545160458,88.756591796875,17546700
2023-07-25,88.29252022665551,88.87920896819243,88.26625157863663,88.59024047851562,17160600
2023-07-26,89.03681804342538,89.0455764854093,88.38007519004077,88.67779541015625,19310700
2023-07-27,88.1874396502363,88.3800853115421,86.61126063004568,86.95276641845703,44794400
2023-07-28,87.04032181200208,87.44312329823045,86.82140752509098,87.39933776855469,27434000
2023-07-31,87.2592252891047,87.85467234296735,87.23295664684699,87.60948944091797,28663800
2023-08-01,86.78848240633616,86.85872965202836,85.96310071646398,86.17383575439453,34943400
2023-08-02,85.20796969224867,85.38358112818834,84.65478763980653,85.25186920166016,38121300
2023-08-03,83.58355118046492,83.69769795854772,83.01280389175545,83.28500366210938,59394800
2023-08-04,83.54842721701628,84.89187429640957,83.53086205175165,84.76016235351562,42071800
2023-08-07,84.39137124866794,84.47039439208399,83.85574761280098,83.92599487304688,35862900
2023-08-08,85.04992042137329,85.49773831139812,84.68113237036326,84.90065002441406,24010500
2023-08-09,85.0674618818942,85.42747397816514,85.03233826036929,85.33966827392578,20151100
2023-08-10,85.20797511536854,85.48895745024343,83.93476867675781,83.93476867675781,37253200
2023-08-11,83.68014298307662,84.18064302962222,83.5923305510369,83.74160766601562,26753500
2023-08-14,83.60107417903349,84.23328587990318,83.32887452415983,83.55717468261719,19072000
2023-08-15,83.24108918673019,83.59231204052298,83.0303474354787,83.04791259765625,24125000
2023-08-16,82.78449315226834,83.23231102351427,82.29277577154144,82.39813995361328,23076700
2023-08-17,82.09957996689575,82.19616824396489,81.6781032397626,82.0468978881836,32244900
2023-08-18,82.03812155817566,82.70545696899546,81.92397481255544,82.33666229248047,24181700
2023-08-21,81.36201837361122,81.44982408661812,80.9844477784497,81.23908233642578,29254100
2023-08-22,81.34447595856973,81.90644071793666,81.18642295130101,81.86254119873047,21308700
2023-08-23,82.8020709610626,83.89965935291576,82.74060627908473,83.89087677001953,38294700
2023-08-24,83.53085453784838,83.89964928460654,83.32011946766308,83.33768463134766,22300800
2023-08-25,83.11818393112301,83.86454276040595,82.98647197321462,83.60990142822266,23865200
2023-08-28,83.98745778916911,83.99624037130248,83.32012222912665,83.69769287109375,16037300
2023-08-29,83.39038209719227,84.7426118868646,83.36404104595651,84.5669937133789,28478100
2023-08-30,84.43527224234992,84.6460073109151,84.18940684668566,84.47917175292969,17550100
2023-08-31,84.76892951658408,85.21674736130583,84.67234122264122,84.85673522949219,26959700
2023-09-01,84.37148615813247,84.3890972900734,83.33225467333865,83.5348129272461,32469700
2023-09-05,83.03279382301672,83.04160274671386,82.33703667422282,82.36345672607422,29435900
2023-09-06,82.86545334784438,82.88307119427746,82.31061213151676,82.5660171508789,23636300
2023-09-07,82.78619687473194,82.84784590150736,82.50437179243862,82.79500579833984,18091500
2023-09-08,83.12087038151866,83.5788403856182,82.93592328267715,83.11206817626953,17052100
2023-09-11,82.52199342863332,82.76859628637698,82.38989315389313,82.51319122314453,17061500
2023-09-12,82.68932657385291,82.9975717364377,82.41631038974074,82.98876953125,20034300
2023-09-13,82.7157558058366,83.25298602848298,82.62768670950338,82.97116088867188,23332300
2023-09-14,82.73335298713057,82.97114015974732,82.25777192265738,82.37226104736328,27800600
2023-09-15,82.31061424879464,82.32823209568089,81.8702621459961,81.8702621459961,25642900
2023-09-18,81.77339354338838,82.37227274078828,81.7469734892626,82.33704376220703,17963400
2023-09-19,81.97595096659371,82.2841961018378,81.72935485839844,81.72935485839844,24941800
2023-09-20,82.16090135355338,82.4339175244346,81.94072528820006,81.98475646972656,29451200
2023-09-21,80.39948652117128,80.46994446917265,79.87106534964059,79.87986755371094,59958700
2023-09-22,79.97675753092543,80.68132367798596,79.85345946307594,80.52279663085938,29524500
2023-09-25,78.96393202120282,79.29859715684368,78.51477105342349,78.54119110107422,45587900
2023-09-26,78.76140373478282,78.92873974000618,78.1272954194544,78.2682113647461,38104100
2023-09-27,78.85826103173366,78.92871898585273,77.58123581047687,77.86306762695312,47111200
2023-09-28,77.16732369016576,78.14490613378902,76.7093536290449,78.10086822509766,60238000
2023-09-29,78.62047597319243,78.81423200922681,77.61647353123345,78.10967254638672,49010100
2023-10-02,77.5884253377269,77.68561019508314,76.60774667933049,76.80211639404297,44704300
2023-10-03,76.25433811924111,76.55472947848828,74.99977869893816,75.14997100830078,71362600
2023-10-04,75.77725775965597,76.25434520477566,75.42386564373548,76.21017456054688,56281600
2023-10-05,76.07763071850532,76.14831182077734,75.66238766830843,75.83025360107422,35758800
2023-10-06,74.39018073228526,75.70659144423227,74.2664921304346,74.91144561767578,62787900
2023-10-09,75.5387077486446,76.68725220009581,75.05278354060253,76.6695785522461,29424900
2023-10-10,75.8479260687656,77.01413737969534,75.55637155590281,76.56356048583984,54743900
2023-10-11,77.61490553309739,78.16267395019531,77.39403214982703,78.16267395019531,58517700
2023-10-12,77.79159432247083,77.91528285566172,75.91858594190677,76.04227447509766,66986700
2023-10-13,77.39402572688488,77.59723218845859,77.01412326956721,77.40286254882812,44183800
2023-10-16,76.14833544221132,76.30736460139418,75.89212142238765,76.15716552734375,38309800
2023-10-17,74.99977469655802,75.65355810399927,74.65521271557402,75.31783294677734,52949100
2023-10-18,74.54918312064865,74.8495744319065,74.08093261889928,74.65520477294922,63724600
2023-10-19,74.10744855821424,74.71706136348257,73.10026628721906,73.12677001953125,87696900
2023-10-20,73.32111882711183,73.80704291617381,73.12674919148704,73.5419921875,52188800
2023-10-23,73.1621103449066,74.97327510643164,72.81754834489305,74.42550659179688,70890400
2023-10-24,74.60220562268759,75.40618133544922,74.29297745418076,75.40618133544922,46267700
2023-10-25,74.2311378321145,74.32832267851853,73.44482897704336,73.72754669189453,60737200
2023-10-26,73.75406927627836,74.93794779521154,73.68338815082838,74.85843658447266,49704100
2023-10-27,74.38135321445293,75.070477374416,73.98377691718873,74.5403823852539,32362300
2023-10-30,74.04560648097204,74.65521930444882,73.54201533043273,74.20463562011719,45026900
2023-10-31,74.54036037736053,74.89375243878129,73.81589586661356,73.84239959716797,37269200
2023-11-01,74.50373441505306,75.46118525646307,74.48600008632437,75.44345092773438,72308500
2023-11-02,76.84417213983679,77.40268179856811,76.43637047039824,77.16332244873047,69739400
2023-11-03,78.73247314544122,78.94524452889758,77.64204855080496,77.68637084960938,77692300
2023-11-06,77.1899245151217,77.3051706184142,76.77325564093718,76.93283081054688,41341900
2023-11-07,77.66864665188669,78.4576552996829,77.6509123206634,78.06758117675781,37834200
2023-11-08,78.43993274060244,79.45057324756105,78.41333124206898,79.39737701416016,53893400
2023-11-09,78.84774566848895,78.92752988443577,76.89738141567379,77.5711441040039,88975100
2023-11-10,78.21829507197205,78.39559780024936,77.81048662233626,78.00552368164062,36516400
2023-11-13,77.32290394554285,77.96120461568647,77.03921551033078,77.8282241821289,25661500
2023-11-14,79.78745193175457,79.92043237104072,79.15801840037733,79.59241485595703,65666800
2023-11-15,78.90979078661013,79.02503689181015,78.28921766622707,78.47538757324219,56205300
2023-11-16,79.16688072275679,79.75198515068324,79.12255165781835,79.45056915283203,49473900
2023-11-17,79.92928454895879,80.16864388385628,79.46828668103531,79.8228988647461,44091400
2023-11-20,79.4505753393923,80.37256449984558,79.44170817298101,80.31050109863281,40477800
2023-11-21,80.23070298275192,80.49666381965248,79.68992090774182,80.27503204345703,27721000
2023-11-22,80.7803705349338,80.95767329061732,80.12433545883826,80.5587387084961,31197500
2023-11-24,79.8761073265438,80.01795493923781,79.6012860315322,79.61015319824219,20199600
2023-11-27,80.05339151026136,80.97537364635402,79.97360056245347,80.9399185180664,39804400
2023-11-28,80.59418996589248,81.14383249410372,80.48780426833594,81.0995101928711,44989300
2023-11-29,81.65801217734099,82.1810599226978,81.36545660943037,82.11900329589844,61647800
2023-11-30,81.53390480082481,81.81759322430847,80.81581995843365,81.17042541503906,60520900
2023-12-01,81.2051214362079,82.7614566274576,81.04504097370462,82.69920349121094,64172200
2023-12-04,82.25452990026174,82.55690709930177,81.89879481289566,82.37014770507812,33766300
2023-12-05,83.26837245038053,84.14881833899447,83.2150145607976,84.13992309570312,73588600
2023-12-06,84.55791543512477,85.4205708790942,84.37115602742257,85.26049041748047,61606100
2023-12-07,84.64684840218965,85.44725071862742,84.54012583163694,84.77135467529297,47970200
2023-12-08,83.97092181640964,84.2377247532066,83.51736632296753,84.07764434814453,44809200
2023-12-11,83.60631276393877,83.98872675379296,83.17942934860415,83.89978790283203,33909700
2023-12-12,83.73083073797366,84.21996056134284,83.50849714960151,84.14881896972656,36996900
2023-12-13,84.63795163594321,86.24765148368101,84.50455012142264,86.12313842773438,70828500
2023-12-14,87.13221610063033,88.36344909667969,86.91808329588395,88.36344909667969,87798600
2023-12-15,88.05117502582625,88.64002318425476,87.95303253159778,88.46158599853516,59941300
2023-12-18,87.8816594119161,87.8816594119161,87.45340061465097,87.75675201416016,34746000
2023-12-19,88.20286461418829,88.55974586256723,88.02442739347063,88.22962951660156,30018400
2023-12-20,88.42591306415007,88.94339052529472,87.95304831091025,88.82740020751953,51229400
2023-12-21,88.9879917375896,89.07721034175493,88.10471598454934,88.26531219482422,65231200
2023-12-22,88.66680486104447,88.66680486104447,87.6496977346887,87.86383056640625,29244200
2023-12-26,87.91736243073599,88.21178997603826,87.86383262502422,88.1136474609375,24019700
2023-12-27,89.02367906020086,89.69282879072786,88.77386424991501,89.67498779296875,45082800
2023-12-28,89.30025370594032,89.72851250424388,88.82738901229727,89.02367401123047,36213000
2023-12-29,88.44374539939315,89.05936531206888,88.14932469966998,88.22069549560547,41616200
2024-01-02,87.64074927806205,88.01547138906545,87.4355404228319,87.71212005615234,47797400
2024-01-03,86.88238341539856,88.1939177477098,86.67718134569681,88.07793426513672,58159500
2024-01-04,86.91806882012682,87.11435378831605,86.60580037389015,86.73963165283203,52604500
2024-01-05,86.09725794222815,87.15005370022429,85.83851925178628,85.90989685058594,45894800
2024-01-08,85.8563904201748,86.88241475263958,85.73147618480965,86.75750732421875,39485800
2024-01-09,86.22217907280141,86.69504382803233,86.17756636470871,86.20433807373047,34374000
2024-01-10,86.47198325446796,86.58797355845006,85.75822766147193,85.8028335571289,48227800
2024-01-11,85.80281841967431,86.39167331677857,85.39240749454477,86.28460693359375,78858900
2024-01-12,86.34707848337426,86.78425439299666,85.89205476939173,86.11510467529297,38883900
2024-01-16,85.31212818633325,85.46380048463826,84.3217860859655,84.5983657836914,61716700
2024-01-17,84.40205437646952,84.75893546613611,84.00949130408283,84.46450805664062,55506800
2024-01-18,84.27716197088704,84.38422835886784,83.42957518859988,83.67938995361328,77339100
2024-01-19,83.60803382219237,84.01844487105065,83.20654667635853,83.94706726074219,47030900
2024-01-22,84.59837336169593,84.83034718437528,84.21472722712534,84.44670104980469,35756400
2024-01-23,83.76861821249355,83.8578368093083,83.35820722159163,83.77754211425781,35786700
2024-01-24,84.32178183840473,84.34854673594059,83.06377719868036,83.28682708740234,54574900
2024-01-25,83.86675111292453,84.06303608761867,83.48310506427923,83.83106231689453,57019400
2024-01-26,83.80433304925704,83.92924048499292,83.41176293297583,83.67050170898438,29276900
2024-01-29,84.14333599472911,84.91062813963163,83.97382271174524,84.63404846191406,38243600
2024-01-30,85.1872183075331,85.50840389173679,84.52698572187555,85.4013442993164,40151400
2024-01-31,85.84745073084666,86.46307066268305,85.65116572029342,86.24002075195312,80646700
2024-02-01,87.197736744132,88.31657448770436,86.99187442346714,87.93169403076172,84291200
2024-02-02,86.1683988074947,86.48167881751289,85.64926331962319,85.98938751220703,63823300
2024-02-05,84.70049533024259,84.89741187793,84.15450193123442,84.25296020507812,53827400
2024-02-06,84.35143484614429,85.16595220983453,84.3245838260394,85.07644653320312,33411500
2024-02-07,84.64676682745045,85.2375162857577,84.60201059739373,84.66466522216797,40120200
2024-02-08,84.15451145582595,84.40513689051281,83.8322924117754,84.17241668701172,50087700
2024-02-09,83.92176631262937,84.14553381583052,83.83226067711738,84.0023193359375,27951300
2024-02-12,84.04708228192926,84.26189719008627,83.68905288243903,84.10078430175781,27890300
2024-02-13,83.11621670362221,83.29522800645336,82.64183060516052,82.65972900390625,49768500
2024-02-14,82.61500308949995,83.28630590931004,82.55234843280483,83.08043670654297,44191600
2024-02-15,83.74277653665894,83.88599106499068,83.241539345187,83.51006317138672,49598500
2024-02-16,82.77612238184872,83.10729409453555,82.65080623001113,83.02674102783203,33116800
2024-02-20,83.05356296615795,83.41159240454957,82.99090832660269,83.09831237792969,24469300
2024-02-21,83.08936533434355,83.15201997294982,82.35540806973746,82.507568359375,36343100
2024-02-22,82.6418452418486,83.02672575706085,82.5881363784121,82.91036224365234,45190700
2024-02-23,83.0177597173995,84.13659744943993,83.0177597173995,84.0202407836914,38406700
2024-02-26,84.13662787759186,84.16347890025658,83.41162295026038,83.76964569091797,27855000
2024-02-27,83.45634072220031,83.66220986595067,83.1072639022769,83.17887115478516,30242000
2024-02-28,83.31313633877572,83.77856984078758,83.15202342868629,83.70696258544922,34574200
2024-02-29,83.97548080521072,84.40511747988273,83.93967717991778,84.2977066040039,51038600
2024-03-01,83.89817221638609,84.85890655202714,83.51208233288722,84.82299041748047,45832800
2024-03-04,84.1316148942981,84.54464700700183,84.11366025258589,84.4817886352539,23864200
2024-03-05,85.50537797093114,85.90942247149675,85.27192653600564,85.68495178222656,37721900
2024-03-06,85.73881045484033,86.34937091749607,85.66698505064028,86.18775177001953,40571600
2024-03-07,86.51995872398615,86.55587484621971,85.72982458574742,86.10693359375,39075000
2024-03-08,86.01713616159252,86.24160676029156,85.72981406926971,85.95428466796875,25023200
2024-03-11,86.16082225630811,86.20571913100467,85.63107475645542,85.90941619873047,17787900
2024-03-12,85.33475029797742,85.48738867295971,85.02049280527872,85.19108581542969,29566000
2024-03-13,84.84989315453734,85.06538302859197,84.58950641700069,84.77806091308594,38270100
2024-03-14,84.15853554848944,84.1764901855969,83.377375253459,83.47614288330078,58365600
2024-03-15,83.55696792701193,83.67369707066658,83.31454259457092,83.44922637939453,34997700
2024-03-18,83.26066645690129,83.4941110285678,83.05415042010247,83.19781494140625,29519500
2024-03-19,83.36839239275382,83.74550141513716,83.22473474864117,83.43124389648438,26953100
2024-03-20,83.5928742998013,84.21241552747448,82.86559153709003,83.4043197631836,43460100
2024-03-21,83.74551197370675,83.88917648623264,83.26066136968437,83.58389282226562,34276600
2024-03-22,84.5715806835694,84.58953532491834,84.20344545804785,84.38302612304688,30262300
2024-03-25,84.14059524081769,84.17651137437366,83.77246685989749,83.96102142333984,24011800
2024-03-26,83.9609982208746,84.28423648325007,83.75448222257356,84.19444274902344,34423000
2024-03-27,84.3920068693346,85.02950286865234,84.3471168371672,85.02950286865234,50157800
2024-03-28,84.84094297216043,85.31681975516629,84.68830454181932,84.95767211914062,34540400
2024-04-01,84.04059181387638,84.0496022698734,83.29288204429884,83.37396240234375,48945400
2024-04-02,82.49112579684598,83.05866082858745,82.2839265403893,82.9145278930664,43086300
2024-04-03,82.21187135581975,82.92354626397241,82.0226929938498,82.89651489257812,45494400
2024-04-04,83.44602057460472,83.5631358768571,82.91452054210585,83.4910659790039,47957400
2024-04-05,82.59921525806004,83.0406313115862,82.31994614941189,82.3289566040039,42495900
2024-04-08,82.18481621789687,82.50911695110996,82.09472542609954,82.31993865966797,37879800
2024-04-09,82.76136285986735,83.20277888023966,82.73433149812153,83.0856704711914,32522000
2024-04-10,82.15779552022242,82.24788632371306,81.1218200097135,81.27496337890625,74368900
2024-04-11,81.41910276533729,81.47315862632135,80.63536494718912,80.9056167602539,65751200
2024-04-12,81.65332516733991,81.93258743149906,81.32901749859082,81.33802795410156,47900100
2024-04-15,80.37409584698725,80.41013078729856,79.7434947009827,80.07681274414062,55993100
2024-04-16,79.32012058055747,79.79757163818735,79.08589684311046,79.54533386230469,45103200
2024-04-17,80.05879265036093,80.51822264038839,79.68943969485014,80.42813873291016,57947000
2024-04-18,80.392104569995,80.41912905520272,79.80654885630165,80.02275848388672,43839500
2024-04-19,80.5272532216212,80.5272532216212,80.09484760845693,80.31105041503906,44826800
2024-04-22,79.88766109226847,80.28403869486058,79.86063659626708,80.17593383789062,24969000
2024-04-23,79.93269772063354,80.66238652437532,79.77054388947273,80.20294952392578,27222700
2024-04-24,79.77953940005428,79.84259883507205,78.82463742036711,79.63540649414062,48986800
2024-04-25,78.78860109954154,79.18497861156618,78.68049626727222,79.07687377929688,49282600
2024-04-26,79.50027479741337,79.82458241724551,79.32010695215673,79.49126434326172,31589800
2024-04-29,79.86966329195666,80.19396418287569,79.70750941001425,80.1579360961914,39228600
2024-04-30,79.65342683706666,79.93269596251218,79.36515412945066,79.47325897216797,41054700
2024-05-01,80.09521270885121,80.64665886551123,79.76976884927996,80.05905151367188,59679500
2024-05-02,79.74264294534863,80.46585299379701,79.57992102929985,80.40257263183594,58925400
2024-05-03,81.29755094121184,81.46931490325744,80.70090153434383,81.2161865234375,50066100
2024-05-06,81.2433177047405,81.58683875339808,81.06251170778108,81.53260040283203,23868200
2024-05-07,82.1744528537595,82.48181272801088,81.91228930963938,82.0298080444336,30525800
2024-05-08,81.64107710396414,81.77667987742281,81.50548122754901,81.53260040283203,31171700
2024-05-09,81.243331927913,82.05693491701447,81.19812869649859,81.93037414550781,39606700
2024-05-10,81.6139677519173,81.70436731275592,81.32468501900706,81.46932983398438,21913800
2024-05-13,81.85805210795475,81.91229046369406,81.64108489090906,81.67724609375,23157500
2024-05-14,81.9484188216517,82.19249822169593,81.74049371291356,82.13825988769531,25746400
2024-05-15,83.05133618064647,83.40389925293988,82.83436898458625,83.2592544555664,65142900
2024-05-16,83.5214156308279,83.54853480531241,83.11461421947351,83.17789459228516,37902400
2024-05-17,82.84338812494285,82.98803288236127,82.57218265330415,82.61738586425781,24755000
2024-05-20,82.3371450851398,82.55410532374377,82.27386472817024,82.37330627441406,17922800
2024-05-21,82.9247854349293,82.96093974159052,82.65357985565947,82.7982177734375,15334400
2024-05-22,82.50890460902333,82.96995116491618,82.49986948421265,82.89762878417969,38073700
2024-05-23,82.98805695758031,82.98805695758031,82.10212480398364,82.36428833007812,51294700
2024-05-24,82.23772009566865,82.68972470703581,82.17443972595896,82.60836029052734,19164400
2024-05-28,82.56315622824694,82.59027539885997,81.3879415900383,81.42410278320312,45973700
2024-05-29,80.76418056588045,80.81842580917827,80.16753806594853,80.4387435913086,45508400
2024-05-30,80.99922623777783,81.33371213832896,80.85458834635241,81.2161865234375,29548600
2024-05-31,81.79477286484193,81.95749483136723,81.58684766987571,81.76764678955078,41308800
2024-06-03,82.21937370105891,83.15368366483762,82.19216186453868,83.0901870727539,42272100
2024-06-04,83.63444615103639,84.17871057420052,83.44395637117277,84.06078338623047,42581500
2024-06-05,84.36012933111172,84.6776123046875,83.80679889690404,84.6776123046875,43153900
2024-06-06,84.2875541228118,84.75017609340328,84.23313045119255,84.55061340332031,22891900
2024-06-07,83.29881759642501,83.29881759642501,82.90876514871688,82.99947357177734,35240500
2024-06-10,82.5459254466541,82.60034911696904,82.22844250213494,82.4461441040039,20586500
2024-06-11,82.57313168171775,83.33509761749647,82.47335034583472,83.29881286621094,30329200
2024-06-12,84.37827752584298,84.8771843396043,83.89751655291508,83.92472839355469,42554600
2024-06-13,84.55968979743496,85.25815232082208,84.3147694238638,85.15837097167969,33093800
2024-06-14,85.64819497322317,86.02917448773088,85.48491704977575,85.87496948242188,28776700
2024-06-17,84.83182688219692,85.09488621009221,84.61412523589449,85.02232360839844,31040200
2024-06-18,85.1674404066597,85.81147922984319,85.02230830877787,85.80240631103516,26881000
2024-06-20,84.73203435508015,85.26721889647416,84.66853084615975,85.2309341430664,30246300
2024-06-21,85.48492049631164,85.7026290167582,84.89530536450144,85.2309341430664,22596400
2024-06-24,85.31257022700636,85.57562255859375,85.03136513915078,85.57562255859375,56939100
2024-06-25,85.33071932363109,85.76612946350329,85.30350748750334,85.72077178955078,22890200
2024-06-26,84.61411319864013,84.78646405944153,84.45990817613864,84.4961929321289,38489100
2024-06-27,84.8318099975586,85.00416084857461,84.74110157303775,84.8318099975586,23140800
2024-06-28,85.02230921870976,85.0585870531115,83.25346374511719,83.25346374511719,55119600
2024-07-01,82.28069111433238,82.88128344518913,81.73470250431288,81.81660461425781,49735400
2024-07-02,82.51727367812114,82.63556899022518,81.97128516765706,82.45357513427734,34204700
2024-07-03,82.96317459189369,83.61836366921361,82.89037426272003,83.53646850585938,35563300
2024-07-05,83.96413903645958,84.38273737921516,83.62744972690517,84.22803497314453,34895500
2024-07-08,84.20985200975288,84.49194459970643,83.91865764323336,84.41004943847656,16095700
2024-07-09,84.14615728299974,84.33725294384165,83.6001686887912,84.03695678710938,30289800
2024-07-10,84.12796609841408,84.33726534398856,83.95507396611097,84.30086517333984,23572500
2024-07-11,85.24724728240905,85.66583882357021,85.05615159683259,85.1198501586914,49761800
2024-07-12,85.11074442410869,85.48384094238281,84.9378453602624,85.48384094238281,27796500
2024-07-15,84.62845760855045,84.90145541014316,84.42826014639878,84.50106048583984,37918900
2024-07-16,85.11074170396289,85.7295306603169,84.98334459023901,85.69313049316406,36383700
2024-07-17,85.46564244289642,85.90243754590827,85.25635014097486,85.71134185791016,29036800
2024-07-18,85.24723273793357,85.66582420767666,84.97423498076047,85.05613708496094,34553100
2024-07-19,84.66483402344454,84.77403450196721,84.46463661746326,84.55563354492188,32164700
2024-07-22,84.99243923819284,85.10163278786975,83.99145902463324,84.30995178222656,36160400
2024-07-23,84.45554637612999,84.65574380945249,84.16435200292129,84.191650390625,23498000
2024-07-24,84.25534376374104,84.49194134699896,83.23616699146885,83.28166198730469,50757100
2024-07-25,83.74576305364769,84.50105086848613,83.68206449954214,83.96415710449219,44999100
2024-07-26,84.58295407900704,84.76495492420618,84.36456000739044,84.61935424804688,34423800
2024-07-29,85.23814574389344,85.25634930026001,84.82865597973871,85.07434844970703,25801300
2024-07-30,85.3109576845401,85.58395552618002,84.9014678647037,85.4019546508789,28169800
2024-07-31,86.0207337010439,86.3028263465545,85.75683766962767,86.27552795410156,47445300
2024-08-01,86.86443447689363,87.56746144873728,86.84617720232411,87.01964569091797,77254200
2024-08-02,88.56262476948018,89.81346022493072,88.4621923696969,89.73128509521484,91912900
2024-08-05,91.0186544069669,91.24690862548913,89.38435336645587,90.20606994628906,90686300
2024-08-06,89.61259671517051,89.84998302405367,88.18828582763672,88.18828582763672,61316900
2024-08-07,87.60395075687994,88.06045911301952,87.1930960226602,87.56743621826172,51337100
2024-08-08,86.84616224008009,87.1018058346101,86.59051167978457,87.02876281738281,37815800
2024-08-09,88.11525524258202,88.14264463265766,87.73178288422648,87.88700103759766,32141800
2024-08-12,87.67698403323183,88.39826799175941,87.54003014843931,88.20653533935547,24261400
2024-08-13,88.83653968895396,88.89131846930424,88.54437458414318,88.81827545166016,30366900
2024-08-14,89.0647836530095,89.62172440841204,89.02826214838714,89.37520599365234,31334100
2024-08-15,88.02394622808016,88.65392303466797,87.84133870273492,88.65392303466797,38723700
2024-08-16,88.96434783935547,89.05564811452186,88.57175038695196,88.96434783935547,28541000
2024-08-19,88.94608702154567,89.62172440841204,88.93696186971364,89.37520599365234,25322100
2024-08-20,89.76778690927526,90.26081668212242,89.58518638559711,90.08734130859375,25239300
2024-08-21,90.08735750994481,90.5712552539034,89.66737065734367,90.14214324951172,29230000
2024-08-22,89.68564186887244,89.74955276520137,88.95522565445731,89.24739074707031,33453800
2024-08-23,89.64912549304564,90.08736967416738,89.43912855550747,89.83172607421875,32005100
2024-08-26,90.10562421205611,90.11474936409651,89.54868344393631,89.60346221923828,23198700
2024-08-27,89.01000631521725,89.54868985203957,88.93697026484314,89.44825744628906,21507700
2024-08-28,89.48477009985514,89.6582385388151,89.22912653442806,89.33868408203125,18501400
2024-08-29,88.90044498753143,89.14695644934389,88.68131594840355,89.04652404785156,24988200
2024-08-30,89.18350020276371,89.4665332417003,88.07875047653246,88.09700775146484,42896200
2024-09-03,89.36380942637943,89.82180354109181,89.23557163333481,89.53784942626953,48947900
2024-09-04,89.65693011624863,90.71031803341782,89.59281121633934,90.69200134277344,40885200
2024-09-05,90.99424522068165,91.30568477690952,90.4812941732874,91.20492553710938,47450900
2024-09-06,91.18662304324809,92.3132845531789,90.85686675047933,91.1957778930664,57406400
2024-09-09,91.04922336195054,91.69041227055024,90.82938816306421,91.58965301513672,26961400
2024-09-10,91.47974777407998,92.4323763794748,91.43394556684117,92.2308578491211,31703400
2024-09-11,92.04763354897385,92.73462455931619,91.91939578611799,92.15755462646484,39497100
2024-09-12,91.92856928800424,92.10260926900742,91.31485891811438,91.72705078125,41618700
2024-09-13,92.02014517831387,92.15754476336402,91.61710825908226,91.97434997558594,25722100
2024-09-16,92.17588176131659,92.85371800003614,91.97437024572307,92.81707763671875,30866300
2024-09-17,92.94532503226225,93.1010413511489,92.27665056228508,92.36824798583984,31699400
2024-09-18,91.81866036265369,92.26749963750893,91.1774713820544,91.2232666015625,48897000
2024-09-19,90.60953516411891,90.9667699403467,90.4721355605465,90.92097473144531,39979800
2024-09-20,90.6736428368905,90.91180165440895,90.42632917178409,90.57288360595703,37067600
2024-09-23,90.2248074171294,90.76523691929177,89.78513015379022,90.38052368164062,35703900
2024-09-24,89.76684988298373,90.58207887896862,89.62945024567975,90.36224365234375,31005400
2024-09-25,90.00499731424061,90.05995436678172,89.57448176684193,89.61112213134766,36738200
2024-09-26,89.8309468103068,89.9958249370571,89.23555318657328,89.82178497314453,33332300
2024-09-27,90.26146190675675,90.46298039282777,89.9591841776502,90.2889404296875,28317600
2024-09-30,90.3530940408302,90.4172129484581,89.65694090912945,89.85845947265625,34175500
2024-10-01,90.79207319159586,91.27911455267932,90.41530111316226,90.50719451904297,45254200
2024-10-02,89.46879668528044,89.80881004086194,89.19310942280697,89.7444839477539,35810800
2024-10-03,89.45041537523011,89.60664189926766,88.8990478515625,88.8990478515625,39677800
2024-10-04,87.70440374049969,88.18225363949985,87.66764497734319,87.80548858642578,56954100
2024-10-07,87.28168057168955,87.54816931114621,87.079510898157,87.14383697509766,42606600
2024-10-08,86.73953358019791,87.32765995914357,86.69358335861612,87.29090118408203,33709600
2024-10-09,86.99683221949401,87.21738485522228,86.59249974269686,86.79466247558594,35807700
2024-10-10,86.27084941371969,86.46382768303785,85.83894967439879,86.45464324951172,53667400
2024-10-11,85.90328314161022,86.44545922896882,85.84814148062802,86.1054458618164,27406400
2024-10-14,85.49895616994245,86.1789759925747,85.44382151192403,86.16978454589844,28795300
2024-10-15,86.80385340710322,87.30008631802266,86.72115142745945,87.2173843383789,46429100
2024-10-16,87.6584784847389,87.86983968029594,87.42874140788173,87.5849609375,32281500
2024-10-17,86.64760922467616,86.7854528292075,86.07785893108783,86.19732666015625,43427200
2024-10-18,86.42709922371301,86.63845342807289,86.2524967854002,86.26168823242188,25258600
2024-10-21,85.48056347563998,85.54488957295922,84.75460052490234,84.75460052490234,49504700
2024-10-22,85.14055777034751,85.24164263992297,84.62594197677633,84.8373031616211,32096900
2024-10-23,84.39619042613946,84.88323881005299,84.23078649815304,84.60755157470703,33354200
2024-10-24,84.75459412675684,85.46218114385253,84.50647419081415,85.14974212646484,32507400
2024-10-25,85.4530025602331,85.49895278077338,84.56162156549851,84.6718978881836,28667100
2024-10-28,84.79134407992156,84.8097269693874,84.01023954205739,84.44214630126953,33156500
2024-10-29,83.78051233528002,84.59837573706115,83.6059169309685,84.57080841064453,46545200
2024-10-30,85.31516516993125,85.72869615208009,84.69028699525447,84.81893920898438,41951100
2024-10-31,84.72701193761378,85.40703857892059,84.42376439326627,84.95674896240234,52173800
2024-11-01,85.06834202873766,85.30806998365851,83.72214976119173,83.75902557373047,80402000
2024-11-04,85.08675765954362,85.35415295589095,84.48742385977769,85.05909729003906,49747600
2024-11-05,84.85627055856169,85.65845668732283,84.45978872959019,85.51092529296875,46986000
2024-11-06,82.65256141675385,83.6483771048312,82.56958029342236,83.16890716552734,98895700
2024-11-07,83.67603998427508,84.47822604057731,83.58383638847428,84.21083068847656,56221400
2024-11-08,84.82858542575264,85.3818139237668,84.6810540744518,85.28038787841797,56756200
2024-11-11,85.05912345519062,85.10522877500205,84.47823441286097,84.86549377441406,22369200
2024-11-12,84.2477103758331,84.69029043296088,83.45474681923903,83.59305572509766,57908400
2024-11-13,84.38600695413015,84.4044518922521,82.72632129197538,82.80008697509766,49009100
2024-11-14,83.50083865651231,83.93420324525253,83.23344333506233,83.27954864501953,53328300
2024-11-15,82.91074192523418,83.58384158230443,82.53270504855494,83.05827331542969,73722400
2024-11-18,82.67098127921776,83.52848076560036,82.44968428142765,83.20576477050781,36010600
2024-11-19,83.74056183761616,83.97107428564247,83.55615469306775,83.62991333007812,29585100
2024-11-20,83.12280623672035,83.74980049796628,83.08592339374319,83.36254119873047,27755400
2024-11-21,83.399422587299,83.76824400706565,82.9845028867387,83.2979965209961,28365700
2024-11-22,83.45473420826264,83.62991889684017,83.12279569823495,83.34408569335938,21547500
2024-11-25,85.01301652157679,85.54780726862721,84.81938684447591,85.501708984375,56858000
2024-11-26,84.97612438840596,85.2342972416251,84.65340128719939,85.16975402832031,31122200
2024-11-27,85.78752517910816,86.10101877444978,85.44636417710468,85.7598648071289,39442200
2024-11-29,86.46985066268587,86.6634803247675,86.15635702922516,86.6450424194336,31905700
2024-12-02,86.29805486325223,87.11227929115167,86.0482404968445,86.85321044921875,39406000
2024-12-03,86.90873747980339,87.00126107298486,86.03900017388274,86.10376739501953,32768900
2024-12-04,85.68739737079675,87.149293967837,85.62263015746441,87.02900695800781,35851100
2024-12-05,86.71445249301685,87.33436845156021,86.65893973825149,87.204833984375,23695800
2024-12-06,87.6396541686119,87.75993409033481,86.99197513240092,87.33432006835938,31761500
2024-12-09,86.96423411194257,87.01049942951052,86.4831072810792,86.52936553955078,30509600
2024-12-10,86.06675650299302,86.32583244650863,85.96498549191254,86.12227630615234,28706500
2024-12-11,86.11301444898791,86.31657057189888,85.22477532463766,85.30804443359375,38748400
2024-12-12,84.78991204905346,84.89169011691871,84.197752595527,84.27177429199219,45368400
2024-12-13,84.0126992868919,84.05895754948615,83.34651818548107,83.41128540039062,39486000
2024-12-16,83.78138931129068,83.84615652814419,83.31876431688067,83.66110229492188,23482300
2024-12-17,83.75362962551395,84.1884982691522,83.69811688261461,83.86466217041016,23839900
2024-12-18,83.56833489930632,83.9398749795702,82.79739047290283,82.81597137451172,61328400
2024-12-19,81.80352910530415,82.10075976773118,81.28337721769132,81.56202697753906,99083300
2024-12-20,82.23082146713185,82.58378785260638,82.00790017762269,82.02647399902344,45542400
2024-12-23,81.88713590711887,81.95215489855967,81.21836508856288,81.27409362792969,32764600
2024-12-24,80.84683793724638,81.63635641336482,80.79110938893251,81.61778259277344,22377600
2024-12-26,81.0047376604134,81.70137283852483,80.99544720714086,81.57133483886719,19981800
2024-12-27,81.25554669142544,81.5341965669815,80.86542552718147,80.90258026123047,27262300
2024-12-30,81.58063679918108,81.77569382618056,81.43201787201548,81.55277252197266,48519600
2024-12-31,81.85927659294877,81.99860504840052,81.05118430709993,81.11620330810547,31917300
2025-01-02,81.55276450207033,81.84999524063134,81.00474112021544,81.33912658691406,27841300
2025-01-03,81.47847561505614,81.62708747858385,80.97689728838463,81.07907104492188,21962200
2025-01-06,80.85613296960892,81.02332571055815,80.50316657952712,80.71680450439453,30231500
2025-01-07,80.43815006702299,80.59605235877451,79.68578625270311,79.80653381347656,41757200
2025-01-08,79.38855461020056,80.06660895503786,79.26779996422714,79.90870666503906,44590800
2025-01-10,79.21205685919446,79.74149927104287,79.10059977451414,79.3792495727539,47115800
2025-01-13,79.44427029202176,79.56502491843173,78.98913731777411,79.35138702392578,33258900
2025-01-14,79.16563832621708,79.28638589329611,78.84982663968162,79.22136688232422,33412900
2025-01-15,80.5310182159527,80.79110128391835,80.25236841579802,80.58675384521484,54120700
2025-01-16,80.47529970505805,81.18122537588555,80.14091423395766,80.84683990478516,34651100
2025-01-17,81.20908154127996,81.25552671906036,80.84683183151833,80.98616027832031,29875600
2025-01-21,81.63633814419237,81.89641409350831,81.39483601131121,81.71064758300781,30548600
2025-01-22,81.61777164859338,81.71994536449472,81.10690306908664,81.28338623046875,25278400
2025-01-23,80.4752959936021,80.80039099591774,80.37312226622582,80.65177917480469,31949000
2025-01-24,80.54960699103795,81.06975900471087,80.43814280816245,81.01403045654297,21110400
2025-01-27,81.88715607173235,82.1379416471772,81.59920867884047,81.97074890136719,42864200
2025-01-28,81.58989886885293,81.92428428114648,81.4227132492448,81.91500091552734,25519100
2025-01-29,82.13794732362331,82.3144305359916,81.39486682721653,81.74783325195312,25342800
2025-01-30,82.11936263773602,82.39801247212426,81.89643426637757,82.05433654785156,25094900
2025-01-31,82.09149031076312,82.35157340762193,81.20908854910361,81.51560974121094,48790100
2025-02-03,82.5708042246067,83.05552470467602,81.84371994859154,82.1792984008789,70657200
2025-02-04,81.6106855068676,82.44962458492411,81.54543453164491,82.43098449707031,33414000
2025-02-05,83.38179332134065,84.06227393742097,83.32586594066848,83.79194641113281,48331200
2025-02-06,83.76397753080626,84.034305040345,83.47500993280626,83.75465393066406,22509900
2025-02-07,83.18602557245315,83.38177848179096,82.90638160703725,83.2139892578125,31171200
2025-02-10,83.2046898924968,83.45637022434431,82.82250048241218,82.96232604980469,22736100
2025-02-11,82.52419915998516,82.66402471026888,82.38437360970143,82.43098449707031,21513000
2025-02-12,81.36831292844158,81.6572804858955,80.96748352044642,81.31238555908203,48536200
2025-02-13,82.114068490012,82.8598002202335,82.09542839707765,82.66404724121094,42718100
2025-02-14,83.31655064794425,83.59620180283798,83.07419389964892,83.10215759277344,27460700
2025-02-18,82.53352801609888,82.81317202265298,82.06744756001869,82.12337493896484,29429200
2025-02-19,81.98355017065457,82.44963063123093,81.9276227911689,82.22591400146484,20584300
2025-02-20,82.44962538385795,82.7386000870639,82.44962538385795,82.53352355957031,27913400
2025-02-21,82.84113256714733,83.82922073591577,82.79452168258099,83.53092956542969,46912300
2025-02-24,83.26993244633528,83.95040590063178,83.20468146973393,83.77330017089844,26218000
2025-02-25,84.79868531183,85.29272949230894,84.64021965239786,85.21815490722656,50125100
2025-02-26,85.21814412295082,85.81472650446511,85.01306759583848,85.72151184082031,32220200
2025-02-27,85.11560821533203,85.56304856976405,84.95714257156736,85.11560821533203,53373600
2025-02-28,85.61897480831169,86.2062407101814,85.26475623663923,86.15962982177734,49388600
2025-03-03,85.47703065559747,86.69264977951994,85.43962600243259,86.56173706054688,42904200
2025-03-04,86.44018310535427,86.76746492481114,85.34611654572898,85.49573516845703,56722000
2025-03-05,85.61728488932391,85.84171279704725,84.72894760742753,84.81310272216797,50215900
2025-03-06,84.60737154402379,84.90660156247507,83.90605051944677,84.53256225585938,42827500
2025-03-07,85.22454487872879,85.24325077106509,84.14918436403468,84.26139831542969,36903600
2025-03-10,85.16844782455385,85.6827457548523,85.00948339887296,85.14039611816406,41440800
2025-03-11,85.06556594916967,85.5518120538256,84.28943563642822,84.53256225585938,40555700
2025-03-12,84.1585234667982,84.51385688645482,83.95280149018411,84.0276107788086,32734600
2025-03-13,83.7657835071531,84.8224379317869,83.57876028982437,84.7663345336914,38675400
2025-03-14,84.16787817784105,84.54191749460688,84.02761254227805,84.31748962402344,24658000
2025-03-17,84.90662150899195,85.26195500993936,84.51387622096706,84.7383041381836,26700300
2025-03-18,84.28943739663328,85.11231818100681,84.27073864130489,84.82244110107422,23654700
2025-03-19,84.79436986250913,85.2993217505023,84.51383865777797,85.26191711425781,31378700
2025-03-20,86.21574442102839,86.25314907204643,85.2432520313904,85.31805419921875,35645800
2025-03-21,85.40221706218206,85.50507806966999,84.73830055380128,84.81310272216797,29192100
2025-03-24,84.34553428180408,84.40164481186824,83.87798695843664,83.94344329833984,27985600
2025-03-25,83.75642702463362,84.23332729091845,83.7003236289081,83.93409729003906,22333800
2025-03-26,83.58813015569436,83.78449922298746,83.30759884001407,83.38240814208984,25095600
2025-03-27,83.0831716872111,83.25148903685097,82.87744968940603,83.1392822265625,23674500
2025-03-28,84.04631732625863,84.47646007442061,83.980860976195,84.28944396972656,39869400
2025-03-31,85.30871210601659,85.41156598304028,84.49517696287697,85.12168884277344,38824300
2025-04-01,85.63407137240794,86.2534554897463,85.59653229015885,85.85929870605469,39800100
2025-04-02,86.68514430879777,86.68514430879777,85.08038612975886,85.80299377441406,43488400
2025-04-03,86.82589938961189,87.022981344551,86.18774936557033,86.19713592529297,57467400
2025-04-04,87.88637993047041,88.29929558007893,87.10745996166614,87.13561248779297,92794200
2025-04-07,86.22529519250273,86.516221287894,84.2733130484222,84.50792694091797,124987600
2025-04-08,83.78531588534887,84.6486933299384,82.79055522788042,82.91255187988281,73861900
2025-04-09,81.89903115481239,83.43810519071569,80.6039647815033,83.40056610107422,131353500
2025-04-10,82.34008701426426,82.7530097427117,81.03563438741176,81.10132598876953,78592000
2025-04-11,80.58519772023179,81.92718972729702,79.76873864129868,81.54241943359375,94814100
2025-04-14,82.02103686920323,82.31195587079218,81.47673079667923,82.124267578125,37596400
2025-04-15,81.78640524187134,82.76239990440705,81.68317455526723,82.41516876220703,22553900
2025-04-16,82.39640803758645,83.05332412150081,82.08671595809184,82.87501525878906,35607300
2025-04-17,82.62163500874617,82.77178418730533,81.8614882351413,82.14302062988281,31758400
2025-04-21,81.27025578153416,81.71133107134021,80.6884178757034,80.70718383789062,39343200
2025-04-22,81.47670999785838,81.66439824261377,81.0825603879635,81.15763854980469,32552100
2025-04-23,83.40991870740869,83.57884097660289,81.80516072998738,81.94593048095703,44082200
2025-04-24,82.61223611822469,82.91254159037238,82.358856284788,82.80931091308594,24190800
2025-04-25,83.4287133440047,83.62578818225285,83.14717376945089,83.41932678222656,22513900
2025-04-28,83.20349620010403,84.01994817886651,83.15657054529828,83.94486999511719,20130500
2025-04-29,83.82285094869684,84.65807583044587,83.80408498769195,84.64868927001953,22129500
2025-04-30,84.25454964536739,84.50793668800307,83.83224745410607,83.96363067626953,42630600
2025-05-01,84.07476758353076,84.09360259448778,83.1705361475483,83.53787994384766,29932800
2025-05-02,82.6148019078584,82.95388957655464,82.45467917158304,82.6336441040039,32090400
2025-05-05,82.27571440226475,82.33223380462103,81.78592509439495,82.17210388183594,22862800
2025-05-06,81.75768496798406,82.44527435302734,81.60697611383044,82.44527435302734,21095200
2025-05-07,82.81262010932095,83.08577452411942,82.71843066640275,82.79378509521484,23161600
2025-05-08,82.9068028111221,82.94448002246463,81.84244853892034,81.8707046508789,25483700
2025-05-09,81.94604287290122,82.23803222033821,81.87068846511366,81.9931411743164,17007900
2025-05-12,81.36207600192864,81.73884094270501,81.18311822435986,81.23020935058594,32115000
2025-05-13,81.12657635211123,81.27728516117506,80.53317658535337,80.90052032470703,53912200
2025-05-14,80.7686684766061,80.88170010406927,80.25061583347434,80.3636474609375,42119800
2025-05-15,80.65562629908018,81.30554549614398,80.51434576597234,81.070068359375,59448000
2025-05-16,81.82361560470349,81.84245061775654,81.19253128142783,81.28672790527344,31778200
2025-05-19,79.97747129819206,81.11717996472736,79.90211687738152,81.0512466430664,49361900
2025-05-20,80.46725463867188,80.6273773812654,80.11874585815136,80.46725463867188,35493100
2025-05-21,79.7608412089863,80.11876398272854,78.89428679706668,79.09208679199219,77053100
2025-05-22,78.6682101624808,79.52535051469357,78.46099628830616,79.50651550292969,61747900
2025-05-23,79.84561113019033,79.89270944780368,79.41233391568602,79.63839721679688,47139200
2025-05-27,80.39190226526473,81.03240043809853,80.20352340874592,80.74983215332031,56773400
2025-05-28,80.44843498494247,80.57088054332448,80.03399280858191,80.40133666992188,34806800
2025-05-29,80.78750922864536,81.24904968393788,80.66506367983757,81.14543914794922,38933200
2025-05-30,81.08891834420348,81.44684825735902,80.89111837513012,81.26788330078125,49042100
2025-06-02,80.63444462484141,80.80461961000205,80.16173713416671,80.51154327392578,46213100
2025-06-03,80.77627214728257,81.05989236249,80.25629093331793,80.36974334716797,33731300
2025-06-04,81.10715277873061,81.92021024637496,80.97479525729491,81.67440032958984,57441500
2025-06-05,81.94856585462766,82.18491958549438,81.51367585538611,81.73111724853516,37664700
2025-06-06,81.10716232043916,81.23951985744581,80.62499859966073,80.69117736816406,38130100
2025-06-09,80.39809293119751,80.96534049189405,80.39809293119751,80.77626037597656,26560800
2025-06-10,81.40023030871708,81.47586524005716,80.85188787591763,81.1922378540039,24857000
2025-06-11,81.12606062842902,81.68385924144384,81.03152056893585,81.43804931640625,36334800
2025-06-12,82.14711203097461,82.44018838445612,81.87294080454751,82.41182708740234,43017800
2025-06-13,81.99585087514718,82.1376573630093,81.09770224533533,81.61768341064453,49374000
2025-06-16,81.381348973638,81.71224287880534,80.7951889038086,80.7951889038086,36496600
2025-06-17,81.30569669690436,81.92967411051262,81.06934292743661,81.77840423583984,34521600
2025-06-18,82.13765320433453,82.33618949023392,81.6365844047393,81.92021179199219,38589000
2025-06-20,81.43806516631166,82.05258649203493,81.25843396925293,81.76895904541016,26001900
2025-06-23,82.18493840266892,82.66710214365806,82.0336685180664,82.0336685180664,36851800
2025-06-24,81.75004377043666,82.80890405215517,81.71222630138318,82.62928009033203,32959100
2025-06-25,82.35512407845603,82.73329162597656,82.06204765527698,82.73329162597656,26345300
2025-06-26,82.8088962393947,83.14924621582031,82.44018496709094,83.14924621582031,30467500
2025-06-27,82.7900022816776,83.34780095665721,82.47801355904215,82.61982727050781,74993500
2025-06-30,83.06418808844737,83.61253068862594,82.82783426557174,83.43289947509766,53695200
2025-07-01,83.63025617243392,83.80106602267912,83.18425951221032,83.6397476196289,38960600
2025-07-02,82.73825821786045,83.11782923937903,82.65284967012155,83.10834503173828,39382200
2025-07-03,82.71927311555827,82.83314876288703,82.41561196253451,82.52948760986328,26729100
2025-07-07,82.12145299570427,82.14042865281402,81.53310626734749,81.74187469482422,38314700
2025-07-08,81.20096922439845,81.6469731369128,81.0776093668351,81.63748168945312,31407000
2025-07-09,81.78931629350008,82.49153137207031,81.7798248459935,82.49153137207031,29821900
2025-07-10,82.39662734459868,82.61487992842056,82.07398333219167,82.54845428466797,24525500
2025-07-11,81.82728110670485,81.8652324199296,81.26740149861445,81.40974426269531,40764800
2025-07-14,81.17248884809686,81.4951256104354,80.96372047724161,81.2389144897461,24609500
2025-07-15,81.50462195785063,81.5236048508074,80.56517147235743,80.6695556640625,40455000
2025-07-16,80.92576711576274,81.28636968482378,79.89142388100903,80.7834243774414,65987700
2025-07-17,80.86883426709784,81.12504540847371,80.65057443271262,80.76445007324219,31875500
2025-07-18,81.06811104058735,81.09657814069779,80.75495845966763,80.88780975341797,27534900
2025-07-21,81.81779247704829,82.09298656645724,81.57106549346544,81.60902404785156,40019500
2025-07-22,81.770342098414,82.33970593188208,81.71340788702338,82.10247039794922,35190300
2025-07-23,81.6564641036538,81.79879961544543,81.40973715012649,81.64697265625,31008500
2025-07-24,81.18198662558419,81.83675164723554,81.1440280788453,81.50462341308594,25164800
2025-07-25,81.41922845811145,82.02655077355944,81.34331135871717,82.01705932617188,27196200
2025-07-28,81.59950987108043,81.79878679621179,81.4476829356788,81.48564147949219,26812500
2025-07-29,81.82727470102654,82.8805936971191,81.79880035855645,82.86161804199219,47828300
2025-07-30,82.33970083050139,82.52000214187301,82.14042386312651,82.43460083007812,40670900
2025-07-31,82.68131736495396,82.94702721771453,82.4061233044847,82.48204040527344,49814100
2025-08-01,83.40698534495213,83.75943868577261,83.36888169182056,83.65465545654297,63434500
2025-08-04,83.78801476443032,83.9690053002594,83.49272053652285,83.88327026367188,36425200
2025-08-05,83.68321305400434,84.25475319076078,83.6165334925082,84.14044952392578,28586100
2025-08-06,83.67370364934439,83.87374964516732,82.79734142990446,83.65465545654297,42589300
2025-08-07,83.7499068962502,84.06425656870259,83.43555722379782,83.51176452636719,29213100
2025-08-08,83.216482744448,83.24505867029818,83.0164439959673,83.1498031616211,21596300
2025-08-11,83.38793540231204,83.51176682174459,83.14026529591838,83.24504852294922,20100900
2025-08-12,82.77828836262242,82.84496793479398,82.44489050176455,82.82591247558594,41052300
2025-08-13,83.29267761589071,83.6451236720994,83.28314988618745,83.51176452636719,30817500
2025-08-14,83.35934999168623,83.35934999168623,82.76875434905692,82.89258575439453,33397400
2025-08-15,82.54968734979902,82.66399105380015,82.15913031438315,82.30201721191406,36343600
2025-08-18,82.39727120074978,82.4353748572236,81.91145866512038,82.06387329101562,26777500
2025-08-19,82.34963523164863,82.63540900553816,82.34963523164863,82.54015350341797,28780600
2025-08-20,82.48298039304045,82.84496141421953,82.45440447400583,82.72112274169922,25912500
2025-08-21,82.45440303017116,82.56871397183569,82.02574971710247,82.3115234375,28643900
2025-08-22,82.71162187522056,83.15933075956823,82.60683863558474,82.92118835449219,49871900
2025-08-25,82.6163419823706,82.92116388019816,82.54013469103188,82.68302154541016,27011900
2025-08-26,82.40679184249427,82.67351014733647,82.13054580747094,82.63540649414062,30259300
2025-08-27,82.0257650709342,82.54968123388868,81.92098183834331,82.54015350341797,38142800
2025-08-28,82.66398170998343,83.12121827689332,82.54967801890247,83.08311462402344,32205900
2025-08-29,82.64493016926987,82.74018566382132,82.3401082261882,82.49251556396484,41686400
2025-09-02,81.87864685058594,82.07944611986066,81.73522401193232,81.87864685058594,48760600
2025-09-03,82.1654965078223,83.00694199828918,82.12724799073398,82.77745819091797,52499500
2025-09-04,83.207747523485,83.41811073577297,82.78702839406832,83.40855407714844,40501600
2025-09-05,84.35518111618366,84.72809506646452,84.27868407634162,84.68028259277344,69668000
2025-09-08,85.26355749272102,85.82771402763807,85.2157523154576,85.80858612060547,54538700
2025-09-09,85.48349649624915,85.6269266382295,85.09145459451348,85.3209457397461,37126400
2025-09-10,85.48348465264168,86.12413093021199,85.28268539975363,85.80858612060547,40713600
2025-09-11,85.97113856375341,86.51616715622451,85.96157461085853,86.38229370117188,46694400
2025-09-12,85.89464589533914,86.03807601541597,85.56953713682108,86.00938415527344,32968600
2025-09-15,86.2006182375047,86.49703510661843,86.12412120832754,86.2101821899414,24820100
2025-09-16,86.14324924323809,86.53529108019477,86.09544406725041,86.39186096191406,26794200
2025-09-17,86.73610826470856,87.05165313114888,85.93291110848998,86.17195892333984,49121800
2025-09-18,85.34960213886058,85.55040135329384,85.00537282978708,85.28266906738281,55717900
2025-09-19,85.16794492156257,85.32093900631017,84.90021256841374,85.12013244628906,32509200
2025-09-22,84.92890114759463,85.01496214812059,84.661168781798,84.81415557861328,24758200
2025-09-23,85.07231702074338,85.44523093845555,84.86195382712964,85.406982421875,26689000
2025-09-24,85.17749630338365,85.25399333446643,84.81413905331964,85.08187866210938,28098000
2025-09-25,84.95756916281024,85.12968383516731,84.58465525522969,85.08187866210938,29882500
2025-09-26,85.09143240880012,85.5504072844377,84.80457949479002,85.00537872314453,30955100
2025-09-29,85.37831340957932,85.80859653295752,85.34962884070876,85.70341491699219,32286200
2025-09-30,85.7320997684637,86.09544976970331,85.30180938512166,85.45480346679688,38584000
2025-10-01,85.8290259222367,86.01133699015301,85.48359827805506,85.67550659179688,39408900
2025-10-02,85.69468258772089,86.0593046760043,85.57954493504418,85.92497253417969,23208300
2025-10-03,86.00172066886842,86.0880812210356,85.65629310130373,85.7618408203125,25884500
2025-10-06,85.11897095154042,85.55075910357778,85.06140212615647,85.0805892944336,28371000
2025-10-07,85.36842524533857,85.76182431456954,85.21489865794558,85.5699234008789,29103300
2025-10-08,85.9729534991246,85.99214799036741,85.52197812211371,85.63712310791016,22506200
2025-10-09,85.56032615902919,85.67547109957394,85.40680689218681,85.5699234008789,21578700
2025-10-10,86.33755310782675,87.04759536698785,86.2607898039846,86.95164489746094,59389400
2025-10-13,86.62540976178485,86.91326850834774,86.22241337303845,86.90367126464844,28035500
2025-10-14,86.98043996452388,87.23950699604683,86.76934451336686,87.18193817138672,29800000
2025-10-15,87.27789510527106,87.60413555042027,86.8077325878312,86.99004364013672,31333900
2025-10-16,86.85569618581204,87.79602845478611,86.78853011806763,87.64250183105469,39631200
2025-10-17,87.55613471520189,87.59451636505004,87.22030442971956,87.5081558227539,40240400
2025-10-20,87.75764884141701,87.85359932320623,87.58493504597541,87.84400939941406,28429300
2025-10-21,88.26619010948343,88.45809838736592,88.18943411888272,88.27578735351562,24514300
2025-10-22,88.2661850719664,88.44849609541187,88.10306853548987,88.3333511352539,30496200
2025-10-23,87.90156508798988,88.0742788576204,87.59451919981913,87.72885131835938,28275100
2025-10-24,87.88238007677302,87.89197732071811,87.46979375431235,87.76724243164062,28266000
2025-10-27,87.62330399815963,88.0742792497891,87.40261133354575,88.06468200683594,30033600
2025-10-28,88.13185873357227,88.44850190438872,88.09347707766553,88.29497528076172,23564500
2025-10-29,88.16063961072726,88.17023685445726,87.33545234319729,87.40261840820312,39551600
2025-10-30,86.73094933213096,87.28747228557074,86.69256768149188,86.8940658569336,42649200
2025-10-31,86.8940767893437,86.99003458828983,86.54864921068393,86.635009765625,38247300
2025-11-03,86.30278899780778,86.49538321668054,86.11018743193654,86.41834259033203,40752300
2025-11-04,86.45685778230879,86.72649261155844,86.41833747141625,86.6109390258789,26383800
2025-11-05,86.19685855361564,86.23537886615544,85.5901728148618,85.6672134399414,44643400
2025-11-06,86.24499763238612,86.52426436926474,86.21610923667417,86.4375991821289,33027400
2025-11-07,86.05240492199188,86.54352969860588,86.05240492199188,86.25463104248047,28530100
2025-11-10,86.17759793561567,86.35093567500572,86.08130082417645,86.23538208007812,24093500
2025-11-11,86.62056370319091,86.73612463601505,86.45685789193863,86.63019561767578,18942300
2025-11-12,86.62056570759022,86.97687308179434,86.55315699863249,86.7842788696289,23594900
2025-11-13,86.47611483260548,86.6109322366623,86.0716552734375,86.0716552734375,33825900
2025-11-14,86.4664809081567,86.51462578163027,85.58053588867188,85.58053588867188,38550500
2025-11-17,85.78278723487051,85.99464531209395,85.686490112587,85.79241180419922,25605800
2025-11-18,86.04278607123146,86.13908318889445,85.51314825058542,85.76351928710938,31967400
2025-11-19,85.92721504855818,86.00424831887192,85.56127578982795,85.59016418457031,25782400
2025-11-20,85.69610133169205,86.11018550530235,85.69610133169205,85.9272232055664,32945000
2025-11-21,86.33166703271651,86.35092351349284,85.89831907177401,86.18721771240234,41938600
2025-11-24,86.62056821303743,86.73612915187817,86.45686239326189,86.67835235595703,30865700
2025-11-25,86.96724238910414,87.23687722872381,86.7939046569203,86.89983367919922,36503300
2025-11-26,86.81315800851621,87.28501892089844,86.50500289371594,87.28501892089844,34099000
2025-11-28,87.1116799422436,87.17908864303175,86.62055520964567,86.87093353271484,40704300
2025-12-01,85.86682073931121,86.0021195879438,85.73152189067864,85.78950500488281,47086600
2025-12-02,85.60588962632194,85.97312830618162,85.48991602430792,85.82816314697266,27605700
2025-12-03,85.934471961525,86.16641916966297,85.76051524203875,86.06977081298828,23278600
2025-12-04,85.92481023761941,85.94413548438692,85.50924738639333,85.60588836669922,25541500
2025-12-05,85.57690949323282,85.57690949323282,85.09369714685259,85.20966339111328,32808100
2025-12-08,85.22898658903848,85.23864552616858,84.620134381058,84.92938995361328,32255200
2025-12-09,85.37393739995102,85.38360370952545,84.89072514650353,85.01636505126953,25771800
2025-12-10,85.04536617293456,85.5479037288241,84.91006731660913,85.34495544433594,46833500
2025-12-11,85.71219327942615,85.84749212274816,85.19998946210225,85.2289810180664,26778700
2025-12-12,84.4461743461986,84.56214794631785,84.26255869588583,84.40751647949219,47030100
2025-12-15,84.77476306972272,84.92938716430488,84.45584119727714,84.46550750732422,28611800
2025-12-16,84.26256200314889,84.968047821837,84.24322938241981,84.92938995361328,41018700
2025-12-17,84.68779113075513,85.03570460162094,84.63947432122299,84.85208892822266,24668300
2025-12-18,85.17098305440173,85.4125891638672,85.11299994756469,85.25796508789062,39048900
2025-12-19,84.99796707231695,85.14349640308546,84.80393289924511,84.93975830078125,37858100
2025-12-22,84.8136180044192,84.85242631419297,84.64868823932684,84.75540924072266,25547100
2025-12-23,84.47407045413208,84.96886724451558,84.43526213705007,84.89125061035156,33624100
2025-12-24,85.14349441645172,85.45395352728033,85.03677340317353,85.40544128417969,25942000
2025-12-26,85.47335954971977,85.54127225332599,84.98826669483834,85.12409210205078,26522700
2025-12-29,85.32783468758302,85.44425964355469,85.17260881488406,85.44425964355469,29399800
2025-12-30,85.12409171326323,85.41515038563455,85.0561790099672,85.24051666259766,25106800
2025-12-31,85.06588707222572,85.28903305214186,84.53228194759792,84.56139373779297,36500000
2026-01-02,84.79422831755072,84.80393224670843,84.42555302885012,84.43525695800781,40731300
2026-01-05,84.58078146548208,84.91064101874574,84.51286876910845,84.85243225097656,30178000
2026-01-06,84.55168918674588,84.73601944504816,84.30914275041094,84.67781066894531,39015200
2026-01-07,85.22110463421639,85.38604182152014,84.87184460715866,85.17259979248047,39930900
2026-01-08,84.72631182475564,84.93975384509568,84.64869519882674,84.74571228027344,28204900
2026-01-09,84.69721159846446,85.37633860385985,84.52257788251578,85.30842590332031,57348800
2026-01-12,84.89124544581615,85.28902512025971,84.80393228914076,85.0561752319336,36103100
2026-01-13,85.2599070700639,85.28901885541318,84.93004752205863,85.20169830322266,30451400
2026-01-14,85.28903407050387,85.79352741096034,85.2696262101421,85.6965103149414,39233500
2026-01-15,85.99725655101876,86.01666440935344,85.67709350585938,85.67709350585938,37988900
2026-01-16,85.50246002643789,85.68679767148001,85.09498382343561,85.18230438232422,46382400
2026-01-20,84.04718912472093,84.43526490633934,83.95987595986998,84.06659698486328,66009500
2026-01-21,84.21211222845442,84.8718387261678,84.0374785260618,84.70690155029297,51220100
2026-01-22,84.66810080168611,85.14349711295537,84.54197932833083,85.0755844116211,42419300
2026-01-23,85.21140881711086,85.40544298952976,84.89124577088337,85.30842590332031,35968800
2026-01-26,85.76442411482678,85.85173728177705,85.5703825183872,85.71591186523438,38882400
2026-01-27,85.48305956997886,85.61888497097962,85.06587943778247,85.18230438232422,35180100
2026-01-28,84.90095283098134,85.0852830809981,84.6875107922919,84.98826599121094,38750300
2026-01-29,84.55167911122288,85.1240850798368,84.48376641321904,85.0076675415039,43855000
2026-01-30,84.77482640069876,84.94946012813061,84.53227996826172,84.53227996826172,45832200
2026-02-02,84.7484813998865,84.78743815668176,84.29075622558594,84.29075622558594,38171400
2026-02-03,84.23232114221797,84.5147520689329,84.1738897195328,84.49527740478516,27438200
2026-02-04,84.36866825444872,84.51475424516528,84.20310759908294,84.28102111816406,37872900
2026-02-05,84.66084126437059,85.19648742675781,84.48553955942951,85.19648742675781,50268900
2026-02-06,85.16726638971386,85.25492095947266,84.92379220628959,85.25492095947266,33461800
2026-02-09,84.9237812391184,85.29386670548512,84.7582205990288,85.23542785644531,24708900
2026-02-10,85.93664711491664,86.21907806396484,85.91717244922894,86.21907806396484,37253700
2026-02-11,85.74186261643018,86.17037952340007,85.64447443673025,85.76133728027344,37014000
2026-02-12,86.05350983959839,86.94949298736755,86.04376879248906,86.90080261230469,48454900
2026-02-13,87.29035142187335,87.46565311077572,87.18322219919737,87.37800598144531,56785200
2026-02-17,87.58251741410848,87.76756013707875,87.41695678315669,87.52408599853516,32356700
2026-02-18,87.34879731424094,87.51435796981899,87.13453885161421,87.1929702758789,35415400
2026-02-19,87.06636592813344,87.37801257299833,87.03715021615268,87.28062438964844,28658600
2026-02-20,87.35852670087951,87.39748345858342,86.60862954824395,87.07610321044922,49610800
2026-02-23,87.212448513615,87.65069903670178,87.1929664195603,87.3974838256836,33614600
2026-02-24,87.60199695186407,87.69939255689543,87.41696164883568,87.55330657958984,24933900
2026-02-25,87.36826553282498,87.72860995976912,87.36826553282498,87.56304931640625,23625800
2026-02-26,87.70913310041142,87.96234831905711,87.6993994833327,87.91365051269531,29447100
2026-02-27,88.32268353358509,88.48824416951898,88.18633860631702,88.44928741455078,51272000
2026-03-02,87.92261595912261,87.9323819421572,87.31678953827782,87.56107330322266,55465500
2026-03-03,86.94548505515549,87.6197032092642,86.9063987563022,87.38519287109375,51850400
2026-03-04,87.22883895430155,87.39495757155632,87.06272779199529,87.11158752441406,47069500
2026-03-05,86.60348146535434,86.90639841654573,86.48623002420211,86.75982666015625,45768900
2026-03-06,86.30056436497499,86.90639075902783,86.00742087802554,86.43736267089844,58136900
2026-03-09,86.28103001318931,87.27770450845722,86.19308397995889,87.18976593017578,52478700
2026-03-10,86.76959664671278,86.91616094232246,86.25170880074592,86.26148223876953,48651500
2026-03-11,85.74361318374093,85.80223890973559,85.08893439363425,85.1475601196289,54679900
2026-03-12,84.92281958899818,85.25504196210795,84.79578724814478,84.9814453125,48977000
2026-03-13,84.94236142034138,85.1573323525429,84.4928801325336,84.561279296875,43460000
2026-03-16,85.18664477916951,85.34298253045702,84.97167384806815,85.21595764160156,37341500
2026-03-17,85.36253138137478,85.56772887809083,85.32344507891221,85.45046997070312,19578100
2026-03-18,85.36252761051534,85.4797865127232,84.94235919629091,84.97167205810547,37596600
2026-03-19,85.06938693059503,85.72407317115406,84.98144834220716,85.48955535888672,60307400
2026-03-20,84.82509616364908,84.87395590092726,83.7991087753504,83.86750793457031,78948500
2026-03-23,84.20949827537953,84.73715209301443,83.97498795252471,84.4146957397461,69686700
2026-03-24,83.76001830548519,84.31698498995446,83.60367311793998,84.04338836669922,51799400
2026-03-25,84.76647730527384,84.89350219555168,84.50265408548147,84.85441589355469,37861000
2026-03-26,84.36584255434265,84.62967321111374,83.96522103232451,84.14110565185547,39537000
2026-03-27,83.54504830554211,84.13132785529297,83.49618857016748,83.68184661865234,39928900
2026-03-30,84.64921985470522,84.96190282110743,84.51242152283862,84.79579162597656,36473200
2026-03-31,84.9423579412159,85.16710230338947,84.59058869473958,84.70784759521484,47112200
2026-04-01,84.6440758071416,85.06592303643394,84.5950283293901,84.62445831298828,31157600
2026-04-02,84.57540453966735,85.20326914771147,84.51654457164338,85.1444091796875,33310600
2026-04-06,84.8598997973918,85.20326205685026,84.75198487517117,85.0070571899414,14660300
2026-04-07,84.87951837608124,85.03648825940522,84.28109127893256,84.99724578857422,22747200
2026-04-08,85.70359419816262,85.7134066869289,85.08554213113354,85.27193450927734,22244900
2026-04-09,85.04630156313313,85.47795377693777,84.75198677144881,85.05610656738281,18909100
2026-04-10,84.95801259163106,85.03649754186034,84.69313524052824,84.85009765625,13247700
2026-04-13,84.80103616883994,85.15421090179903,84.61463631401831,85.10515594482422,12719700
2026-04-14,85.0561100880633,85.58587224418159,84.98743763179259,85.55644226074219,16606900
2026-04-15,85.37003953957534,85.419094500163,85.08554471932253,85.18364715576172,15119600
2026-04-16,85.2719380683291,85.320993029472,84.56558854239395,84.64407348632812,20001000
2026-04-17,85.39948040621634,85.55644281381993,85.24251051387633,85.41909790039062,29604100
2026-04-20,85.45834269590966,85.47796019061708,85.06592543913163,85.39948272705078,14623500
2026-04-21,85.32099083323192,85.43871076136675,84.88933113744149,84.92857360839844,19798700
2026-04-22,85.39947946472336,85.5073943933333,85.06592218954637,85.09535217285156,13676800
2026-04-23,85.18364825452593,85.38966561912645,84.60483114801727,84.9089584350586,21106700
2026-04-24,84.82065814039422,85.17383289200542,84.61464078274368,85.06591796875,22285700
2026-04-27,84.85009085060318,84.97763075568027,84.55578353795434,84.64407348632812,19250100
2026-04-28,84.48711624739937,84.73237609863281,84.31052885512183,84.73237609863281,14553600
2026-04-29,84.35956790998041,84.35956790998041,83.92791570453734,84.07506561279297,29020800
2026-04-30,84.26146698498339,84.27127947395478,83.77094732271908,83.99658966064453,28516200
2026-05-01,84.18859210802816,84.68092305602833,84.03104259872855,84.29690551757812,21281000
2026-05-04,84.04089315719138,84.05074187983129,83.45994623179882,83.65687561035156,27226000
2026-05-05,83.8439629211189,84.17874436370941,83.78487809825798,84.11966705322266,18226500
2026-05-06,84.73016593258106,84.84832056163181,84.60215506794316,84.75970458984375,22530700
2026-05-07,84.95663039500779,84.96647911780467,84.28705997993293,84.33629608154297,21178300
2026-05-08,84.74000714341884,84.95663397984478,84.671081105681,84.75970458984375,30797600
2026-05-11,84.56276455442031,84.60215193343616,84.17874699948385,84.24767303466797,17713700
2026-05-12,83.88334587510889,83.8931870847549,83.61748296719108,83.68640899658203,27680600
2026-05-13,83.63718831448395,83.7455017298153,83.29255062258903,83.49933624267578,26295100
2026-05-14,83.95227399202021,84.07042860970053,83.60764383649601,83.61748504638672,25247200
2026-05-15,82.5836015360249,82.68206622984373,82.30788987600774,82.37682342529297,50796000
2026-05-18,82.41620290324762,82.63282973604959,82.04203406355533,82.27835083007812,26166200
2026-05-19,81.68755049745039,81.95341341794924,81.50046233209001,81.74662780761719,35346600
2026-05-20,81.78601719260884,82.711601807269,81.766327259528,82.62298583984375,44498000
2026-05-21,82.33743462057967,82.96761766496546,82.05188175478385,82.92823028564453,24887000
2026-05-22,83.31225376895011,83.38117980957031,82.84946141948234,83.38117980957031,27987700
2026-05-26,84.03104025572841,84.0704276319551,83.59779414198265,83.79472351074219,22531200
2026-05-27,83.94242497300196,84.1689005100452,83.84396028782513,83.99166107177734,23589600
2026-05-28,84.05074267130016,84.53322491195966,83.96211919145492,84.42491149902344,25417300
2026-05-29,84.49383918558036,84.64153997996098,84.23783248852003,84.44461059570312,33118600
2026-06-01,83.95627201916278,84.55927893062525,83.82776519318273,84.49008178710938,26322400
2026-06-02,84.8162962677079,84.83606364698943,84.51973278502646,84.66801452636719,20319000
2026-06-03,84.31214942790987,84.45054372188514,84.12432536811912,84.33191680908203,15372000
2026-06-04,84.62846905103345,84.72732102757793,84.44064501625327,84.51972961425781,15866500
2026-06-05,84.01558068934911,84.37145386369237,83.94638354666697,84.08477783203125,26461200
2026-06-08,84.25284062724826,84.35169261799392,83.64983367919922,83.64983367919922,22922700
2026-06-09,83.99581462589082,84.20340605719086,83.80799057484282,84.14409637451172,22617700
2026-06-10,84.14409126353056,84.32202784268301,83.72890088422646,83.9068374633789,21258300
2026-06-11,84.19352135510593,85.05354949175162,84.06501452444896,84.9942398071289,35190500
2026-06-12,84.65813714649501,84.84596121068672,84.43077831903263,84.7866439819336,23092600
2026-06-15,84.97446705062256,85.12274880788287,84.68779099776556,84.73722076416016,17632700
2026-06-16,84.97446165065612,85.38964451106213,84.94480680947326,85.20182800292969,26472500
2026-06-17,85.34022521972656,85.59723888008408,84.9448097258923,85.34022521972656,34507500
2026-06-18,86.07174013163397,86.18047958244006,85.6565572514235,85.75540924072266,32350900
2026-06-22,85.31057292343714,85.34022776652313,84.98435456564432,85.10297393798828,28595100
2026-06-23,85.13263100619812,85.43907442151294,85.1128560840935,85.21170806884766,19145500
2026-06-24,86.15082264186054,86.46715352506844,86.12116779998529,86.37818145751953,41837000
2026-06-25,86.5759000064239,86.78349145833796,86.28922394180243,86.3485336303711,28380000
2026-06-26,86.01243557155901,86.36830878777967,86.00254810946294,86.3584213256836,21650800
2026-06-29,86.35841553878625,86.53635213497299,86.29910585403175,86.44738006591797,19457200
2026-06-30,86.15081775297436,86.18047259316675,85.3896416590635,85.42918395996094,31079500
2026-07-01,84.81204957418407,85.11962476457738,84.76243725389864,84.85173034667969,28109800
2026-07-02,84.71282313170154,85.1096989762113,84.70290672367722,84.84181213378906,20816300
2026-07-06,84.7624395814691,84.81205190311688,84.51439311278516,84.78227996826172,17940900
2026-07-07,84.45486603037747,84.50447078321558,83.87939639505649,83.88932037353516,24816400
2026-07-08,83.65119333964915,83.79009876427303,83.40314685713825,83.7008056640625,25806600
2026-07-09,83.62143006834253,84.01830595951459,83.60158968018403,83.82978820800781,18625300
2026-07-10,83.84963249719051,83.96868996048829,83.62142640957364,83.80994415283203,14454100
2026-07-13,83.53213250981837,83.62142560643409,83.27416205885474,83.31385040283203,18742500
2026-07-14,83.52221360207407,83.83971280339047,83.38330817460928,83.4229965209961,23793500
2026-07-15,83.42299551914508,83.75041869557056,83.42299551914508,83.58174133300781,17837800
2026-07-16,83.18485993751105,83.56189541381202,83.13525518574025,83.55197143554688,20817800
2026-07-17,83.95877512371707,84.15720927944716,83.82978610969249,83.85955047607422,22065600
2026-07-20,83.65119044156344,83.6809548072691,83.16502147222315,83.2344741821289,24289000
2026-07-21,83.0856481135025,83.11541248040098,82.77807289584766,83.00627899169922,14287500
2026-07-22,82.9566641719693,83.0459572699791,82.72845808298138,82.78799438476562,15988400
2026-07-23,82.34150206832763,82.59947251042036,82.31173770381257,82.52009582519531,29152800
2026-07-24,82.65900077459378,83.00627187805603,82.57963165959242,82.59947204589844,15106000
2026-07-27,83.07572540939549,83.21463082424823,82.867359717339,83.09556579589844,23816200
2026-07-28,83.20471340152808,83.68095841289427,83.19478942260605,83.58174133300781,25366900
2026-07-29,83.44283092068702,83.4924432425544,82.05376917595268,82.20259857177734,41445200
2026-07-30,82.16290865689697,82.25220932059493,81.87517384907947,82.15299224853516,40407300
2026-07-31,81.80571868405663,81.80571868405663,81.25009704139197,81.60728454589844,50359800
2026-08-03,81.92606342512069,82.03564413055058,81.69694565941883,81.87625885009766,32050800
2026-08-04,82.334503605333,82.52377315458612,82.25480716339956,82.50385284423828,38408600
2026-08-05,82.63335432734968,82.83259543330487,82.48393299822213,82.68316650390625,29465800
2026-08-06,82.45403988011925,82.6034688072489,82.08545714017319,82.20499420166016,27566600
2026-08-07,82.48393238837689,82.53373696429415,82.16515422147654,82.44408416748047,96130000
2026-08-10,82.08545594785514,82.13526052266096,81.71686561299202,81.74674987792969,36743600
2026-08-11,81.95594769018868,82.14522483598046,81.80652636484872,81.87625885009766,23268500
2026-08-12,82.13526066506606,82.16515253032638,81.73679366484527,81.79656219482422,21444600
2026-08-13,82.27472686767578,82.68316542937262,82.17511011612832,82.27472686767578,26921500
2026-08-14,81.916106673684,82.04560768844193,81.50766811900989,81.7268295288086,31374800
2026-08-17,81.45786179744361,81.54752219892728,80.99961863505868,81.03946685791016,31557700
2026-08-18,80.94981485756045,81.43794229184535,80.86015445518974,81.3482894897461,25037100
2026-08-19,82.4938893918799,82.74293507423701,82.29465588610266,82.70308685302734,51309500
2026-08-20,82.04560845230715,82.45403941051302,81.83641099562549,82.02568054199219,39569900
2026-08-21,81.85633057780964,81.95594732768596,81.58736459311652,81.7367935180664,24269100
2026-08-24,82.1751100432484,82.56362069412862,82.13526182261056,82.24484252929688,29038500
2026-08-25,82.79274842120893,83.16133877240557,82.6532834451391,83.15137481689453,35015100
2026-08-26,82.95213328010546,82.98202514648438,82.75289977253955,82.98202514648438,20658800
2026-08-27,82.88240033396916,83.0318292639526,82.68316682750529,82.81266784667969,17361900
2026-08-28,82.72301440514374,83.28087429911845,82.46400476853933,82.5636215209961,35804300
2026-08-31,82.1551896261309,82.21495815687439,81.83641146171409,82.20499420166016,37317400
2026-09-01,81.88999938964844,82.3499984741211,81.77999877929688,81.87000274658203,25623900
2026-09-02,81.9800033569336,82.05000305175781,81.75,81.94999694824219,21454300
2026-09-03,82.36000061035156,82.43000030517578,82.05999755859375,82.06999969482422,18033000
2026-09-04,82.29000091552734,82.5,82.18000030517578,82.20999908447266,16591900
2026-09-08,82.44000244140625,82.45999908447266,81.93000030517578,82.19999694824219,16094300
2026-09-09,82.19000244140625,82.30999755859375,81.36000061035156,81.7300033569336,40675400
2026-09-10,81.0,81.36000061035156,80.66999816894531,80.77999877929688,60481500
2026-09-11,81.30000305175781,81.4800033569336,80.80999755859375,80.87000274658203,32431000
2026-09-14,80.81999969482422,81.36000061035156,80.45999908447266,80.93000030517578,33740100
2026-09-15,80.62999725341797,80.8499984741211,80.51000213623047,80.70999908447266,35033000
2026-09-16,80.94000244140625,81.55999755859375,80.86000061035156,80.87999725341797,56481700
2026-09-17,81.54000091552734,81.79000091552734,81.41999816894531,81.77999877929688,41622600
2026-09-18,81.47000122070312,81.47000122070312,81.08999633789062,81.25,41105000
2026-09-21,81.72000122070312,81.81999969482422,81.54000091552734,81.80000305175781,26972500
2026-09-22,81.88999938964844,81.94000244140625,81.54000091552734,81.75,22769300
2026-09-23,81.4800033569336,81.51000213623047,80.2300033569336,80.45999908447266,53502400
2026-09-24,80.3499984741211,80.55000305175781,79.41999816894531,79.41999816894531,59160600
2026-09-25,79.37000274658203,79.45999908447266,78.83000183105469,79.31999969482422,62576700
2026-09-28,78.6500015258789,78.87000274658203,78.2699966430664,78.62000274658203,63463400
2026-09-29,78.5199966430664,78.5199966430664,77.83999633789062,78.2300033569336,76018400
2026-09-30,78.16000366210938,78.20999908447266,77.55000305175781,77.77999877929688,73132600
2026-10-01,76.94200134277344,78.05000305175781,76.76000213623047,77.70999908447266,82754158
